objetivo,etapa,horas_etapa,horas_validas,ejemplos,meses_con_ejemplos,racha_max_sin_dato_h,base_14d,base_historico_hora,base_historico_global,canal_inactivo,cumple_minimo,clasificacion,motivo
ACO,ajuste_inicial,17544,6614,6613,10,10320,6590,0,23,False,True,principal,
ACO,validacion,8760,6799,6799,12,681,6751,48,0,False,True,principal,
ACO,calibracion,8760,6745,6745,11,1029,6734,11,0,False,True,principal,
ACO,prueba_2024,8784,0,0,0,8784,0,0,0,False,False,principal,
ACO,prueba_2025,8760,5710,5710,9,1668,5686,24,0,False,True,principal,
ACO,prueba_2026_parcial,5088,3922,3922,7,278,3898,24,0,False,True,principal,
AJM,ajuste_inicial,17544,2490,2489,4,14215,2442,24,23,False,False,baja_representatividad,"ajuste_inicial: 2489 ejemplos, 4 meses"
AJM,validacion,8760,4679,4679,8,3164,4631,48,0,False,True,baja_representatividad,"ajuste_inicial: 2489 ejemplos, 4 meses"
AJM,calibracion,8760,6931,6931,11,1476,6907,24,0,False,True,baja_representatividad,"ajuste_inicial: 2489 ejemplos, 4 meses"
AJM,prueba_2024,8784,8051,8051,12,126,8051,0,0,False,True,baja_representatividad,"ajuste_inicial: 2489 ejemplos, 4 meses"
AJM,prueba_2025,8760,7765,7765,12,504,7741,24,0,False,True,baja_representatividad,"ajuste_inicial: 2489 ejemplos, 4 meses"
AJM,prueba_2026_parcial,5088,4092,4092,7,702,4068,24,0,False,True,baja_representatividad,"ajuste_inicial: 2489 ejemplos, 4 meses"
AJU,ajuste_inicial,17544,9850,9849,17,3848,9754,72,23,False,True,principal,
AJU,validacion,8760,5166,5166,9,2460,5142,24,0,False,True,principal,
AJU,calibracion,8760,8213,8213,12,194,8213,0,0,False,True,principal,
AJU,prueba_2024,8784,8204,8204,12,61,8204,0,0,False,True,principal,
AJU,prueba_2025,8760,2422,2422,4,6255,2422,0,0,False,False,principal,
AJU,prueba_2026_parcial,5088,0,0,0,5088,0,0,0,False,False,principal,
ATI,ajuste_inicial,17544,15903,15880,24,681,15855,24,1,False,True,principal,
ATI,validacion,8760,7512,7512,12,840,7488,24,0,False,True,principal,
ATI,calibracion,8760,4992,4992,9,3065,4944,48,0,False,True,principal,
ATI,prueba_2024,8784,6858,6858,11,1239,6834,24,0,False,True,principal,
ATI,prueba_2025,8760,7585,7585,12,394,7561,24,0,False,True,principal,
ATI,prueba_2026_parcial,5088,4617,4617,7,240,4617,0,0,False,True,principal,
BJU,ajuste_inicial,17544,16257,16234,24,397,16209,24,1,False,True,principal,
BJU,validacion,8760,7583,7583,11,894,7559,24,0,False,True,principal,
BJU,calibracion,8760,8030,8030,12,480,8006,24,0,False,True,principal,
BJU,prueba_2024,8784,6361,6361,12,945,6337,24,0,False,True,principal,
BJU,prueba_2025,8760,4804,4804,9,1741,4732,72,0,False,True,principal,
BJU,prueba_2026_parcial,5088,4387,4387,7,494,4363,24,0,False,True,principal,
CAM,ajuste_inicial,17544,16609,16586,24,183,16585,0,1,False,True,principal,
CAM,validacion,8760,6586,6586,12,936,6538,48,0,False,True,principal,
CAM,calibracion,8760,6356,6356,11,1790,6332,24,0,False,True,principal,
CAM,prueba_2024,8784,6406,6406,10,1856,6382,24,0,False,True,principal,
CAM,prueba_2025,8760,7923,7923,12,464,7899,24,0,False,True,principal,
CAM,prueba_2026_parcial,5088,3342,3342,6,1592,3318,24,0,False,True,principal,
CCA,ajuste_inicial,17544,16207,16184,24,508,16159,24,1,False,True,principal,
CCA,validacion,8760,8342,8342,12,72,8342,0,0,False,True,principal,
CCA,calibracion,8760,8156,8156,12,375,8132,24,0,False,True,principal,
CCA,prueba_2024,8784,8166,8166,12,79,8166,0,0,False,True,principal,
CCA,prueba_2025,8760,8491,8491,12,17,8491,0,0,False,True,principal,
CCA,prueba_2026_parcial,5088,4727,4727,7,208,4727,0,0,False,True,principal,
CHO,ajuste_inicial,17544,6311,6310,10,10488,6287,0,23,False,True,principal,
CHO,validacion,8760,6779,6779,12,851,6746,33,0,False,True,principal,
CHO,calibracion,8760,7314,7314,12,420,7266,48,0,False,True,principal,
CHO,prueba_2024,8784,5201,5201,11,1214,5129,72,0,False,True,principal,
CHO,prueba_2025,8760,3008,3008,5,5152,2984,24,0,False,False,principal,
CHO,prueba_2026_parcial,5088,0,0,0,5088,0,0,0,False,False,principal,
CUA,ajuste_inicial,17544,10102,10079,16,6865,10054,24,1,False,True,principal,
CUA,validacion,8760,8149,8149,12,111,8149,0,0,False,True,principal,
CUA,calibracion,8760,8235,8235,12,168,8235,0,0,False,True,principal,
CUA,prueba_2024,8784,7673,7673,12,126,7673,0,0,False,True,principal,
CUA,prueba_2025,8760,4361,4361,8,3946,4337,24,0,False,True,principal,
CUA,prueba_2026_parcial,5088,3391,3391,6,1335,3367,24,0,False,True,principal,
CUT,ajuste_inicial,17544,14613,14590,24,1024,14517,72,1,False,True,principal,
CUT,validacion,8760,7731,7731,12,531,7707,24,0,False,True,principal,
CUT,calibracion,8760,7358,7358,12,752,7334,24,0,False,True,principal,
CUT,prueba_2024,8784,7223,7223,11,789,7199,24,0,False,True,principal,
CUT,prueba_2025,8760,8094,8094,12,181,8094,0,0,False,True,principal,
CUT,prueba_2026_parcial,5088,4685,4685,7,60,4685,0,0,False,True,principal,
FAC,ajuste_inicial,17544,16248,16225,24,519,16200,24,1,False,True,principal,
FAC,validacion,8760,7848,7848,12,228,7848,0,0,False,True,principal,
FAC,calibracion,8760,8179,8179,12,79,8179,0,0,False,True,principal,
FAC,prueba_2024,8784,7560,7560,12,515,7536,24,0,False,True,principal,
FAC,prueba_2025,8760,7567,7567,12,687,7543,24,0,False,True,principal,
FAC,prueba_2026_parcial,5088,4685,4685,7,147,4685,0,0,False,True,principal,
FAR,ajuste_inicial,17544,14550,14527,23,1558,14502,24,1,False,True,principal,
FAR,validacion,8760,8149,8149,12,135,8149,0,0,False,True,principal,
FAR,calibracion,8760,7742,7742,12,544,7718,24,0,False,True,principal,
FAR,prueba_2024,8784,6324,6324,10,1885,6300,24,0,False,True,principal,
FAR,prueba_2025,8760,6210,6210,10,1818,6191,19,0,False,True,principal,
FAR,prueba_2026_parcial,5088,0,0,0,5088,0,0,0,False,False,principal,
GAM,ajuste_inicial,17544,14973,14950,24,1343,14925,24,1,False,True,principal,
GAM,validacion,8760,8197,8197,12,188,8197,0,0,False,True,principal,
GAM,calibracion,8760,5668,5668,10,2760,5644,24,0,False,True,principal,
GAM,prueba_2024,8784,5250,5250,9,2569,5202,48,0,False,True,principal,
GAM,prueba_2025,8760,6420,6420,11,1139,6372,48,0,False,True,principal,
GAM,prueba_2026_parcial,5088,4805,4805,7,85,4805,0,0,False,True,principal,
HGM,ajuste_inicial,17544,4903,4902,8,12157,4879,0,23,False,True,fuera,sin ejemplos en validacion
HGM,validacion,8760,0,0,0,8760,0,0,0,False,False,fuera,sin ejemplos en validacion
HGM,calibracion,8760,4005,4005,7,4541,3957,48,0,False,True,fuera,sin ejemplos en validacion
HGM,prueba_2024,8784,6675,6675,12,763,6627,48,0,False,True,fuera,sin ejemplos en validacion
HGM,prueba_2025,8760,8164,8164,12,231,8164,0,0,False,True,fuera,sin ejemplos en validacion
HGM,prueba_2026_parcial,5088,4403,4403,7,506,4379,24,0,False,True,fuera,sin ejemplos en validacion
INN,ajuste_inicial,17544,16218,16195,24,518,16170,24,1,False,True,baja_representatividad,"calibracion: 2950 ejemplos, 5 meses"
INN,validacion,8760,7672,7672,12,651,7648,24,0,False,True,baja_representatividad,"calibracion: 2950 ejemplos, 5 meses"
INN,calibracion,8760,2950,2950,5,5673,2950,0,0,False,False,baja_representatividad,"calibracion: 2950 ejemplos, 5 meses"
INN,prueba_2024,8784,6725,6725,11,1356,6701,24,0,False,True,baja_representatividad,"calibracion: 2950 ejemplos, 5 meses"
INN,prueba_2025,8760,7606,7606,12,432,7582,24,0,False,True,baja_representatividad,"calibracion: 2950 ejemplos, 5 meses"
INN,prueba_2026_parcial,5088,4287,4287,7,300,4286,1,0,False,True,baja_representatividad,"calibracion: 2950 ejemplos, 5 meses"
IZT,ajuste_inicial,17544,9931,9916,16,6687,9859,48,9,False,True,principal,
IZT,validacion,8760,6326,6326,11,1262,6278,48,0,False,True,principal,
IZT,calibracion,8760,7570,7570,12,372,7546,24,0,False,True,principal,
IZT,prueba_2024,8784,8235,8235,12,72,8235,0,0,False,True,principal,
IZT,prueba_2025,8760,4662,4662,9,2512,4614,48,0,False,True,principal,
IZT,prueba_2026_parcial,5088,3116,3116,5,1656,3092,24,0,False,False,principal,
LLA,ajuste_inicial,17544,9430,9407,14,7537,9382,24,1,False,True,principal,
LLA,validacion,8760,7601,7601,12,840,7577,24,0,False,True,principal,
LLA,calibracion,8760,7148,7148,11,1140,7148,0,0,False,True,principal,
LLA,prueba_2024,8784,7061,7061,11,912,7037,24,0,False,True,principal,
LLA,prueba_2025,8760,7799,7799,12,427,7775,24,0,False,True,principal,
LLA,prueba_2026_parcial,5088,4668,4668,7,240,4668,0,0,False,True,principal,
LPR,ajuste_inicial,17544,13505,13482,20,3288,13457,24,1,False,True,principal,
LPR,validacion,8760,7958,7958,12,228,7958,0,0,False,True,principal,
LPR,calibracion,8760,8402,8402,12,15,8402,0,0,False,True,principal,
LPR,prueba_2024,8784,7437,7437,11,823,7413,24,0,False,True,principal,
LPR,prueba_2025,8760,7764,7764,12,725,7740,24,0,False,True,principal,
LPR,prueba_2026_parcial,5088,4572,4572,7,313,4571,1,0,False,True,principal,
MER,ajuste_inicial,17544,16675,16652,24,141,16651,0,1,False,True,principal,
MER,validacion,8760,7885,7885,12,157,7885,0,0,False,True,principal,
MER,calibracion,8760,7537,7537,12,360,7513,24,0,False,True,principal,
MER,prueba_2024,8784,7790,7790,12,199,7790,0,0,False,True,principal,
MER,prueba_2025,8760,7373,7373,11,1021,7349,24,0,False,True,principal,
MER,prueba_2026_parcial,5088,4704,4704,7,74,4704,0,0,False,True,principal,
MGH,ajuste_inicial,17544,16212,16189,24,685,16164,24,1,False,True,principal,
MGH,validacion,8760,8298,8298,12,76,8298,0,0,False,True,principal,
MGH,calibracion,8760,7835,7835,12,672,7811,24,0,False,True,principal,
MGH,prueba_2024,8784,8220,8220,12,97,8220,0,0,False,True,principal,
MGH,prueba_2025,8760,7918,7918,12,231,7918,0,0,False,True,principal,
MGH,prueba_2026_parcial,5088,4881,4881,7,25,4881,0,0,False,True,principal,
MON,ajuste_inicial,17544,13631,13608,23,1260,13535,72,1,False,True,principal,
MON,validacion,8760,6822,6822,12,802,6750,72,0,False,True,principal,
MON,calibracion,8760,7371,7371,11,949,7371,0,0,False,True,principal,
MON,prueba_2024,8784,6935,6935,11,897,6911,24,0,False,True,principal,
MON,prueba_2025,8760,5301,5301,9,2511,5277,24,0,False,True,principal,
MON,prueba_2026_parcial,5088,3907,3907,7,407,3846,61,0,False,True,principal,
MPA,ajuste_inicial,17544,11427,11404,18,2915,11355,48,1,False,True,principal,
MPA,validacion,8760,6245,6245,11,1359,6197,48,0,False,True,principal,
MPA,calibracion,8760,7490,7490,12,504,7466,24,0,False,True,principal,
MPA,prueba_2024,8784,5562,5562,10,1804,5514,48,0,False,True,principal,
MPA,prueba_2025,8760,5728,5728,11,1923,5680,48,0,False,True,principal,
MPA,prueba_2026_parcial,5088,2306,2306,4,2712,2282,24,0,False,False,principal,
NEZ,ajuste_inicial,17544,15401,15378,24,553,15329,48,1,False,True,principal,
NEZ,validacion,8760,7839,7839,12,265,7839,0,0,False,True,principal,
NEZ,calibracion,8760,7509,7509,12,944,7485,24,0,False,True,principal,
NEZ,prueba_2024,8784,7120,7120,11,803,7096,24,0,False,True,principal,
NEZ,prueba_2025,8760,6451,6451,11,1303,6403,48,0,False,True,principal,
NEZ,prueba_2026_parcial,5088,4316,4316,7,360,4292,24,0,False,True,principal,
PED,ajuste_inicial,17544,16237,16215,24,384,16189,24,2,False,True,principal,
PED,validacion,8760,6492,6492,11,2040,6468,24,0,False,True,principal,
PED,calibracion,8760,6738,6738,12,673,6714,24,0,False,True,principal,
PED,prueba_2024,8784,7722,7722,12,157,7722,0,0,False,True,principal,
PED,prueba_2025,8760,8157,8157,12,341,8133,24,0,False,True,principal,
PED,prueba_2026_parcial,5088,4743,4743,7,67,4743,0,0,False,True,principal,
SAC,ajuste_inicial,17544,15737,15714,24,437,15665,48,1,False,True,principal,
SAC,validacion,8760,7345,7345,12,495,7321,24,0,False,True,principal,
SAC,calibracion,8760,6360,6360,11,1859,6336,24,0,False,True,principal,
SAC,prueba_2024,8784,6935,6935,11,1480,6911,24,0,False,True,principal,
SAC,prueba_2025,8760,4866,4866,8,3733,4842,24,0,False,True,principal,
SAC,prueba_2026_parcial,5088,3629,3629,6,1115,3605,24,0,False,True,principal,
SAG,ajuste_inicial,17544,14547,14524,24,780,14451,72,1,False,True,principal,
SAG,validacion,8760,8341,8341,12,33,8341,0,0,False,True,principal,
SAG,calibracion,8760,6683,6683,12,1215,6635,48,0,False,True,principal,
SAG,prueba_2024,8784,6801,6801,12,969,6777,24,0,False,True,principal,
SAG,prueba_2025,8760,7865,7865,12,304,7864,1,0,False,True,principal,
SAG,prueba_2026_parcial,5088,3098,3098,5,1547,3098,0,0,False,False,principal,
TAH,ajuste_inicial,17544,14813,14790,23,1021,14741,48,1,False,True,principal,
TAH,validacion,8760,7577,7577,12,208,7577,0,0,False,True,principal,
TAH,calibracion,8760,5168,5168,9,3050,5144,24,0,False,True,principal,
TAH,prueba_2024,8784,5692,5692,10,1968,5667,25,0,False,True,principal,
TAH,prueba_2025,8760,5584,5584,9,2512,5584,0,0,False,True,principal,
TAH,prueba_2026_parcial,5088,3974,3974,6,888,3950,24,0,False,True,principal,
TLA,ajuste_inicial,17544,16606,16583,24,58,16582,0,1,False,True,principal,
TLA,validacion,8760,7638,7638,12,518,7614,24,0,False,True,principal,
TLA,calibracion,8760,6953,6953,11,1017,6913,40,0,False,True,principal,
TLA,prueba_2024,8784,7055,7055,12,1045,7031,24,0,False,True,principal,
TLA,prueba_2025,8760,8081,8081,12,134,8081,0,0,False,True,principal,
TLA,prueba_2026_parcial,5088,4233,4233,7,590,4209,24,0,False,True,principal,
TLI,ajuste_inicial,17544,7243,7220,12,9493,7195,24,1,False,True,baja_representatividad,"calibracion: 1509 ejemplos, 3 meses"
TLI,validacion,8760,4598,4598,7,3883,4598,0,0,False,True,baja_representatividad,"calibracion: 1509 ejemplos, 3 meses"
TLI,calibracion,8760,1509,1509,3,7200,1485,24,0,False,False,baja_representatividad,"calibracion: 1509 ejemplos, 3 meses"
TLI,prueba_2024,8784,7946,7946,12,252,7946,0,0,False,True,baja_representatividad,"calibracion: 1509 ejemplos, 3 meses"
TLI,prueba_2025,8760,7666,7666,12,576,7642,24,0,False,True,baja_representatividad,"calibracion: 1509 ejemplos, 3 meses"
TLI,prueba_2026_parcial,5088,4139,4139,7,415,4115,24,0,False,True,baja_representatividad,"calibracion: 1509 ejemplos, 3 meses"
UAX,ajuste_inicial,17544,16369,16346,24,348,16345,0,1,False,True,principal,
UAX,validacion,8760,7523,7523,12,556,7475,48,0,False,True,principal,
UAX,calibracion,8760,7189,7189,12,639,7165,24,0,False,True,principal,
UAX,prueba_2024,8784,6171,6171,10,1107,6099,72,0,False,True,principal,
UAX,prueba_2025,8760,6796,6796,12,882,6748,48,0,False,True,principal,
UAX,prueba_2026_parcial,5088,4679,4679,7,205,4679,0,0,False,True,principal,
UIZ,ajuste_inicial,17544,15073,15050,24,903,15001,48,1,False,True,principal,
UIZ,validacion,8760,7682,7682,12,514,7658,24,0,False,True,principal,
UIZ,calibracion,8760,6720,6720,12,807,6672,48,0,False,True,principal,
UIZ,prueba_2024,8784,7636,7636,12,143,7636,0,0,False,True,principal,
UIZ,prueba_2025,8760,7717,7717,12,195,7717,0,0,False,True,principal,
UIZ,prueba_2026_parcial,5088,4860,4860,7,49,4860,0,0,False,True,principal,
VIF,ajuste_inicial,17544,14192,14169,21,2307,14144,24,1,False,True,principal,
VIF,validacion,8760,8020,8020,12,216,8020,0,0,False,True,principal,
VIF,calibracion,8760,7607,7607,11,802,7607,0,0,False,True,principal,
VIF,prueba_2024,8784,6918,6918,11,970,6870,48,0,False,True,principal,
VIF,prueba_2025,8760,7653,7653,12,479,7629,24,0,False,True,principal,
VIF,prueba_2026_parcial,5088,4299,4299,7,361,4299,0,0,False,True,principal,
XAL,ajuste_inicial,17544,0,0,0,17544,0,0,0,True,False,fuera,"sin ejemplos en ajuste_inicial, validacion"
XAL,validacion,8760,0,0,0,8760,0,0,0,True,False,fuera,"sin ejemplos en ajuste_inicial, validacion"
XAL,calibracion,8760,5764,5763,12,859,5692,48,23,True,True,fuera,"sin ejemplos en ajuste_inicial, validacion"
XAL,prueba_2024,8784,5575,5575,11,1070,5503,72,0,True,True,fuera,"sin ejemplos en ajuste_inicial, validacion"
XAL,prueba_2025,8760,5312,5312,9,2128,5240,72,0,True,True,fuera,"sin ejemplos en ajuste_inicial, validacion"
XAL,prueba_2026_parcial,5088,3003,3003,5,1590,3003,0,0,True,False,fuera,"sin ejemplos en ajuste_inicial, validacion"
