anio,estacion,clasificacion,umbral_ppb,n,mae,sesgo,sigma,falsas_alarmas,fpr,mae_solo_perfil,sesgo_solo_perfil
2024,AJM,baja_representatividad,32.51351048729636,8051,13.491262859101647,2.158392075248195,16.999712876409408,438,0.05440317972922618,10.290578610517128,0.005033156371499438
2024,AJU,principal,24.02954672823895,8204,11.399669213971855,0.18031325406631898,15.055949880585416,851,0.10372988785958069,12.258958233921666,0.2886322911066941
2024,ATI,principal,20.30306910106113,6858,9.150395112185937,-1.3191343721685487,12.414042268042413,700,0.1020705745115194,9.66458294608469,0.12067682559689015
2024,BJU,principal,22.868881968657174,6361,9.366050820531086,0.10777851243643871,12.866248444261075,541,0.0850495205156422,10.562099840910399,0.008263365280634948
2024,CAM,principal,23.379856438863843,6406,7.913230587286545,-0.30224856451486015,11.442786411751511,399,0.06228535747736497,9.183407017806465,0.7031817437339725
2024,CCA,principal,24.155933690922595,8166,8.546033910354533,-0.15896373579791084,11.846332360234477,467,0.05718834190546167,10.406381311901152,0.10685164802541726
2024,CHO,principal,20.255601305672617,5201,9.430655248569424,-1.764157447821496,12.818786677343047,599,0.11517015958469524,10.153140621124551,-0.34141579126974747
2024,CUA,principal,25.927703285217277,7673,11.219391816295808,0.6380590924542597,14.943973049928527,663,0.0864068812719927,11.552905708913787,0.12571866568347734
2024,CUT,principal,21.236485336508068,7223,8.85931791849642,-1.198371238367166,12.136671113397028,581,0.0804374913470857,9.492008285476603,-0.06585035268217437
2024,FAC,principal,24.247722628364308,7560,8.177739645556764,-1.786066322462961,10.923432859581993,331,0.043783068783068785,9.151449057569925,0.10564239366827376
2024,FAR,principal,19.489208218291566,6324,8.47184786476703,0.2284800444694352,11.68317021365442,592,0.09361163820366857,9.51433967259656,0.6402051010226889
2024,GAM,principal,22.351638011137638,5250,9.534111118430712,-0.9168805141018019,12.930793365571015,463,0.0881904761904762,10.230452483291302,0.3476041399011542
2024,INN,baja_representatividad,18.886188501578093,6725,8.905683870965735,2.0194106025942697,11.57746143875138,642,0.09546468401486989,9.171865858111273,-0.12684788250581316
2024,IZT,principal,23.78656136648995,8235,8.330762933790183,1.4921853677597252,11.793593598201179,524,0.06363084395871281,9.53447741424062,0.047632788179236225
2024,LLA,principal,20.774089216268976,7061,8.091577318211685,-0.5078118475864523,11.217844009108084,535,0.07576830477269508,8.954654119466815,0.022355316127666065
2024,LPR,principal,21.79898773403394,7437,7.9718892850573,-1.2956100039993725,10.636384687367435,390,0.05244050020169423,8.99880786564921,-0.09556026534059048
2024,MER,principal,21.96339724404471,7790,7.540299475245596,1.0536947614996623,10.904724496140464,485,0.06225930680359435,9.139868097599162,-0.12161904883021692
2024,MGH,principal,22.432535816221442,8220,8.670127466021997,0.9686106269173588,12.22090384765793,609,0.07408759124087591,9.931253813772061,-0.011544527383943423
2024,MON,principal,23.94737229347229,6935,8.678721878456974,-0.5752353887707452,11.33435065615682,311,0.044844989185292,9.473891140901253,-0.19407060546369664
2024,MPA,principal,23.79131669998169,5562,10.085160719202504,1.0178368710171182,13.132555188230425,407,0.07317511686443726,11.183780584271831,0.43080793271470796
2024,NEZ,principal,21.61275918247934,7120,7.7766881619598855,-1.61473870418925,10.410281143086344,394,0.05533707865168539,9.634778060240901,0.011258190012830035
2024,PED,principal,25.15706460740831,7722,9.295351617689803,1.8236311639060636,12.51344645233103,421,0.05451955451955452,11.265497828094954,0.06530195070404884
2024,SAC,principal,25.79663830770479,6935,9.76135093709615,1.2740975921068123,12.782787970691691,373,0.053785147801009375,10.525725904771303,0.21867908054345775
2024,SAG,principal,20.100132870674123,6801,8.183775006080555,-0.5778233718154244,11.19593196015196,548,0.08057638582561388,7.959175414397633,0.0718294146016383
2024,TAH,principal,21.24020361219131,5692,8.3379606972041,-0.204229595652039,11.085362146462353,379,0.06658468025298665,8.250525497804436,-0.08936324035149254
2024,TLA,principal,25.0635529402848,7055,8.380823438288772,1.903373520083473,11.64173128078977,369,0.05230333097094259,9.21846193519155,0.02237244093445164
2024,TLI,baja_representatividad,21.16388045719691,7946,8.166377898756316,-1.7222995102540641,11.298937344765074,599,0.07538384092625221,8.573420925635876,-0.21742454974898973
2024,UAX,principal,25.97694353376116,6171,9.77984018455894,2.1892491245736325,13.390506221801086,461,0.07470426187003727,11.161050958913405,0.5637914477117071
2024,UIZ,principal,25.128122636250044,7636,8.370935612408596,0.35852520572073426,11.55395162221434,361,0.047276060764798324,9.602690710793775,0.22915179481771933
2024,VIF,principal,20.624618044921327,6918,8.176639827198352,-0.3112317528117893,11.191326122870585,477,0.06895056374674761,8.067026108686456,0.10843600549965289
2025,ACO,principal,20.60955509730747,5710,9.38494077581076,0.5869417593605475,12.45068811448536,564,0.09877408056042032,8.90356122064445,-0.28473924503935893
2025,AJM,baja_representatividad,32.51351048729636,7765,12.149384055325458,2.094465169582219,15.783020349431483,392,0.05048293625241468,12.767238240053711,0.7554864417179751
2025,AJU,principal,24.02954672823895,2422,8.750214563964258,-2.216700763472909,11.042497921404765,99,0.04087530966143683,10.013582962592046,-0.4799664277368654
2025,ATI,principal,20.30306910106113,7585,8.587270243699635,2.469694769425057,11.337837069589975,620,0.08174027686222808,9.994994370034933,0.18289889364329437
2025,BJU,principal,22.868881968657174,4804,9.917380349431989,2.7747912446480627,13.711004413801078,440,0.09159034138218151,11.911278883864679,-0.08435729851558797
2025,CAM,principal,23.379856438863843,7923,8.56826953993409,2.5086471037890887,12.077775520141515,581,0.07333080903698094,9.852932128921482,0.0838451450978508
2025,CCA,principal,24.155933690922595,8491,9.055830603625484,1.5784821195318266,12.762490163045385,585,0.06889647862442587,11.111966900919912,-0.009101937202278748
2025,CHO,principal,20.255601305672617,3008,9.599629259862065,-3.682155128221734,11.855610122331171,308,0.1023936170212766,10.853075809341675,0.08324304087068443
2025,CUA,principal,25.927703285217277,4361,11.229384268456666,-3.132697675243991,14.184886660671038,307,0.07039669800504471,12.670727810374341,-0.5074241536140366
2025,CUT,principal,21.236485336508068,8094,8.880707468214007,1.4848764232188323,11.715439591412855,601,0.07425253274030146,9.463686600992013,-0.3529055924719379
2025,FAC,principal,24.247722628364308,7567,9.141186203212184,-0.15258337417913545,12.576027811705744,481,0.06356548169684155,10.784434647977376,-0.05600637644331892
2025,FAR,principal,19.489208218291566,6210,8.670978273703742,1.4961587864830377,11.538826284824188,576,0.0927536231884058,9.624095599208845,-0.20590816007692464
2025,GAM,principal,22.351638011137638,6420,9.002315237370548,0.69957108254115,12.488940596286216,510,0.0794392523364486,10.772377361947965,-0.4695174173045491
2025,INN,baja_representatividad,18.886188501578093,7606,8.672150858855918,2.110229478966771,11.59964347731614,753,0.09900078885090718,9.22298376722451,-0.5988044407632205
2025,IZT,principal,23.78656136648995,4662,8.312360250232027,1.7706338855805428,11.502376123520465,253,0.054268554268554266,10.12463863633642,0.5575829077218285
2025,LLA,principal,20.774089216268976,7799,7.80762172333308,1.532305647096,10.778820473755692,549,0.07039364021028337,8.90573547680286,0.14399541222028633
2025,LPR,principal,21.79898773403394,7764,8.215736649838938,0.33378981793091694,11.141593727744862,474,0.061051004636785165,9.219692078401993,-0.07197383477206566
2025,MER,principal,21.96339724404471,7373,8.127839604749374,3.1109935354737197,11.614275437605453,601,0.08151363081513631,9.522277847892605,0.08788738831410936
2025,MGH,principal,22.432535816221442,7918,8.675261923157377,2.7354488768248615,12.144606167574615,623,0.07868148522354129,10.27252630406836,-0.08641771842706429
2025,MON,principal,23.94737229347229,5301,9.571844866383287,2.03427131182327,12.606636464879939,326,0.061497830598000375,10.246788109211277,-0.35269460053290147
2025,MPA,principal,23.79131669998169,5728,11.03787092478388,0.11784738233987294,14.626914099702601,536,0.0935754189944134,11.678903436065315,-0.13483284823141925
2025,NEZ,principal,21.61275918247934,6451,8.302254738987262,-0.5267481483854914,11.381075907734534,437,0.06774143543636646,9.980571990004634,-0.29844370427040984
2025,PED,principal,25.15706460740831,8157,9.942717873198204,2.896545363656445,13.077332861272241,521,0.06387152139266887,11.832940164141228,-0.26609327978197317
2025,SAC,principal,25.79663830770479,4866,8.979424570543504,2.1029279924355455,11.904384975254688,227,0.04665022605836416,11.024764640093363,0.07301066257569812
2025,SAG,principal,20.100132870674123,7865,8.2532576303109,2.631630509818756,11.226164255585164,703,0.08938334392879847,9.206317254829651,-0.15249426352414264
2025,TAH,principal,21.24020361219131,5584,8.15651485793779,0.31669774916298676,11.114383808545142,340,0.06088825214899714,9.735495362147404,0.004666837559924775
2025,TLA,principal,25.0635529402848,8081,8.15811219571336,1.5184371392643208,11.35420858975129,383,0.047395124365796314,9.582709577543138,-0.07645845334250227
2025,TLI,baja_representatividad,21.16388045719691,7666,8.85428399732779,0.17811887323824813,11.968079519950175,648,0.08452908948604226,9.8138823039943,-0.35225779179156574
2025,UAX,principal,25.97694353376116,6796,10.660019650883422,5.052994187210502,14.354415251482662,568,0.08357857563272514,11.291080576419048,-0.2042251487889495
2025,UIZ,principal,25.128122636250044,7717,9.221982734859425,1.6343052040677157,12.753734576895118,471,0.06103408060126992,10.496079569071016,0.049931017609519464
2025,VIF,principal,20.624618044921327,7653,7.928813749303493,1.7347946912114236,10.561872697050852,479,0.06258983405200574,8.770162977276534,-0.32513882208053024
2026,ACO,principal,20.60955509730747,3922,8.224841832994228,-0.0064584273915080734,11.031498115017854,246,0.06272310045894952,9.070801589975346,-0.23288499064616489
2026,AJM,baja_representatividad,32.51351048729636,4092,12.45892920887731,5.982074981389547,15.150999147575059,193,0.04716520039100684,13.466919737739879,1.1248250753578573
2026,ATI,principal,20.30306910106113,4617,8.940943159048,0.9808850995684465,11.958861164564905,420,0.09096816114359974,10.31710808804701,0.11765714671822557
2026,BJU,principal,22.868881968657174,4387,9.031517190455908,1.9040276860162126,12.364990126883376,348,0.07932527923410075,11.513504738830513,0.5423884707765891
2026,CAM,principal,23.379856438863843,3342,7.994032389642561,0.002031071451146262,11.089290239342763,189,0.05655296229802514,10.303867099216648,0.26658812991093966
2026,CCA,principal,24.155933690922595,4727,9.365906121013452,-0.23807064911262027,12.952531112475134,328,0.0693886185741485,12.031702765889355,0.18974427424818813
2026,CUA,principal,25.927703285217277,3391,10.928759805089246,0.8828348965247402,14.253688944067964,229,0.06753170156296077,12.192087083257825,-0.10134484285336005
2026,CUT,principal,21.236485336508068,4685,8.571163051871775,0.7725731932527593,11.246111788458382,295,0.06296691568836713,9.680424645910238,0.46431932824675626
2026,FAC,principal,24.247722628364308,4685,9.671199884904247,-0.7084292145289995,13.35395161004185,343,0.07321237993596585,11.251787308505557,0.17914643580065132
2026,GAM,principal,22.351638011137638,4805,7.852619585981224,-1.4406238034389254,10.44821202330547,219,0.045577523413111345,9.024606662270553,0.2056962675433019
2026,INN,baja_representatividad,18.886188501578093,4287,7.495406601062014,2.6595692569633336,10.091992098043274,324,0.07557732680195942,7.663171711484242,0.354042748627349
2026,IZT,principal,23.78656136648995,3116,9.013030057816941,-2.641461432261565,12.195880082262168,193,0.061938382541720155,11.208955023333312,-0.6947615033293001
2026,LLA,principal,20.774089216268976,4668,8.114818202443976,-0.3118891098326509,11.112723268229216,340,0.0728363324764353,9.45204337519569,0.5125097559062856
2026,LPR,principal,21.79898773403394,4572,8.538900063871074,0.18337322781733595,11.588466038533186,318,0.06955380577427822,10.429609815162049,0.24349346801341304
2026,MER,principal,21.96339724404471,4704,8.607880826360775,2.6781603507935454,12.018708408424057,387,0.08227040816326531,10.454852950101674,0.38636894921971476
2026,MGH,principal,22.432535816221442,4881,8.090232795892634,1.6437530074757234,11.251347312026603,301,0.06166769104691661,10.197909595128403,0.34378594669006474
2026,MON,principal,23.94737229347229,3907,9.82053550980252,4.01546315999391,12.538092308035518,315,0.08062452009214231,9.484634117494211,0.32234184876843036
2026,MPA,principal,23.79131669998169,2306,9.867453844929997,-2.765495580942658,12.613082099503403,147,0.06374674761491761,10.81625182307942,-0.9038910267468644
2026,NEZ,principal,21.61275918247934,4316,8.99559956306069,0.33761005861291893,12.181259526856449,351,0.08132530120481928,10.780315464174295,-0.0032055818137351273
2026,PED,principal,25.15706460740831,4743,9.830861009214379,4.016743215428853,12.462868306300345,269,0.05671515918195235,11.506042117158499,0.3373563390483063
2026,SAC,principal,25.79663830770479,3629,9.81748282523842,3.316514339812254,12.55830976439552,196,0.05400936897216864,11.333975344917176,0.08976608307215768
2026,SAG,principal,20.100132870674123,3098,8.42889803049111,4.082585872355531,10.822485526957037,287,0.09264041316978695,9.606282078691697,0.7413119903194142
2026,TAH,principal,21.24020361219131,3974,9.755538720437583,3.906043974158167,12.564868227215934,420,0.10568696527428284,10.680440371503432,0.012671076065472093
2026,TLA,principal,25.0635529402848,4233,8.609544534582358,1.2227263466014362,11.990715760649366,219,0.0517363571934798,9.971271523897368,-0.019374488037366105
2026,TLI,baja_representatividad,21.16388045719691,4139,8.249336095082082,-0.45139671271256404,10.952439698411332,251,0.06064266731094467,9.705210060536803,0.19261361363076868
2026,UAX,principal,25.97694353376116,4679,9.008731687411652,3.8696364582284684,11.792927022641175,228,0.048728360760846336,9.765046277367286,0.1790465821134769
2026,UIZ,principal,25.128122636250044,4860,8.196522719217885,0.6342829833333675,11.286528165413753,210,0.043209876543209874,9.906606012871444,0.3023879367089245
2026,VIF,principal,20.624618044921327,4299,6.761959748996909,-0.29871177335286564,8.917940061932468,123,0.028611304954640614,8.30104547567911,0.27207520839760907
