anio,bit,tipo_dano,n_dias,dias_vulnerables_observados,dias_vulnerables_evaluables,dias_dano_no_detectado,dias_con_dano_sin_evaluacion,pct_dias_vulnerables_evaluables,pct_dias_dano_no_detectado,ataques_daninos_evaluables,ataques_daninos_detectados,deteccion_dano_pct,dias_con_excedencia_original
2024,0,anulada_fase1,366,0,0,0,0,0.0,0.0,0,0,,17
2024,0,cambio_banda_local,366,336,335,331,122,91.53005464480874,90.43715846994536,3691,665,18.01679761582227,17
2024,0,cambio_banda_red,366,15,14,8,1,3.825136612021858,2.185792349726776,15,6,40.0,17
2024,0,falsa_fase1,366,0,0,0,0,0.0,0.0,0,0,,17
2024,1,anulada_fase1,366,0,0,0,0,0.0,0.0,0,0,,17
2024,1,cambio_banda_local,366,336,336,332,133,91.80327868852459,90.7103825136612,3829,684,17.863671977017496,17
2024,1,cambio_banda_red,366,20,20,14,0,5.46448087431694,3.825136612021858,25,7,28.0,17
2024,1,falsa_fase1,366,1,0,0,1,0.0,0.0,0,0,,17
2024,2,anulada_fase1,366,2,1,0,1,0.273224043715847,0.0,1,1,100.0,17
2024,2,cambio_banda_local,366,345,345,343,222,94.26229508196722,93.71584699453553,11027,1994,18.082887458057495,17
2024,2,cambio_banda_red,366,27,27,17,1,7.377049180327869,4.644808743169399,41,16,39.02439024390244,17
2024,2,falsa_fase1,366,3,3,0,1,0.819672131147541,0.0,4,4,100.0,17
2024,3,anulada_fase1,366,2,1,0,1,0.273224043715847,0.0,1,1,100.0,17
2024,3,cambio_banda_local,366,353,353,352,256,96.44808743169399,96.17486338797814,20234,4392,21.706039339725216,17
2024,3,cambio_banda_red,366,105,104,66,5,28.415300546448087,18.0327868852459,234,107,45.72649572649573,17
2024,3,falsa_fase1,366,9,9,3,0,2.459016393442623,0.819672131147541,17,12,70.58823529411765,17
2024,4,anulada_fase1,366,2,1,1,1,0.273224043715847,0.273224043715847,1,0,0.0,17
2024,4,cambio_banda_local,366,359,359,356,287,98.08743169398907,97.26775956284153,23007,8244,35.832572695266656,17
2024,4,cambio_banda_red,366,130,129,70,10,35.24590163934426,19.12568306010929,602,344,57.142857142857146,17
2024,4,falsa_fase1,366,16,15,4,1,4.098360655737705,1.092896174863388,39,29,74.35897435897436,17
2024,5,anulada_fase1,366,1,1,1,0,0.273224043715847,0.273224043715847,1,0,0.0,17
2024,5,cambio_banda_local,366,366,366,363,313,100.0,99.18032786885246,48882,35493,72.60954952743342,17
2024,5,cambio_banda_red,366,171,171,85,42,46.72131147540984,23.224043715846996,3645,2976,81.64609053497942,17
2024,5,falsa_fase1,366,58,58,15,7,15.846994535519126,4.098360655737705,339,296,87.31563421828909,17
2024,6,anulada_fase1,366,0,0,0,0,0.0,0.0,0,0,,17
2024,6,cambio_banda_local,366,366,366,222,327,100.0,60.65573770491803,211228,210026,99.43094665479956,17
2024,6,cambio_banda_red,366,209,209,26,119,57.103825136612016,7.103825136612022,34496,34412,99.75649350649351,17
2024,6,falsa_fase1,366,58,58,0,7,15.846994535519126,0.0,339,339,100.0,17
2024,7,anulada_fase1,366,3,2,0,1,0.546448087431694,0.0,2,2,100.0,17
2024,7,cambio_banda_local,366,366,366,0,327,100.0,0.0,211238,211238,100.0,17
2024,7,cambio_banda_red,366,363,363,0,322,99.18032786885246,0.0,170516,170516,100.0,17
2024,7,falsa_fase1,366,349,349,0,306,95.3551912568306,0.0,95415,95415,100.0,17
2025,0,anulada_fase1,365,0,0,0,0,0.0,0.0,0,0,,6
2025,0,cambio_banda_local,365,335,335,324,141,91.78082191780823,88.76712328767124,3609,626,17.345525076198392,6
2025,0,cambio_banda_red,365,11,11,9,0,3.0136986301369864,2.4657534246575343,11,2,18.181818181818183,6
2025,0,falsa_fase1,365,2,2,0,0,0.547945205479452,0.0,2,2,100.0,6
2025,1,anulada_fase1,365,0,0,0,0,0.0,0.0,0,0,,6
2025,1,cambio_banda_local,365,337,337,327,149,92.32876712328768,89.58904109589041,3667,667,18.189255522225253,6
2025,1,cambio_banda_red,365,13,13,11,0,3.5616438356164384,3.0136986301369864,14,2,14.285714285714286,6
2025,1,falsa_fase1,365,4,4,2,0,1.095890410958904,0.547945205479452,4,2,50.0,6
2025,2,anulada_fase1,365,1,1,0,0,0.273972602739726,0.0,1,1,100.0,6
2025,2,cambio_banda_local,365,338,338,334,275,92.6027397260274,91.5068493150685,10874,1984,18.245355894794923,6
2025,2,cambio_banda_red,365,32,32,23,0,8.767123287671232,6.301369863013699,42,9,21.428571428571427,6
2025,2,falsa_fase1,365,7,7,1,0,1.9178082191780823,0.273972602739726,7,6,85.71428571428571,6
2025,3,anulada_fase1,365,1,1,0,0,0.273972602739726,0.0,1,1,100.0,6
2025,3,cambio_banda_local,365,342,342,340,315,93.69863013698631,93.15068493150685,19397,4450,22.941692014229005,6
2025,3,cambio_banda_red,365,93,93,63,1,25.47945205479452,17.26027397260274,203,77,37.93103448275862,6
2025,3,falsa_fase1,365,9,9,4,0,2.4657534246575343,1.095890410958904,15,11,73.33333333333333,6
2025,4,anulada_fase1,365,1,1,0,0,0.273972602739726,0.0,1,1,100.0,6
2025,4,cambio_banda_local,365,351,351,349,328,96.16438356164385,95.61643835616438,21737,7938,36.51837880112251,6
2025,4,cambio_banda_red,365,115,115,69,22,31.506849315068493,18.904109589041095,533,230,43.151969981238274,6
2025,4,falsa_fase1,365,30,29,10,8,7.9452054794520555,2.73972602739726,72,60,83.33333333333333,6
2025,5,anulada_fase1,365,2,2,2,0,0.547945205479452,0.547945205479452,2,0,0.0,6
2025,5,cambio_banda_local,365,364,364,361,349,99.72602739726028,98.9041095890411,48822,36717,75.20584982180165,6
2025,5,cambio_banda_red,365,145,145,63,73,39.726027397260275,17.26027397260274,3947,3014,76.36179376741829,6
2025,5,falsa_fase1,365,63,63,7,21,17.26027397260274,1.9178082191780823,474,462,97.46835443037975,6
2025,6,anulada_fase1,365,0,0,0,0,0.0,0.0,0,0,,6
2025,6,cambio_banda_local,365,365,365,232,365,100.0,63.561643835616444,205347,203779,99.23641445942721,6
2025,6,cambio_banda_red,365,187,187,24,129,51.23287671232877,6.575342465753424,30868,30771,99.68575871452637,6
2025,6,falsa_fase1,365,63,63,1,21,17.26027397260274,0.273972602739726,474,473,99.78902953586498,6
2025,7,anulada_fase1,365,3,3,0,0,0.821917808219178,0.0,3,3,100.0,6
2025,7,cambio_banda_local,365,365,365,0,365,100.0,0.0,205347,205347,100.0,6
2025,7,cambio_banda_red,365,365,365,0,365,100.0,0.0,166002,166002,100.0,6
2025,7,falsa_fase1,365,358,358,0,353,98.08219178082192,0.0,94658,94658,100.0,6
2026,0,anulada_fase1,212,0,0,0,0,0.0,0.0,0,0,,9
2026,0,cambio_banda_local,212,211,211,211,88,99.52830188679245,99.52830188679245,2233,310,13.882669055082848,9
2026,0,cambio_banda_red,212,2,2,2,0,0.9433962264150944,0.9433962264150944,4,1,25.0,9
2026,0,falsa_fase1,212,0,0,0,0,0.0,0.0,0,0,,9
2026,1,anulada_fase1,212,0,0,0,0,0.0,0.0,0,0,,9
2026,1,cambio_banda_local,212,210,210,210,79,99.05660377358491,99.05660377358491,2261,314,13.88766032728881,9
2026,1,cambio_banda_red,212,3,2,2,1,0.9433962264150944,0.9433962264150944,2,0,0.0,9
2026,1,falsa_fase1,212,0,0,0,0,0.0,0.0,0,0,,9
2026,2,anulada_fase1,212,1,1,0,0,0.4716981132075472,0.0,1,1,100.0,9
2026,2,cambio_banda_local,212,211,211,211,153,99.52830188679245,99.52830188679245,6483,923,14.237235847601418,9
2026,2,cambio_banda_red,212,8,8,7,1,3.7735849056603774,3.30188679245283,14,3,21.428571428571427,9
2026,2,falsa_fase1,212,0,0,0,0,0.0,0.0,0,0,,9
2026,3,anulada_fase1,212,2,2,0,0,0.9433962264150944,0.0,2,2,100.0,9
2026,3,cambio_banda_local,212,212,212,211,183,100.0,99.52830188679245,11963,2357,19.702415781994482,9
2026,3,cambio_banda_red,212,50,48,27,4,22.641509433962266,12.735849056603774,114,46,40.35087719298246,9
2026,3,falsa_fase1,212,6,5,0,1,2.358490566037736,0.0,7,7,100.0,9
2026,4,anulada_fase1,212,2,2,0,0,0.9433962264150944,0.0,2,2,100.0,9
2026,4,cambio_banda_local,212,212,212,212,189,100.0,100.0,13122,4553,34.69745465630239,9
2026,4,cambio_banda_red,212,60,59,34,12,27.830188679245282,16.037735849056602,255,140,54.90196078431372,9
2026,4,falsa_fase1,212,18,17,2,2,8.018867924528301,0.9433962264150944,38,36,94.73684210526316,9
2026,5,anulada_fase1,212,0,0,0,0,0.0,0.0,0,0,,9
2026,5,cambio_banda_local,212,212,212,211,199,100.0,99.52830188679245,30734,23455,76.31613197110691,9
2026,5,cambio_banda_red,212,86,85,32,30,40.09433962264151,15.09433962264151,1423,1206,84.75052705551651,9
2026,5,falsa_fase1,212,48,47,3,12,22.169811320754718,1.4150943396226416,277,273,98.55595667870035,9
2026,6,anulada_fase1,212,0,0,0,0,0.0,0.0,0,0,,9
2026,6,cambio_banda_local,212,212,212,145,203,100.0,68.39622641509435,117064,116301,99.34821977721589,9
2026,6,cambio_banda_red,212,105,104,15,61,49.056603773584904,7.0754716981132075,9726,9676,99.48591404482829,9
2026,6,falsa_fase1,212,48,47,0,12,22.169811320754718,0.0,277,277,100.0,9
2026,7,anulada_fase1,212,2,2,0,0,0.9433962264150944,0.0,2,2,100.0,9
2026,7,cambio_banda_local,212,212,212,0,203,100.0,0.0,117064,117064,100.0,9
2026,7,cambio_banda_red,212,212,212,0,203,100.0,0.0,89731,89731,100.0,9
2026,7,falsa_fase1,212,203,203,0,193,95.75471698113208,0.0,56834,56834,100.0,9
