epoca,loss,mae,val_loss,val_mae
1,173.83090209960938,9.582891464233398,162.70571899414062,9.274646759033203
2,120.54358673095703,8.221437454223633,171.60519409179688,9.561860084533691
3,104.93408203125,7.724637031555176,167.36199951171875,9.496329307556152
4,98.38667297363281,7.495724678039551,163.56243896484375,9.417922973632812
5,92.96998596191406,7.296067237854004,168.15139770507812,9.530327796936035
6,90.58147430419922,7.2131757736206055,161.4417724609375,9.364354133605957
7,88.18846130371094,7.105982303619385,165.19644165039062,9.418635368347168
8,85.04051208496094,6.979119300842285,156.41017150878906,9.169644355773926
9,83.32666015625,6.907544136047363,169.9552764892578,9.49251651763916
10,81.5123291015625,6.823771953582764,178.0225067138672,9.6775541305542
11,80.15524291992188,6.753760814666748,191.65846252441406,9.966293334960938
12,78.19725799560547,6.676963806152344,187.1683349609375,9.838013648986816
13,76.9654312133789,6.6068596839904785,188.66177368164062,9.869009017944336
14,74.9327392578125,6.544793605804443,223.48809814453125,10.618003845214844
15,73.7461929321289,6.465673923492432,196.02777099609375,10.03682804107666
16,72.08906555175781,6.397510528564453,195.55868530273438,10.018342018127441
