station,formato,n_flips,n_mensajes,n_bajo_umbral,n_sobre_umbral,n_mascaras,n_escenarios,cruces_arriba,cruces_abajo,rechazos,fuera_0_255,suma_delta_aceptados,cruces,pct_cruces_uniforme,pct_arriba_dado_bajo,pct_abajo_dado_alto,pct_rechazos,pct_cruce_o_rechazo,delta_medio_aceptados,delta_max_aceptados,peor_mascara_fija,pct_cruces_peor_mascara_fija
TODAS,actual,1,218823,218798,25,16,3501168,1635948,97,0,1750584,14340565305,1636045,46.728548872833294,46.731117286264045,24.25,0.0,46.728548872833294,4095.9375,32768.0,8,99.98857524117666
TODAS,actual,2,218823,218798,25,120,26258760,17743577,718,0,20131716,200645171115,17744295,67.57476362173995,67.5797501195928,23.933333333333334,0.0,67.57476362173995,7641.075630189696,32896.0,0+8,99.98857524117666
TODAS,binario_8_control,1,218823,218798,25,16,3501168,104362,72,1750584,0,55799865,104434,2.9828331573920472,2.9811172862640425,18.0,50.0,52.98283315739205,31.875,128.0,7,46.98820507899078
TODAS,binario_8_control,2,218823,218798,25,120,26258760,896131,343,20131716,0,352997109,896474,3.4139997471320047,3.4130834529261387,11.433333333333334,76.66666666666667,80.08066641379867,57.612954795167134,192.0,6+7,88.29419210960457
TODAS,v1,1,218823,218798,25,16,3501168,104098,85,1531761,0,55799865,104183,2.975664121230401,2.9735760838764524,21.25,43.75,46.7256641212304,28.333333333333332,128.0,7,46.98820507899078
TODAS,v1,2,218823,218798,25,120,26258760,1002753,402,18381132,0,402514972,1003155,3.8202679791429603,3.819173392809806,13.4,70.0,73.82026797914295,51.09596086537724,192.0,6+7,88.29419210960457
TODAS,v2,1,218823,218798,25,16,3501168,3368,160,656469,0,55799865,3528,0.10076637282186973,0.09620746076289545,40.0,18.75,18.85076637282187,19.615384615384617,32.0,6,0.3153233435242182
TODAS,v2,2,218823,218798,25,120,26258760,78815,1052,9190566,0,571604254,79867,0.3041537376479316,0.3001817505949171,35.06666666666667,35.0,35.30415373764793,33.48943971459429,64.0,7+10,4.002321510992903
ACO,actual,1,5710,5710,0,16,91360,42805,0,0,45680,374204850,42805,46.853108581436075,46.853108581436075,,0.0,46.853108581436075,4095.9375,32768.0,8,100.0
ACO,actual,2,5710,5710,0,120,685200,463411,0,0,525320,5235648382,463411,67.63149445417396,67.63149445417396,,0.0,67.63149445417396,7641.0513455925275,32896.0,0+8,100.0
ACO,binario_8_control,1,5710,5710,0,16,91360,2835,0,45680,0,1456050,2835,3.1031085814360773,3.1031085814360773,,50.0,53.103108581436075,31.875,128.0,7,49.47460595446585
ACO,binario_8_control,2,5710,5710,0,120,685200,23741,0,525320,0,9180714,23741,3.4648277875072973,3.4648277875072973,,76.66666666666667,80.13149445417396,57.42252939704779,192.0,6+7,88.00350262697023
ACO,v1,1,5710,5710,0,16,91360,2830,0,39970,0,1456050,2830,3.0976357267950965,3.0976357267950965,,43.75,46.8476357267951,28.333333333333332,128.0,7,49.47460595446585
ACO,v1,2,5710,5710,0,120,685200,26859,0,479640,0,10465960,26859,3.919877408056042,3.919877408056042,,70.0,73.91987740805604,50.914380229616654,192.0,6+7,88.00350262697023
ACO,v2,1,5710,5710,0,16,91360,18,0,17130,0,1456050,18,0.019702276707530646,0.019702276707530646,,18.75,18.76970227670753,19.615384615384617,32.0,6,0.08756567425569177
ACO,v2,2,5710,5710,0,120,685200,854,0,239820,0,14862502,854,0.12463514302393462,0.12463514302393462,,35.0,35.12463514302394,33.370384839911985,64.0,7+10,1.926444833625219
AJM,actual,1,7765,7762,3,16,124240,59765,10,0,62120,508879275,59775,48.11252414681262,48.12306750837413,20.833333333333332,0.0,48.11252414681262,4095.9375,32768.0,8,99.96136509980683
AJM,actual,2,7765,7762,3,120,931800,636182,85,0,714380,7118537617,636267,68.28364455891823,68.30091041827707,23.61111111111111,0.0,68.28364455891823,7639.555287615368,32896.0,0+8,99.96136509980683
AJM,binario_8_control,1,7765,7762,3,16,124240,5431,7,62120,0,1980075,5438,4.377012234385061,4.37306750837413,14.583333333333334,50.0,54.37701223438506,31.875,128.0,7,68.71860914359304
AJM,binario_8_control,2,7765,7762,3,120,931800,38508,40,714380,0,12172815,38548,4.136939257351363,4.13424375161041,11.11111111111111,76.66666666666667,80.80360592401803,55.98755864225922,192.0,6+7,85.64069542820347
AJM,v1,1,7765,7762,3,16,124240,5423,9,54355,0,1980075,5432,4.372182871860915,4.366625869621232,18.75,43.75,48.122182871860915,28.333333333333332,128.0,7,68.71860914359304
AJM,v1,2,7765,7762,3,120,931800,45406,49,652260,0,13878434,45455,4.878192745224297,4.874817486902002,13.61111111111111,70.0,74.8781927452243,49.64739929884811,192.0,6+7,85.64069542820347
AJM,v2,1,7765,7762,3,16,124240,252,18,23295,0,1980075,270,0.21732131358660656,0.20291162071631022,37.5,18.75,18.967321313586606,19.615384615384617,32.0,6,0.5408886027044431
AJM,v2,2,7765,7762,3,120,931800,5263,127,326130,0,19231588,5390,0.5784503112255849,0.5650390792751009,35.27777777777778,35.0,35.57845031122559,31.752584740865487,64.0,7+10,7.314874436574372
AJU,actual,1,2422,2422,0,16,38752,18313,0,0,19376,158725770,18313,47.25691577208918,47.25691577208918,,0.0,47.25691577208918,4095.9375,32768.0,8,100.0
AJU,actual,2,2422,2422,0,120,290640,197257,0,0,222824,2220596862,197257,67.86987338287916,67.86987338287916,,0.0,67.86987338287916,7640.369054500413,32896.0,0+8,100.0
AJU,binario_8_control,1,2422,2422,0,16,38752,1359,0,19376,0,617610,1359,3.5069157720891826,3.5069157720891826,,50.0,53.50691577208918,31.875,128.0,7,55.65648224607762
AJU,binario_8_control,2,2422,2422,0,120,290640,10763,0,222824,0,3851150,10763,3.7032067162124966,3.7032067162124966,,76.66666666666667,80.36987338287916,56.788221068774334,192.0,6+7,82.61767134599505
AJU,v1,1,2422,2422,0,16,38752,1356,0,16954,0,617610,1356,3.499174236168456,3.499174236168456,,43.75,47.24917423616846,28.333333333333332,128.0,7,55.65648224607762
AJU,v1,2,2422,2422,0,120,290640,12498,0,203448,0,4396520,12498,4.300165152766309,4.300165152766309,,70.0,74.30016515276631,50.42343334250849,192.0,6+7,82.61767134599505
AJU,v2,1,2422,2422,0,16,38752,13,0,7266,0,617610,13,0.033546655656482245,0.033546655656482245,,18.75,18.783546655656483,19.615384615384617,32.0,6,0.20644095788604458
AJU,v2,2,2422,2422,0,120,290640,581,0,101724,0,6167438,581,0.19990366088631983,0.19990366088631983,,35.0,35.19990366088632,32.646456626225415,64.0,7+10,3.05532617671346
ATI,actual,1,7585,7585,0,16,121360,56468,0,0,60680,497082975,56468,46.52933421226104,46.52933421226104,,0.0,46.52933421226104,4095.9375,32768.0,8,100.0
ATI,actual,2,7585,7585,0,120,910200,614160,0,0,697820,6955105977,614160,67.47528015820698,67.47528015820698,,0.0,67.47528015820698,7641.294195781147,32896.0,0+8,100.0
ATI,binario_8_control,1,7585,7585,0,16,121360,3373,0,60680,0,1934175,3373,2.7793342122610416,2.7793342122610416,,50.0,52.77933421226104,31.875,128.0,7,44.1529334212261
ATI,binario_8_control,2,7585,7585,0,120,910200,30115,0,697820,0,12256331,30115,3.3086134915403207,3.3086134915403207,,76.66666666666667,79.97528015820698,57.709440625294285,192.0,6+7,90.44166117336849
ATI,v1,1,7585,7585,0,16,121360,3371,0,53095,0,1934175,3371,2.7776862228081742,2.7776862228081742,,43.75,46.52768622280817,28.333333333333332,128.0,7,44.1529334212261
ATI,v1,2,7585,7585,0,120,910200,34112,0,637140,0,13964950,34112,3.7477477477477477,3.7477477477477477,,70.0,73.74774774774775,51.142422910715595,192.0,6+7,90.44166117336849
ATI,v2,1,7585,7585,0,16,121360,72,0,22755,0,1934175,72,0.05932762030323006,0.05932762030323006,,18.75,18.80932762030323,19.615384615384617,32.0,6,0.13183915622940012
ATI,v2,2,7585,7585,0,120,910200,1865,0,318570,0,19919482,1865,0.2049000219731927,0.2049000219731927,,35.0,35.204900021973195,33.66881665906056,64.0,7+10,2.8609096901779827
BJU,actual,1,4804,4802,2,16,76864,36080,8,0,38432,314830140,36088,46.95045795170691,46.95960016659725,25.0,0.0,46.95045795170691,4095.9375,32768.0,8,99.95836802664446
BJU,actual,2,4804,4802,2,120,576480,390242,57,0,441968,4404668824,390299,67.70382320288648,67.7221296681938,23.75,0.0,67.70382320288648,7640.6272966971965,32896.0,0+8,99.95836802664446
BJU,binario_8_control,1,4804,4802,2,16,76864,2466,6,38432,0,1225020,2472,3.2160699417152374,3.209600166597251,18.75,50.0,53.21606994171524,31.875,128.0,7,48.89675270607827
BJU,binario_8_control,2,4804,4802,2,120,576480,20488,27,441968,0,7707828,20515,3.5586663891201775,3.5554630015271416,11.25,76.66666666666667,80.22533305578685,57.30215891518972,192.0,6+7,87.38551207327227
BJU,v1,1,4804,4802,2,16,76864,2454,7,33628,0,1225020,2461,3.2017589508742716,3.193981674302374,21.875,43.75,46.95175895087427,28.333333333333332,128.0,7,48.89675270607827
BJU,v1,2,4804,4802,2,120,576480,23107,31,403536,0,8789848,23138,4.013669164585068,4.009961127308066,12.916666666666666,70.0,74.01366916458507,50.82482190766954,192.0,6+7,87.38551207327227
BJU,v2,1,4804,4802,2,16,76864,237,13,14412,0,1225020,250,0.3252497918401332,0.3084652228238234,40.625,18.75,19.075249791840132,19.615384615384617,32.0,6,1.0407993338884263
BJU,v2,2,4804,4802,2,120,576480,3670,83,201768,0,12399188,3753,0.6510199833472107,0.6368874080244342,34.583333333333336,35.0,35.65101998334721,33.08991438758299,64.0,7+10,6.952539550374688
CAM,actual,1,7923,7922,1,16,126768,58499,6,0,63384,519233805,58505,46.15123690521267,46.15232895733401,37.5,0.0,46.15123690521267,4095.9375,32768.0,8,99.98737851823805
CAM,actual,2,7923,7922,1,120,950760,639348,30,0,728916,7265472931,639378,67.24914804998107,67.25448119161828,25.0,0.0,67.24914804998107,7641.752840885187,32896.0,0+8,99.98737851823805
CAM,binario_8_control,1,7923,7922,1,16,126768,3045,5,63384,0,2020365,3050,2.4059699608734064,2.4023289573340065,31.25,50.0,52.405969960873406,31.875,128.0,7,37.574151205351505
CAM,binario_8_control,2,7923,7922,1,120,950760,29354,15,728916,0,12982309,29369,3.0890024822247466,3.0878145249516114,12.5,76.66666666666667,79.75566914889141,58.51999152557653,192.0,6+7,89.0193108670958
CAM,v1,1,7923,7922,1,16,126768,3036,5,55461,0,2020365,3041,2.3988703773823046,2.3952284776571573,31.25,43.75,46.1488703773823,28.333333333333332,128.0,7,37.574151205351505
CAM,v1,2,7923,7922,1,120,950760,31124,16,665532,0,14813666,31140,3.2752745172283224,3.274004880922326,13.333333333333334,70.0,73.27527451722833,51.93622645743055,192.0,6+7,89.0193108670958
CAM,v2,1,7923,7922,1,16,126768,151,8,23769,0,2020365,159,0.12542597500946612,0.11913027013380459,50.0,18.75,18.875425975009467,19.615384615384617,32.0,6,0.39126593462072445
CAM,v2,2,7923,7922,1,120,950760,2969,42,332766,0,21232378,3011,0.31669401321048424,0.3123159134898595,35.0,35.0,35.31669401321049,34.356932267950825,64.0,7+10,4.013631200302916
CCA,actual,1,8491,8491,0,16,135856,63654,0,0,67928,556457685,63654,46.85402190554705,46.85402190554705,,0.0,46.85402190554705,4095.9375,32768.0,8,100.0
CCA,actual,2,8491,8491,0,120,1018920,689358,0,0,781172,7785285755,689358,67.65575315039453,67.65575315039453,,0.0,67.65575315039453,7640.723270718016,32896.0,0+8,100.0
CCA,binario_8_control,1,8491,8491,0,16,135856,4217,0,67928,0,2165205,4217,3.1040219055470497,3.1040219055470497,,50.0,53.10402190554705,31.875,128.0,7,48.54551878459545
CCA,binario_8_control,2,8491,8491,0,120,1018920,35551,0,781172,0,13637101,35551,3.489086483727869,3.489086483727869,,76.66666666666667,80.15575315039453,57.359477261638375,192.0,6+7,87.12754681427394
CCA,v1,1,8491,8491,0,16,135856,4203,0,59437,0,2165205,4203,3.093716876692969,3.093716876692969,,43.75,46.843716876692966,28.333333333333332,128.0,7,48.54551878459545
CCA,v1,2,8491,8491,0,120,1018920,39936,0,713244,0,15551740,39936,3.9194441173006713,3.9194441173006713,,70.0,73.91944411730067,50.87654902576585,192.0,6+7,87.12754681427394
CCA,v2,1,8491,8491,0,16,135856,231,0,25473,0,2165205,231,0.17003297609233306,0.17003297609233306,,18.75,18.920032976092333,19.615384615384617,32.0,6,0.494641384995878
CCA,v2,2,8491,8491,0,120,1018920,5335,0,356622,0,21964986,5335,0.5235936089192478,0.5235936089192478,,35.0,35.52359360891925,33.16480798673709,64.0,7+10,6.85431633494288
CHO,actual,1,3008,3008,0,16,48128,22742,0,0,24064,197129280,22742,47.253158244680854,47.253158244680854,,0.0,47.253158244680854,4095.9375,32768.0,8,100.0
CHO,actual,2,3008,3008,0,120,360960,244805,0,0,276736,2757961534,244805,67.82053413120568,67.82053413120568,,0.0,67.82053413120568,7640.629249778369,32832.0,0+8,100.0
CHO,binario_8_control,1,3008,3008,0,16,48128,1686,0,24064,0,767040,1686,3.503158244680851,3.503158244680851,,50.0,53.503158244680854,31.875,128.0,7,56.05053191489362
CHO,binario_8_control,2,3008,3008,0,120,360960,13189,0,276736,0,4813190,13189,3.6538674645390072,3.6538674645390072,,76.66666666666667,80.32053413120568,57.14748765197568,192.0,6+7,83.97606382978724
CHO,v1,1,3008,3008,0,16,48128,1686,0,21056,0,767040,1686,3.503158244680851,3.503158244680851,,43.75,47.253158244680854,28.333333333333332,128.0,7,56.05053191489362
CHO,v1,2,3008,3008,0,120,360960,14783,0,252672,0,5496052,14783,4.095467641843972,4.095467641843972,,70.0,74.09546764184397,50.754026300236404,192.0,6+7,83.97606382978724
CHO,v2,1,3008,3008,0,16,48128,4,0,9024,0,767040,4,0.008311170212765957,0.008311170212765957,,18.75,18.758311170212767,19.615384615384617,32.0,7,0.03324468085106383
CHO,v2,2,3008,3008,0,120,360960,676,0,126336,0,7736204,676,0.18727836879432624,0.18727836879432624,,35.0,35.187278368794324,32.97277345881069,64.0,7+10,3.4574468085106385
CUA,actual,1,4361,4360,1,16,69776,33595,3,0,34888,285798135,33598,48.15122678284797,48.15797018348624,18.75,0.0,48.15122678284797,4095.9375,32768.0,8,99.97706947947718
CUA,actual,2,4361,4360,1,120,523320,357418,27,0,401212,3997997887,357445,68.30333256898265,68.31383792048929,22.5,0.0,68.30333256898265,7639.681049835664,32896.0,0+8,99.97706947947718
CUA,binario_8_control,1,4361,4360,1,16,69776,3075,2,34888,0,1112055,3077,4.4098257280440265,4.407970183486238,12.5,50.0,54.40982572804403,31.875,128.0,7,68.1953680348544
CUA,binario_8_control,2,4361,4360,1,120,523320,21698,12,401212,0,6857357,21710,4.148513337919438,4.14717125382263,10.0,76.66666666666667,80.81518000458611,56.15813050741966,192.0,6+7,85.64549415271726
CUA,v1,1,4361,4360,1,16,69776,3056,3,30527,0,1112055,3059,4.384028892455858,4.3807339449541285,18.75,43.75,48.13402889245586,28.333333333333332,128.0,7,68.1953680348544
CUA,v1,2,4361,4360,1,120,523320,25219,15,366324,0,7822030,25234,4.8219062906061305,4.820145259938838,12.5,70.0,74.82190629060614,49.82311651252261,192.0,6+7,85.64549415271726
CUA,v2,1,4361,4360,1,16,69776,184,6,13083,0,1112055,190,0.27229993120843843,0.26376146788990823,37.5,18.75,19.022299931208437,19.615384615384617,32.0,6,1.031873423526714
CUA,v2,2,4361,4360,1,120,523320,3083,41,183162,0,10856130,3124,0.5969578842773064,0.5892584097859327,34.166666666666664,35.0,35.59695788427731,31.914963046584234,64.0,7+10,6.237101582205916
CUT,actual,1,8094,8094,0,16,129504,60217,0,0,64752,530440290,60217,46.49817766246603,46.49817766246603,,0.0,46.49817766246603,4095.9375,32768.0,8,100.0
CUT,actual,2,8094,8094,0,120,971280,655536,0,0,744648,7421781404,655536,67.49196936001977,67.49196936001977,,0.0,67.49196936001977,7641.237752244461,32896.0,0+8,100.0
CUT,binario_8_control,1,8094,8094,0,16,129504,3559,0,64752,0,2063970,3559,2.7481776624660244,2.7481776624660244,,50.0,52.74817766246603,31.875,128.0,7,43.92142327650111
CUT,binario_8_control,2,8094,8094,0,120,971280,32298,0,744648,0,13051592,32298,3.325302693353101,3.325302693353101,,76.66666666666667,79.99196936001977,57.589360725758056,192.0,6+7,89.69607116382505
CUT,v1,1,8094,8094,0,16,129504,3557,0,56658,0,2063970,3557,2.746633308623672,2.746633308623672,,43.75,46.49663330862367,28.333333333333332,128.0,7,43.92142327650111
CUT,v1,2,8094,8094,0,120,971280,36999,0,679896,0,14865412,36999,3.809303187546331,3.809303187546331,,70.0,73.80930318754633,51.01656920077973,192.0,6+7,89.69607116382505
CUT,v2,1,8094,8094,0,16,129504,28,0,24282,0,2063970,28,0.021620953792933037,0.021620953792933037,,18.75,18.771620953792933,19.615384615384617,32.0,7,0.07412898443291327
CUT,v2,2,8094,8094,0,120,971280,1475,0,339948,0,21194164,1475,0.15186146116464871,0.15186146116464871,,35.0,35.15186146116465,33.57055241932929,64.0,7+10,2.5698047936743267
FAC,actual,1,7567,7565,2,16,121072,56478,6,0,60536,495903345,56484,46.653231135192286,46.6606080634501,18.75,0.0,46.653231135192286,4095.9375,32768.0,8,99.9735694462799
FAC,actual,2,7567,7565,2,120,908040,613044,54,0,696164,6938451803,613098,67.51883176952558,67.53073364177132,22.5,0.0,67.51883176952558,7641.130129729968,32896.0,0+8,99.9735694462799
FAC,binario_8_control,1,7567,7565,2,16,121072,3523,4,60536,0,1929585,3527,2.91314259283732,2.9106080634500993,12.5,50.0,52.91314259283732,31.875,128.0,7,45.80414959693405
FAC,binario_8_control,2,7567,7565,2,120,908040,30539,24,696164,0,12212737,30563,3.3658208889476233,3.364066975104649,10.0,76.66666666666667,80.0324875556143,57.640964526421115,192.0,6+7,89.50707017312013
FAC,v1,1,7567,7565,2,16,121072,3513,6,52969,0,1929585,3519,2.9065349544072947,2.9023463317911435,18.75,43.75,46.65653495440729,28.333333333333332,128.0,7,45.80414959693405
FAC,v1,2,7567,7565,2,120,908040,34225,32,635628,0,13916314,34257,3.772631161622836,3.770103547036792,13.333333333333334,70.0,73.77263116162284,51.08553955038691,192.0,6+7,89.50707017312013
FAC,v2,1,7567,7565,2,16,121072,135,12,22701,0,1929585,147,0.12141535615171138,0.11153337739590218,37.5,18.75,18.87141535615171,19.615384615384617,32.0,6,0.34359719836130564
FAC,v2,2,7567,7565,2,120,908040,3030,84,317814,0,19796880,3114,0.34293643451830313,0.33377395902181095,35.0,35.0,35.3429364345183,33.541185918614225,64.0,7+10,4.374256640676622
FAR,actual,1,6210,6210,0,16,99360,46460,0,0,49680,406972350,46460,46.75925925925926,46.75925925925926,,0.0,46.75925925925926,4095.9375,32768.0,8,100.0
FAR,actual,2,6210,6210,0,120,745200,503652,0,0,571320,5694121586,503652,67.58615136876007,67.58615136876007,,0.0,67.58615136876007,7641.064930220075,32896.0,0+8,100.0
FAR,binario_8_control,1,6210,6210,0,16,99360,2990,0,49680,0,1583550,2990,3.009259259259259,3.009259259259259,,50.0,53.00925925925926,31.875,128.0,7,47.93880837359098
FAR,binario_8_control,2,6210,6210,0,120,745200,25482,0,571320,0,10002374,25482,3.419484702093398,3.419484702093398,,76.66666666666667,80.08615136876007,57.52458017023235,192.0,6+7,87.085346215781
FAR,v1,1,6210,6210,0,16,99360,2986,0,43470,0,1583550,2986,3.005233494363929,3.005233494363929,,43.75,46.75523349436393,28.333333333333332,128.0,7,47.93880837359098
FAR,v1,2,6210,6210,0,120,745200,28683,0,521640,0,11404072,28683,3.8490338164251208,3.8490338164251208,,70.0,73.84903381642512,51.01123635713008,192.0,6+7,87.085346215781
FAR,v2,1,6210,6210,0,16,99360,27,0,18630,0,1583550,27,0.02717391304347826,0.02717391304347826,,18.75,18.777173913043477,19.615384615384617,32.0,6,0.0966183574879227
FAR,v2,2,6210,6210,0,120,745200,1322,0,260820,0,16193482,1322,0.1774020397208803,0.1774020397208803,,35.0,35.17740203972088,33.431359676287215,64.0,7+10,2.7214170692431563
GAM,actual,1,6420,6416,4,16,102720,47808,17,0,51360,420734700,47825,46.558605919003114,46.571072319201996,26.5625,0.0,46.558605919003114,4095.9375,32768.0,8,99.93769470404985
GAM,actual,2,6420,6416,4,120,770400,519623,114,0,590640,5886792652,519737,67.46326583592939,67.49051849542809,23.75,0.0,67.46326583592939,7641.215799584631,32896.0,0+8,99.93769470404985
GAM,binario_8_control,1,6420,6416,4,16,102720,2896,13,51360,0,1637100,2909,2.831970404984424,2.821072319201995,20.3125,50.0,52.831970404984425,31.875,128.0,7,44.034267912772584
GAM,binario_8_control,2,6420,6416,4,120,770400,25591,54,590640,0,10412128,25645,3.3287902388369677,3.3238518287614296,11.25,76.66666666666667,79.99545690550363,57.92238540275923,192.0,6+7,88.06853582554517
GAM,v1,1,6420,6416,4,16,102720,2891,15,44940,0,1637100,2906,2.82904984423676,2.8162016832917707,23.4375,43.75,46.57904984423676,28.333333333333332,128.0,7,44.034267912772584
GAM,v1,2,6420,6416,4,120,770400,27980,62,539280,0,11876224,28042,3.639927310488058,3.634143807148795,12.916666666666666,70.0,73.63992731048806,51.38553132571824,192.0,6+7,88.06853582554517
GAM,v2,1,6420,6416,4,16,102720,171,27,19260,0,1637100,198,0.1927570093457944,0.16657574812967582,42.1875,18.75,18.942757009345794,19.615384615384617,32.0,6,0.48286604361370716
GAM,v2,2,6420,6416,4,120,770400,3176,166,269640,0,16892380,3342,0.4338006230529595,0.41251039068994183,34.583333333333336,35.0,35.43380062305296,33.73348510264398,64.0,7+10,5.29595015576324
HGM,actual,1,8164,8162,2,16,130624,60720,8,0,65312,535027740,60728,46.490690837824594,46.495956873315365,25.0,0.0,46.490690837824594,4095.9375,32768.0,8,99.97550220480157
HGM,actual,2,8164,8162,2,120,979680,660939,57,0,751088,7485899664,660996,67.47060264576189,67.48131585395737,23.75,0.0,67.47060264576189,7641.168201861832,32896.0,0+8,99.97550220480157
HGM,binario_8_control,1,8164,8162,2,16,130624,3586,6,65312,0,2081820,3592,2.7498775110240077,2.745956873315364,18.75,50.0,52.74987751102401,31.875,128.0,7,42.564919157275845
HGM,binario_8_control,2,8164,8162,2,120,979680,32465,27,751088,0,13222640,32492,3.3165931732810714,3.314649187290697,11.25,76.66666666666667,79.98325983994773,57.84384405403514,192.0,6+7,88.59627633512984
HGM,v1,1,8164,8162,2,16,130624,3570,7,57148,0,2081820,3577,2.7383941695247427,2.7337049742710122,21.875,43.75,46.488394169524746,28.333333333333332,128.0,7,42.564919157275845
HGM,v1,2,8164,8162,2,120,979680,35733,33,685776,0,15078652,35766,3.6507839294463498,3.6483092379318793,13.75,70.0,73.65078392944635,51.30468452283739,192.0,6+7,88.59627633512984
HGM,v2,1,8164,8162,2,16,130624,231,13,24492,0,2081820,244,0.18679568838804508,0.17688679245283018,40.625,18.75,18.936795688388045,19.615384615384617,32.0,6,0.6124448799608035
HGM,v2,2,8164,8162,2,120,979680,4549,85,342888,0,21445530,4634,0.4730115956230606,0.464449072939639,35.416666666666664,35.0,35.47301159562306,33.67744883729695,64.0,7+10,5.781479666829985
INN,actual,1,7606,7606,0,16,121696,57278,0,0,60848,498459210,57278,47.066460688929794,47.066460688929794,,0.0,47.066460688929794,4095.9375,32768.0,8,100.0
INN,actual,2,7606,7606,0,120,912720,618402,0,0,699752,6974090632,618402,67.75374704180909,67.75374704180909,,0.0,67.75374704180909,7640.996835831361,32832.0,0+8,100.0
INN,binario_8_control,1,7606,7606,0,16,121696,4036,0,60848,0,1939530,4036,3.316460688929792,3.316460688929792,,50.0,53.316460688929794,31.875,128.0,7,53.06337102287667
INN,binario_8_control,2,7606,7606,0,120,912720,32740,0,699752,0,12144276,32740,3.5870803751424316,3.5870803751424316,,76.66666666666667,80.25374704180909,57.0239472596822,192.0,6+7,93.78122534840915
INN,v1,1,7606,7606,0,16,121696,4036,0,53242,0,1939530,4036,3.316460688929792,3.316460688929792,,43.75,47.066460688929794,28.333333333333332,128.0,7,53.06337102287667
INN,v1,2,7606,7606,0,120,912720,38930,0,638904,0,13802786,38930,4.265273030063985,4.265273030063985,,70.0,74.26527303006398,50.40898267449674,192.0,6+7,93.78122534840915
INN,v2,1,7606,7606,0,16,121696,0,0,22818,0,1939530,0,0.0,0.0,,18.75,18.75,19.615384615384617,32.0,0,0.0
INN,v2,2,7606,7606,0,120,912720,378,0,319452,0,19646758,378,0.04141467262687352,0.04141467262687352,,35.0,35.04141467262687,33.1161599816609,64.0,7+10,0.8019984222981856
IZT,actual,1,4662,4661,1,16,74592,34725,3,0,37296,305524170,34728,46.557271557271555,46.56323750268183,18.75,0.0,46.557271557271555,4095.9375,32768.0,8,99.97854997854998
IZT,actual,2,4662,4661,1,120,559440,377575,27,0,428904,4274756154,377602,67.49642499642499,67.50607880998355,22.5,0.0,67.49642499642499,7641.134266409266,32896.0,0+8,99.97854997854998
IZT,binario_8_control,1,4662,4661,1,16,74592,2098,2,37296,0,1188810,2100,2.815315315315315,2.813237502681828,12.5,50.0,52.81531531531532,31.875,128.0,7,43.60789360789361
IZT,binario_8_control,2,4662,4661,1,120,559440,18678,12,428904,0,7546914,18690,3.340840840840841,3.339412143316885,10.0,76.66666666666667,80.00750750750751,57.81480970766685,192.0,6+7,87.36593736593737
IZT,v1,1,4662,4661,1,16,74592,2087,3,32634,0,1188810,2090,2.801909051909052,2.798487449045269,18.75,43.75,46.55190905190905,28.333333333333332,128.0,7,43.60789360789361
IZT,v1,2,4662,4661,1,120,559440,20472,17,391608,0,8609144,20489,3.6624124124124124,3.660158764213688,14.166666666666666,70.0,73.66241241241241,51.29620096286763,192.0,6+7,87.36593736593737
IZT,v2,1,4662,4661,1,16,74592,120,6,13986,0,1188810,126,0.16891891891891891,0.16090967603518558,37.5,18.75,18.91891891891892,19.615384615384617,32.0,6,0.622050622050622
IZT,v2,2,4662,4661,1,120,559440,2425,43,195804,0,12233042,2468,0.44115544115544114,0.43356218265036117,35.833333333333336,35.0,35.44115544115544,33.640899140899144,64.0,7+10,5.405405405405405
LLA,actual,1,7799,7798,1,16,124784,57552,5,0,62392,511107465,57557,46.12530452622131,46.12721210566812,31.25,0.0,46.12530452622131,4095.9375,32768.0,8,99.98717784331325
LLA,actual,2,7799,7798,1,120,935880,629344,31,0,717508,7151883129,629375,67.24954053938539,67.25485167136873,25.833333333333332,0.0,67.24954053938539,7641.880507116297,32896.0,0+8,99.98717784331325
LLA,binario_8_control,1,7799,7798,1,16,124784,2966,4,62392,0,1988745,2970,2.3801128349788434,2.37721210566812,25.0,50.0,52.380112834978846,31.875,128.0,7,37.8253622259264
LLA,binario_8_control,2,7799,7798,1,120,935880,28898,16,717508,0,12760063,28914,3.089498653673548,3.0881850047020603,13.333333333333334,76.66666666666667,79.75616532034022,58.43268825673621,192.0,6+7,90.58853699192204
LLA,v1,1,7799,7798,1,16,124784,2963,4,54593,0,1988745,2967,2.377708680600077,2.374807642985381,25.0,43.75,46.12770868060008,28.333333333333332,128.0,7,37.8253622259264
LLA,v1,2,7799,7798,1,120,935880,31304,17,655116,0,14553558,31321,3.346689746548703,3.3453022142429685,14.166666666666666,70.0,73.3466897465487,51.83555584049237,192.0,6+7,90.58853699192204
LLA,v2,1,7799,7798,1,16,124784,33,7,23397,0,1988745,40,0.03205539171688678,0.026449089510130804,43.75,18.75,18.782055391716888,19.615384615384617,32.0,6,0.08975509680728298
LLA,v2,2,7799,7798,1,120,935880,919,43,327558,0,20913822,962,0.10279095610548361,0.09820894246387962,35.833333333333336,35.0,35.10279095610549,34.37952597473049,64.0,7+10,1.4104372355430184
LPR,actual,1,7764,7764,0,16,124224,57362,0,0,62112,508813740,57362,46.17626223596084,46.17626223596084,,0.0,46.17626223596084,4095.9375,32768.0,8,100.0
LPR,actual,2,7764,7764,0,120,931680,626660,0,0,714288,7119848180,626660,67.26129143053409,67.26129143053409,,0.0,67.26129143053409,7641.945925639705,32896.0,0+8,100.0
LPR,binario_8_control,1,7764,7764,0,16,124224,3014,0,62112,0,1979820,3014,2.426262235960845,2.426262235960845,,50.0,52.42626223596084,31.875,128.0,7,38.794435857805254
LPR,binario_8_control,2,7764,7764,0,120,931680,28832,0,714288,0,12695384,28832,3.0946247638674222,3.0946247638674222,,76.66666666666667,79.76129143053409,58.39857952454552,192.0,6+7,92.99330242143225
LPR,v1,1,7764,7764,0,16,124224,3013,0,54348,0,1979820,3013,2.4254572385368367,2.4254572385368367,,43.75,46.175457238536836,28.333333333333332,128.0,7,38.794435857805254
LPR,v1,2,7764,7764,0,120,931680,31582,0,652176,0,14464250,31582,3.389790486003778,3.389790486003778,,70.0,73.38979048600378,51.749706623161025,192.0,6+7,92.99330242143225
LPR,v2,1,7764,7764,0,16,124224,18,0,23292,0,1979820,18,0.014489953632148377,0.014489953632148377,,18.75,18.764489953632147,19.615384615384617,32.0,7,0.05151983513652756
LPR,v2,2,7764,7764,0,120,931680,702,0,326088,0,20827942,702,0.07534775888717156,0.07534775888717156,,35.0,35.07534775888717,34.39269673311404,64.0,7+10,1.2107161257083978
MER,actual,1,7373,7373,0,16,117968,54379,0,0,58984,483189555,54379,46.09639902346399,46.09639902346399,,0.0,46.09639902346399,4095.9375,32768.0,8,100.0
MER,actual,2,7373,7373,0,120,884760,594986,0,0,678316,6761141635,594986,67.24829332248294,67.24829332248294,,0.0,67.24829332248294,7641.780409376554,32896.0,0+8,100.0
MER,binario_8_control,1,7373,7373,0,16,117968,2768,0,58984,0,1880115,2768,2.34639902346399,2.34639902346399,,50.0,52.34639902346399,31.875,128.0,7,37.162620371626204
MER,binario_8_control,2,7373,7373,0,120,884760,27265,0,678316,0,12072149,27265,3.0816266558162666,3.0816266558162666,,76.66666666666667,79.74829332248294,58.47662804440914,192.0,6+7,90.00406890004069
MER,v1,1,7373,7373,0,16,117968,2759,0,51611,0,1880115,2759,2.3387698358876983,2.3387698358876983,,43.75,46.088769835887696,28.333333333333332,128.0,7,37.162620371626204
MER,v1,2,7373,7373,0,120,884760,28969,0,619332,0,13772820,28969,3.2742212577422127,3.2742212577422127,,70.0,73.27422125774221,51.889099868891,192.0,6+7,90.00406890004069
MER,v2,1,7373,7373,0,16,117968,84,0,22119,0,1880115,84,0.07120575071205751,0.07120575071205751,,18.75,18.821205750712057,19.615384615384617,32.0,6,0.17631900176319001
MER,v2,2,7373,7373,0,120,884760,2235,0,309666,0,19755952,2235,0.2526108775261088,0.2526108775261088,,35.0,35.25261087752611,34.35256149429485,64.0,7+10,3.5941950359419503
MGH,actual,1,7918,7916,2,16,126688,58768,8,0,63344,518906130,58776,46.394291487749435,46.39969681657403,25.0,0.0,46.394291487749435,4095.9375,32768.0,8,99.97474109623643
MGH,actual,2,7918,7916,2,120,950160,640509,62,0,728456,7260503496,640571,67.41717184474194,67.42767812026275,25.833333333333332,0.0,67.41717184474194,7641.348295023996,32896.0,0+8,99.97474109623643
MGH,binario_8_control,1,7918,7916,2,16,126688,3356,6,63344,0,2019090,3362,2.653763576660773,2.649696816574027,18.75,50.0,52.65376357666077,31.875,128.0,7,41.15938368274817
MGH,binario_8_control,2,7918,7916,2,120,950160,30977,32,728456,0,12866348,31009,3.263555611686453,3.261011453596092,13.333333333333334,76.66666666666667,79.93022227835311,58.033901057265545,192.0,6+7,89.39126041929781
MGH,v1,1,7918,7916,2,16,126688,3322,6,55426,0,2019090,3328,2.626925991411973,2.6228524507326934,18.75,43.75,46.37692599141197,28.333333333333332,128.0,7,41.15938368274817
MGH,v1,2,7918,7916,2,120,950160,33844,34,665112,0,14672432,33878,3.5655047570935423,3.5628263432710123,14.166666666666666,70.0,73.56550475709354,51.47354831466981,192.0,6+7,89.39126041929781
MGH,v2,1,7918,7916,2,16,126688,191,12,23754,0,2019090,203,0.16023617075018945,0.1508021728145528,37.5,18.75,18.91023617075019,19.615384615384617,32.0,6,0.5809547865622632
MGH,v2,2,7918,7916,2,120,950160,4007,86,332556,0,20919942,4093,0.4307695546013303,0.4218249957891191,35.833333333333336,35.0,35.43076955460133,33.8727436998465,64.0,7+10,5.266481434705733
MON,actual,1,5301,5301,0,16,84816,39693,0,0,42408,347401035,39693,46.79895302773062,46.79895302773062,,0.0,46.79895302773062,4095.9375,32768.0,8,100.0
MON,actual,2,5301,5301,0,120,636120,430032,0,0,487692,4860706503,430032,67.60233918128655,67.60233918128655,,0.0,67.60233918128655,7641.178555932843,32896.0,0+8,100.0
MON,binario_8_control,1,5301,5301,0,16,84816,2586,0,42408,0,1351755,2586,3.048953027730617,3.048953027730617,,50.0,53.04895302773062,31.875,128.0,7,48.67006225240521
MON,binario_8_control,2,5301,5301,0,120,636120,21855,0,487692,0,8569881,21855,3.435672514619883,3.435672514619883,,76.66666666666667,80.10233918128655,57.73763036623818,192.0,6+7,86.9458592718355
MON,v1,1,5301,5301,0,16,84816,2583,0,37107,0,1351755,2583,3.045415959252971,3.045415959252971,,43.75,46.79541595925297,28.333333333333332,128.0,7,48.67006225240521
MON,v1,2,5301,5301,0,120,636120,24182,0,445284,0,9780150,24182,3.801483996730177,3.801483996730177,,70.0,73.80148399673017,51.24897818021757,192.0,6+7,86.9458592718355
MON,v2,1,5301,5301,0,16,84816,6,0,15903,0,1351755,6,0.007074136955291454,0.007074136955291454,,18.75,18.757074136955293,19.615384615384617,32.0,6,0.056593095642331635
MON,v2,2,5301,5301,0,120,636120,891,0,222642,0,13890588,891,0.1400679117147708,0.1400679117147708,,35.0,35.14006791171477,33.59450321419761,64.0,7+10,2.5089605734767026
MPA,actual,1,5728,5728,0,16,91648,44717,0,0,45824,375384480,44717,48.792117667597765,48.792117667597765,,0.0,48.792117667597765,4095.9375,32768.0,8,100.0
MPA,actual,2,5728,5728,0,120,687360,471739,0,0,526976,5250724114,471739,68.6305574953445,68.6305574953445,,0.0,68.6305574953445,7638.972465665735,32896.0,0+8,100.0
MPA,binario_8_control,1,5728,5728,0,16,91648,4621,0,45824,0,1460640,4621,5.042117667597766,5.042117667597766,,50.0,55.042117667597765,31.875,128.0,7,80.28980446927375
MPA,binario_8_control,2,5728,5728,0,120,687360,30683,0,526976,0,8872698,30683,4.46389082867784,4.46389082867784,,76.66666666666667,81.1305574953445,55.32159068236233,192.0,6+7,80.3945530726257
MPA,v1,1,5728,5728,0,16,91648,4610,0,40096,0,1460640,4610,5.030115223463687,5.030115223463687,,43.75,48.78011522346369,28.333333333333332,128.0,7,80.28980446927375
MPA,v1,2,5728,5728,0,120,687360,36417,0,481152,0,10135880,36417,5.298097067039106,5.298097067039106,,70.0,75.29809706703911,49.15367008069522,192.0,6+7,80.3945530726257
MPA,v2,1,5728,5728,0,16,91648,42,0,17184,0,1460640,42,0.045827513966480445,0.045827513966480445,,18.75,18.79582751396648,19.615384615384617,32.0,6,0.1920391061452514
MPA,v2,2,5728,5728,0,120,687360,2373,0,240576,0,13872078,2373,0.345233938547486,0.345233938547486,,35.0,35.34523393854749,31.048734959174904,64.0,7+10,5.167597765363128
NEZ,actual,1,6451,6451,0,16,103216,48268,0,0,51608,422766285,48268,46.76406758642071,46.76406758642071,,0.0,46.76406758642071,4095.9375,32768.0,8,100.0
NEZ,actual,2,6451,6451,0,120,774120,523243,0,0,593492,5915027863,523243,67.59197540433007,67.59197540433007,,0.0,67.59197540433007,7640.970215212112,32896.0,0+8,100.0
NEZ,binario_8_control,1,6451,6451,0,16,103216,3111,0,51608,0,1645005,3111,3.01406758642071,3.01406758642071,,50.0,53.01406758642071,31.875,128.0,7,48.00806076577275
NEZ,binario_8_control,2,6451,6451,0,120,774120,26516,0,593492,0,10389633,26516,3.4253087376634115,3.4253087376634115,,76.66666666666667,80.09197540433007,57.519504174325135,192.0,6+7,86.3587040768873
NEZ,v1,1,6451,6451,0,16,103216,3106,0,45157,0,1645005,3106,3.0092233762207408,3.0092233762207408,,43.75,46.75922337622074,28.333333333333332,128.0,7,48.00806076577275
NEZ,v1,2,6451,6451,0,120,774120,29617,0,541884,0,11852382,29617,3.825892626466181,3.825892626466181,,70.0,73.82589262646619,51.035937580736835,192.0,6+7,86.3587040768873
NEZ,v2,1,6451,6451,0,16,103216,36,0,19353,0,1645005,36,0.03487831343977678,0.03487831343977678,,18.75,18.784878313439776,19.615384615384617,32.0,6,0.10851030847930554
NEZ,v2,2,6451,6451,0,120,774120,2034,0,270942,0,16794542,2034,0.2627499612463184,0.2627499612463184,,35.0,35.26274996124632,33.376940168290346,64.0,7+10,4.154394667493412
PED,actual,1,8157,8156,1,16,130512,61436,3,0,65256,534568995,61439,47.07536471742062,47.078837665522315,18.75,0.0,47.07536471742062,4095.9375,32768.0,8,99.98774059090351
PED,actual,2,8157,8156,1,120,978840,663421,27,0,750444,7478856271,663448,67.77900371868742,67.78455533758378,22.5,0.0,67.77900371868742,7640.52988333129,32896.0,0+8,99.98774059090351
PED,binario_8_control,1,8157,8156,1,16,130512,4344,2,65256,0,2080035,4346,3.329961995831801,3.328837665522315,12.5,50.0,53.3299619958318,31.875,128.0,7,51.17077356871399
PED,binario_8_control,2,8157,8156,1,120,978840,35409,12,750444,0,13040845,35421,3.6186710800539412,3.6178886709171163,10.0,76.66666666666667,80.28533774672061,57.097519221002116,192.0,6+7,87.10310163050141
PED,v1,1,8157,8156,1,16,130512,4310,3,57099,0,2080035,4313,3.304676964570308,3.3027832270720943,18.75,43.75,47.054676964570305,28.333333333333332,128.0,7,51.17077356871399
PED,v1,2,8157,8156,1,120,978840,40375,15,685188,0,14861614,40390,4.126312778390748,4.1252860879516104,12.5,70.0,74.12631277839075,50.60961273888821,192.0,6+7,87.10310163050141
PED,v2,1,8157,8156,1,16,130512,285,6,24471,0,2080035,291,0.2229680029422582,0.21839749877390877,37.5,18.75,18.97296800294226,19.615384615384617,32.0,6,0.9317150913325978
PED,v2,2,8157,8156,1,120,978840,5494,41,342594,0,20941648,5535,0.5654652445752115,0.5613454307667157,34.166666666666664,35.0,35.565465244575215,32.91438845980957,64.0,7+10,6.313595684687998
SAC,actual,1,4866,4866,0,16,77856,36702,0,0,38928,318893310,36702,47.14087546239211,47.14087546239211,,0.0,47.14087546239211,4095.9375,32768.0,8,100.0
SAC,actual,2,4866,4866,0,120,583920,395745,0,0,447672,4461568606,395745,67.77383888203863,67.77383888203863,,0.0,67.77383888203863,7640.718944375942,32896.0,0+8,100.0
SAC,binario_8_control,1,4866,4866,0,16,77856,2640,0,38928,0,1240830,2640,3.3908754623921085,3.3908754623921085,,50.0,53.39087546239211,31.875,128.0,7,53.82244143033292
SAC,binario_8_control,2,4866,4866,0,120,583920,21063,0,447672,0,7812526,21063,3.607172215371969,3.607172215371969,,76.66666666666667,80.27383888203863,57.340482062122014,192.0,6+7,85.84052609946568
SAC,v1,1,4866,4866,0,16,77856,2639,0,34062,0,1240830,2639,3.389591039868475,3.389591039868475,,43.75,47.13959103986848,28.333333333333332,128.0,7,53.82244143033292
SAC,v1,2,4866,4866,0,120,583920,23444,0,408744,0,8920312,23444,4.014933552541444,4.014933552541444,,70.0,74.01493355254145,50.92199844727588,192.0,6+7,85.84052609946568
SAC,v2,1,4866,4866,0,16,77856,37,0,14598,0,1240830,37,0.047523633374434854,0.047523633374434854,,18.75,18.797523633374436,19.615384615384617,32.0,6,0.18495684340320592
SAC,v2,2,4866,4866,0,120,583920,1788,0,204372,0,12573134,1788,0.3062063296341965,0.3062063296341965,,35.0,35.30620632963419,33.126597953355045,64.0,7+10,4.808877928483354
SAG,actual,1,7865,7865,0,16,125840,58279,0,0,62920,515432775,58279,46.31198347107438,46.31198347107438,,0.0,46.31198347107438,4095.9375,32768.0,8,100.0
SAG,actual,2,7865,7865,0,120,943800,635669,0,0,723580,7212140903,635669,67.35208730663277,67.35208730663277,,0.0,67.35208730663277,7641.598752913753,32896.0,0+8,100.0
SAG,binario_8_control,1,7865,7865,0,16,125840,3224,0,62920,0,2005575,3224,2.56198347107438,2.56198347107438,,50.0,52.56198347107438,31.875,128.0,7,40.59758423394787
SAG,binario_8_control,2,7865,7865,0,120,943800,30064,0,723580,0,12806529,30064,3.1854206399660945,3.1854206399660945,,76.66666666666667,79.85208730663277,58.15334211243302,192.0,6+7,89.37062937062937
SAG,v1,1,7865,7865,0,16,125840,3221,0,55055,0,2005575,3221,2.559599491417673,2.559599491417673,,43.75,46.30959949141767,28.333333333333332,128.0,7,40.59758423394787
SAG,v1,2,7865,7865,0,120,943800,32961,0,660660,0,14603092,32961,3.4923712650985377,3.4923712650985377,,70.0,73.49237126509854,51.57551741188105,192.0,6+7,89.37062937062937
SAG,v2,1,7865,7865,0,16,125840,61,0,23595,0,2005575,61,0.048474253019707564,0.048474253019707564,,18.75,18.79847425301971,19.615384615384617,32.0,6,0.1652892561983471
SAG,v2,2,7865,7865,0,120,943800,1645,0,330330,0,20900966,1645,0.17429540156812884,0.17429540156812884,,35.0,35.17429540156813,34.07007025608424,64.0,7+10,2.479338842975207
TAH,actual,1,5584,5584,0,16,89344,41873,0,0,44672,365947440,41873,46.86716511461318,46.86716511461318,,0.0,46.86716511461318,4095.9375,32768.0,8,100.0
TAH,actual,2,5584,5584,0,120,670080,453452,0,0,513728,5120022096,453452,67.67132282712512,67.67132282712512,,0.0,67.67132282712512,7640.9116762177655,32832.0,0+8,100.0
TAH,binario_8_control,1,5584,5584,0,16,89344,2785,0,44672,0,1423920,2785,3.1171651146131807,3.1171651146131807,,50.0,53.11716511461318,31.875,128.0,7,49.87464183381089
TAH,binario_8_control,2,5584,5584,0,120,670080,23484,0,513728,0,8944664,23484,3.5046561604584525,3.5046561604584525,,76.66666666666667,80.17132282712512,57.20850388866148,192.0,6+7,88.30587392550143
TAH,v1,1,5584,5584,0,16,89344,2785,0,39088,0,1423920,2785,3.1171651146131807,3.1171651146131807,,43.75,46.86716511461318,28.333333333333332,128.0,7,49.87464183381089
TAH,v1,2,5584,5584,0,120,670080,27224,0,469056,0,10194382,27224,4.06279847182426,4.06279847182426,,70.0,74.06279847182427,50.71226321235275,192.0,6+7,88.30587392550143
TAH,v2,1,5584,5584,0,16,89344,4,0,16752,0,1423920,4,0.004477077363896848,0.004477077363896848,,18.75,18.754477077363898,19.615384615384617,32.0,7,0.01790830945558739
TAH,v2,2,5584,5584,0,120,670080,814,0,234528,0,14452934,814,0.12147803247373448,0.12147803247373448,,35.0,35.12147803247373,33.18302751451032,64.0,7+10,2.3101719197707737
TLA,actual,1,8081,8078,3,16,129296,59848,13,0,64648,529588335,59861,46.297642618487814,46.30477841049765,27.083333333333332,0.0,46.297642618487814,4095.9375,32768.0,8,99.96287588169781
TLA,actual,2,8081,8078,3,120,969720,652988,89,0,743452,7410053383,653077,67.34696613455431,67.36279607163489,24.72222222222222,0.0,67.34696613455431,7641.436067112156,32896.0,0+8,99.96287588169781
TLA,binario_8_control,1,8081,8078,3,16,129296,3302,10,64648,0,2060655,3312,2.5615641628511323,2.554778410497648,20.833333333333332,50.0,52.561564162851134,31.875,128.0,7,40.391040712783074
TLA,binario_8_control,2,8081,8078,3,120,969720,30982,44,743452,0,13123601,31026,3.1994802623437693,3.1961294049682265,12.222222222222221,76.66666666666667,79.86614692901044,58.00025191365991,192.0,6+7,88.91226333374583
TLA,v1,1,8081,8078,3,16,129296,3300,11,56567,0,2060655,3311,2.5607907437198367,2.553230997771726,22.916666666666668,43.75,46.310790743719835,28.333333333333332,128.0,7,40.391040712783074
TLA,v1,2,8081,8078,3,120,969720,34054,49,678804,0,14963766,34103,3.516788351276657,3.513039531237105,13.61111111111111,70.0,73.51678835127666,51.43672400280494,192.0,6+7,88.91226333374583
TLA,v2,1,8081,8078,3,16,129296,113,20,24243,0,2060655,133,0.10286474446231902,0.08742881901460757,41.666666666666664,18.75,18.85286474446232,19.615384615384617,32.0,6,0.22274470981314193
TLA,v2,2,8081,8078,3,120,969720,2596,127,339402,0,21377254,2723,0.28080270593573403,0.26780556243294545,35.27777777777778,35.0,35.280802705935734,33.915030191109885,64.0,7+10,3.7371612424204925
TLI,actual,1,7666,7666,0,16,122656,56823,0,0,61328,502391310,56823,46.32712627184973,46.32712627184973,,0.0,46.32712627184973,4095.9375,32768.0,8,100.0
TLI,actual,2,7666,7666,0,120,919920,619646,0,0,705272,7029602814,619646,67.35868336377077,67.35868336377077,,0.0,67.35868336377077,7641.53710540047,32896.0,0+8,100.0
TLI,binario_8_control,1,7666,7666,0,16,122656,3161,0,61328,0,1954830,3161,2.577126271849726,2.577126271849726,,50.0,52.57712627184973,31.875,128.0,7,40.77745890947039
TLI,binario_8_control,2,7666,7666,0,120,919920,29364,0,705272,0,12480950,29364,3.192016697104096,3.192016697104096,,76.66666666666667,79.85868336377077,58.14612761358131,192.0,6+7,88.93816853639447
TLI,v1,1,7666,7666,0,16,122656,3158,0,53662,0,1954830,3158,2.5746804069919125,2.5746804069919125,,43.75,46.32468040699191,28.333333333333332,128.0,7,40.77745890947039
TLI,v1,2,7666,7666,0,120,919920,31943,0,643944,0,14235132,31943,3.4723671623619445,3.4723671623619445,,70.0,73.47236716236195,51.58105052613271,192.0,6+7,88.93816853639447
TLI,v2,1,7666,7666,0,16,122656,75,0,22998,0,1954830,75,0.06114662144534307,0.06114662144534307,,18.75,18.811146621445342,19.615384615384617,32.0,6,0.19566918862509783
TLI,v2,2,7666,7666,0,120,919920,2146,0,321972,0,20351690,2146,0.2332811548830333,0.2332811548830333,,35.0,35.23328115488303,34.035886063671086,64.0,7+10,3.326376206626663
UAX,actual,1,6796,6794,2,16,108736,50961,7,0,54368,445375860,50968,46.87316068275456,46.88051957609655,21.875,0.0,46.87316068275456,4095.9375,32768.0,8,99.97057092407299
UAX,actual,2,6796,6794,2,120,815520,551801,58,0,625232,6231155992,551859,67.66958505002943,67.68239132567952,24.166666666666668,0.0,67.66958505002943,7640.715116735335,32896.0,0+8,99.97057092407299
UAX,binario_8_control,1,6796,6794,2,16,108736,3403,5,54368,0,1732980,3408,3.1341965862271923,3.130519576096556,15.625,50.0,53.13419658622719,31.875,128.0,7,48.21954090641554
UAX,binario_8_control,2,6796,6794,2,120,815520,28663,28,625232,0,10922868,28691,3.518123405925054,3.5157246590128546,11.666666666666666,76.66666666666667,80.18479007259172,57.40176994870932,192.0,6+7,86.19776339022955
UAX,v1,1,6796,6794,2,16,108736,3383,6,47572,0,1732980,3389,3.116723072395527,3.1121209891080364,18.75,43.75,46.86672307239553,28.333333333333332,128.0,7,48.21954090641554
UAX,v1,2,6796,6794,2,120,815520,32100,32,570864,0,12461976,32132,3.9400627820286442,3.9372976155431263,13.333333333333334,70.0,73.94006278202865,50.936727486756915,192.0,6+7,86.19776339022955
UAX,v2,1,6796,6794,2,16,108736,288,12,20388,0,1732980,300,0.275897586815774,0.26493965263467767,37.5,18.75,19.025897586815773,19.615384615384617,32.0,6,0.824014125956445
UAX,v2,2,6796,6794,2,120,815520,4491,84,285432,0,17593664,4575,0.5609917598587404,0.5508536944362673,35.0,35.0,35.56099175985874,33.19008164682091,64.0,7+10,6.209535020600353
UIZ,actual,1,7717,7717,0,16,123472,57435,0,0,61736,505733595,57435,46.51661915252041,46.51661915252041,,0.0,46.51661915252041,4095.9375,32768.0,8,100.0
UIZ,actual,2,7717,7717,0,120,926040,624839,0,0,709964,7076051261,624839,67.4742991663427,67.4742991663427,,0.0,67.4742991663427,7641.193966783292,32896.0,0+8,100.0
UIZ,binario_8_control,1,7717,7717,0,16,123472,3416,0,61736,0,1967835,3416,2.7666191525204096,2.7666191525204096,,50.0,52.76661915252041,31.875,128.0,7,43.617986264092266
UIZ,binario_8_control,2,7717,7717,0,120,926040,30630,0,709964,0,12504583,30630,3.30763249967604,3.30763249967604,,76.66666666666667,79.9742991663427,57.87122586497343,192.0,6+7,86.87313722949332
UIZ,v1,1,7717,7717,0,16,123472,3406,0,54019,0,1967835,3406,2.758520150317481,2.758520150317481,,43.75,46.50852015031748,28.333333333333332,128.0,7,43.617986264092266
UIZ,v1,2,7717,7717,0,120,926040,33550,0,648228,0,14270802,33550,3.62295365211006,3.62295365211006,,70.0,73.62295365211006,51.36855859358127,192.0,6+7,86.87313722949332
UIZ,v2,1,7717,7717,0,16,123472,110,0,23151,0,1967835,110,0.0890890242322146,0.0890890242322146,,18.75,18.839089024232216,19.615384615384617,32.0,6,0.2850848775430867
UIZ,v2,2,7717,7717,0,120,926040,3242,0,324114,0,20283756,3242,0.35009286855859356,0.35009286855859356,,35.0,35.35009286855859,33.698089133880245,64.0,7+10,4.95011014642996
VIF,actual,1,7653,7653,0,16,122448,56835,0,0,61224,501539355,56835,46.4156213249706,46.4156213249706,,0.0,46.4156213249706,4095.9375,32768.0,8,100.0
VIF,actual,2,7653,7653,0,120,918360,619068,0,0,704076,7017663415,619068,67.41016594799424,67.41016594799424,,0.0,67.41016594799424,7641.516850690361,32896.0,0+8,100.0
VIF,binario_8_control,1,7653,7653,0,16,122448,3264,0,61224,0,1951515,3264,2.6656213249705996,2.6656213249705996,,50.0,52.6656213249706,31.875,128.0,7,42.467006402717885
VIF,binario_8_control,2,7653,7653,0,120,918360,29787,0,704076,0,12430297,29787,3.243499281327584,3.243499281327584,,76.66666666666667,79.91016594799424,58.008516734800544,192.0,6+7,89.7687181497452
VIF,v1,1,7653,7653,0,16,122448,3262,0,53571,0,1951515,3262,2.6639879785704954,2.6639879785704954,,43.75,46.413987978570496,28.333333333333332,128.0,7,42.467006402717885
VIF,v1,2,7653,7653,0,120,918360,32899,0,642852,0,14171244,32899,3.5823642144692713,3.5823642144692713,,70.0,73.58236421446927,51.43677860533995,192.0,6+7,89.7687181497452
VIF,v2,1,7653,7653,0,16,122448,38,0,22959,0,1951515,38,0.03103358160198615,0.03103358160198615,,18.75,18.781033581601985,19.615384615384617,32.0,6,0.07840062720501764
VIF,v2,2,7653,7653,0,120,918360,1403,0,321426,0,20263782,1403,0.15277233328977743,0.15277233328977743,,35.0,35.152772333289775,33.946436289439035,64.0,7+10,2.352018816150529
XAL,actual,1,5312,5312,0,16,84992,39410,0,0,42496,348121920,39410,46.36907003012048,46.36907003012048,,0.0,46.36907003012048,4095.9375,32768.0,8,100.0
XAL,actual,2,5312,5312,0,120,637440,429483,0,0,488704,4871051790,429483,67.37622364457832,67.37622364457832,,0.0,67.37622364457832,7641.584760918675,32896.0,0+8,100.0
XAL,binario_8_control,1,5312,5312,0,16,84992,2226,0,42496,0,1354560,2226,2.619070030120482,2.619070030120482,,50.0,52.61907003012048,31.875,128.0,7,41.32153614457831
XAL,binario_8_control,2,5312,5312,0,120,637440,20459,0,488704,0,8652634,20459,3.2095569779116464,3.2095569779116464,,76.66666666666667,79.87622364457832,58.17444330895009,192.0,6+7,89.74021084337349
XAL,v1,1,5312,5312,0,16,84992,2223,0,37184,0,1354560,2223,2.6155402861445785,2.6155402861445785,,43.75,46.36554028614458,28.333333333333332,128.0,7,41.32153614457831
XAL,v1,2,5312,5312,0,120,637440,22222,0,446208,0,9869376,22222,3.4861320281124497,3.4861320281124497,,70.0,73.48613202811245,51.609437751004016,192.0,6+7,89.74021084337349
XAL,v2,1,5312,5312,0,16,84992,73,0,15936,0,1354560,73,0.08589043674698796,0.08589043674698796,,18.75,18.83589043674699,19.615384615384617,32.0,6,0.2447289156626506
XAL,v2,2,5312,5312,0,120,637440,1384,0,223104,0,14118428,1384,0.21711847389558234,0.21711847389558234,,35.0,35.21711847389558,34.074828158789,64.0,7+10,2.8049698795180724
