timestamp,ACO,AJM,AJU,ATI,BJU,CAM,CCA,CHO,CUA,CUT,FAC,FAR,GAM,HGM,INN,IZT,LLA,LPR,MER,MGH,MON,MPA,NEZ,PED,SAC,SAG,TAH,TLA,TLI,UAX,UIZ,VIF,XAL
2025-10-20 12:00:00,39,59,,48,,55,66,,,41,50,,51,59,30,,,43,47,,,,,57,,42,,51,46,61,54,41,
2025-10-20 13:00:00,42,76,,52,,58,82,,,44,58,,52,69,41,,,37,50,,,,,69,,43,,53,48,66,55,44,
2025-10-20 14:00:00,41,87,,50,,50,86,,,45,52,,45,59,50,,37,32,40,,,,,77,,40,,49,49,63,52,49,
2025-10-20 15:00:00,40,82,,51,,44,69,,,46,48,,48,48,48,,43,41,39,,,,,65,,38,,50,51,57,47,52,
2025-10-20 16:00:00,41,54,,46,,45,56,,,41,45,,46,51,41,,40,37,40,,,,,48,,38,,46,47,47,43,46,
2025-10-20 17:00:00,41,42,,34,,29,50,,,27,37,,37,46,45,,36,34,27,,,,,45,,27,,33,34,33,33,37,
2025-10-20 18:00:00,38,32,,27,,18,34,,,11,28,,29,32,36,,30,22,17,,,,,,,18,,14,25,32,28,24,
2025-10-20 19:00:00,25,23,,15,,15,21,,,8,18,,22,26,29,,21,26,15,,,,,,,22,,15,19,31,24,24,
2025-10-20 20:00:00,17,10,,13,,11,24,,,7,19,,19,28,23,,8,28,21,,,,,,,13,,12,15,24,20,10,
2025-10-20 21:00:00,18,13,,13,,7,18,,,3,18,,22,17,15,,13,21,15,,,,,,,14,,5,9,17,10,10,
2025-10-20 22:00:00,16,19,,7,,4,10,,,11,10,,12,7,20,,11,20,6,,,,,,,17,,5,10,9,4,12,
2025-10-20 23:00:00,16,20,,9,,3,5,,,14,5,,8,9,20,,15,22,6,,,,,,,19,,9,14,10,1,5,
2025-10-21 00:00:00,8,26,,15,,9,6,,,10,4,,4,8,12,,3,17,3,,,,,,,12,,10,2,6,1,1,
2025-10-21 01:00:00,4,29,,21,,8,13,,,13,6,,5,14,12,,1,7,4,,,,,,,3,,11,4,2,1,1,
2025-10-21 02:00:00,4,26,,14,,5,14,,,16,6,,1,6,15,,0,3,1,,,,,,,3,,7,3,3,2,0,
2025-10-21 03:00:00,3,29,,18,,2,15,,,19,7,,1,2,22,,1,2,1,,,,,,,5,,10,3,2,2,0,
2025-10-21 04:00:00,3,23,,18,,3,11,,,19,6,,2,2,35,,1,2,1,,,,,,,3,,4,1,2,2,0,
2025-10-21 05:00:00,3,13,,4,,2,6,,,13,3,,0,2,30,,1,2,1,,,,,,,1,,2,1,2,1,0,
2025-10-21 06:00:00,2,16,,2,,2,3,,,9,1,,0,3,25,,1,2,1,,,,,,,1,,2,0,2,1,1,
2025-10-21 07:00:00,4,15,,3,,3,6,,,9,2,,1,5,14,,2,2,3,,,,,,,1,,3,2,3,2,3,
2025-10-21 08:00:00,11,18,,13,,6,22,,,14,7,,4,9,14,,6,4,6,,,,,,,4,,11,5,7,7,9,
2025-10-21 09:00:00,22,30,,29,,15,33,,,17,21,,13,23,19,,13,9,16,,,,,,,17,,17,12,20,14,,
2025-10-21 10:00:00,27,41,,43,,24,45,,,34,,,33,36,21,,32,25,21,,,,,38,,33,,31,39,42,33,,
2025-10-21 11:00:00,42,52,,45,,49,57,,,46,,,51,47,27,,44,42,41,,,,,48,,40,,45,50,57,50,,
