epoca,loss,mae
1,137.75509643554688,8.242741584777832
2,105.22565460205078,7.287014484405518
3,94.28441619873047,6.9192214012146
4,89.3330078125,6.75279426574707
5,86.49869537353516,6.639988422393799
6,83.6556625366211,6.560081958770752
7,81.11859893798828,6.444432735443115
8,79.39041137695312,6.394975662231445
9,77.3886489868164,6.329404354095459
10,76.16475677490234,6.283955097198486
11,74.06793975830078,6.21018648147583
12,73.17316436767578,6.1755194664001465
13,70.98905181884766,6.101511478424072
14,69.4129867553711,6.044898509979248
