timestamp,estacion,original_ppb,predicho_ppb,base_ppb,perfil_ppb,umbral_ppb,alerta_limpia
2025-11-11 15:00:00,NEZ,63.0,65.72886,69.73661,69.73660714285714,16.05935287475586,False
2025-11-11 16:00:00,NEZ,66.0,68.56634,62.857143,62.857142857142854,16.05935287475586,False
2025-11-11 17:00:00,NEZ,61.0,61.728832,52.955357,52.955357142857146,16.05935287475586,False
2025-11-11 18:00:00,NEZ,42.0,48.996357,42.18222,42.18222222222222,16.05935287475586,False
2025-11-11 19:00:00,NEZ,21.0,35.10046,33.168888,33.16888888888889,16.05935287475586,False
2025-11-11 20:00:00,NEZ,10.0,24.11909,26.115555,26.115555555555556,16.05935287475586,False
2025-11-11 21:00:00,NEZ,10.0,14.720062,21.195555,21.195555555555554,16.05935287475586,False
2025-11-11 22:00:00,NEZ,7.0,9.261757,17.995556,17.995555555555555,16.05935287475586,False
2025-11-11 23:00:00,NEZ,6.0,6.409031,16.058296,16.05829596412556,16.05935287475586,False
2025-11-12 00:00:00,NEZ,7.0,6.455987,15.963542,15.963541666666666,16.05935287475586,False
2025-11-12 01:00:00,NEZ,9.0,7.15967,16.270834,16.270833333333332,16.05935287475586,False
2025-11-12 02:00:00,NEZ,11.0,8.098801,16.520834,16.520833333333332,16.05935287475586,False
2025-11-12 03:00:00,NEZ,4.0,7.8761835,15.065789,15.06578947368421,16.05935287475586,False
2025-11-12 04:00:00,NEZ,3.0,6.8974447,13.219298,13.219298245614034,16.05935287475586,False
2025-11-12 05:00:00,NEZ,3.0,3.316269,8.903509,8.903508771929825,16.05935287475586,False
2025-11-12 06:00:00,NEZ,3.0,0.5281191,6.0704846,6.070484581497797,16.05935287475586,False
2025-11-12 07:00:00,NEZ,5.0,3.0516367,8.889868,8.889867841409691,16.05935287475586,False
2025-11-12 08:00:00,NEZ,13.0,10.298638,17.132744,17.13274336283186,16.05935287475586,False
2025-11-12 09:00:00,NEZ,27.0,22.126263,30.991112,30.99111111111111,16.05935287475586,False
2025-11-12 10:00:00,NEZ,47.0,36.927967,47.799107,47.799107142857146,16.05935287475586,False
2025-11-12 11:00:00,NEZ,76.0,53.175884,61.755657,61.755656108597286,16.05935287475586,True
2025-11-12 12:00:00,NEZ,98.0,75.21118,70.34101,70.3410138248848,16.05935287475586,True
2025-11-12 13:00:00,NEZ,109.0,87.04636,74.72398,74.72398190045249,16.05935287475586,True
2025-11-12 14:00:00,NEZ,114.0,89.64734,74.46188,74.46188340807174,16.05935287475586,True
2025-11-12 15:00:00,NEZ,104.0,84.02755,63.0,63.0,16.05935287475586,True
2025-11-12 16:00:00,NEZ,98.0,90.63299,66.0,66.0,16.05935287475586,False
2025-11-12 17:00:00,NEZ,63.0,82.141785,61.0,61.0,16.05935287475586,True
2025-11-12 18:00:00,NEZ,28.0,59.88472,42.0,42.0,16.05935287475586,True
2025-11-12 19:00:00,NEZ,22.0,29.5663,21.0,21.0,16.05935287475586,False
2025-11-12 20:00:00,NEZ,10.0,14.803776,10.0,10.0,16.05935287475586,False
2025-11-12 21:00:00,NEZ,3.0,12.396018,10.0,10.0,16.05935287475586,False
2025-11-12 22:00:00,NEZ,3.0,6.8561554,7.0,7.0,16.05935287475586,False
2025-11-12 23:00:00,NEZ,3.0,4.618269,6.0,6.0,16.05935287475586,False
2025-11-13 20:00:00,NEZ,6.0,7.3618536,10.0,10.0,16.05935287475586,False
2025-11-13 21:00:00,NEZ,3.0,1.8948565,6.5,6.5,16.05935287475586,False
2025-11-13 22:00:00,NEZ,2.0,0.4992695,5.0,5.0,16.05935287475586,False
2025-11-13 23:00:00,NEZ,2.0,-0.37967968,4.5,4.5,16.05935287475586,False
2025-11-14 00:00:00,NEZ,5.0,1.2999821,7.0,7.0,16.05935287475586,False
2025-11-14 01:00:00,NEZ,9.0,3.2364635,9.0,9.0,16.05935287475586,False
2025-11-14 02:00:00,NEZ,3.0,5.7971487,11.0,11.0,16.05935287475586,False
2025-11-14 03:00:00,NEZ,2.0,-0.3041401,4.0,4.0,16.05935287475586,False
2025-11-14 04:00:00,NEZ,2.0,-0.39894056,3.0,3.0,16.05935287475586,False
2025-11-14 05:00:00,NEZ,2.0,-0.0020868778,3.0,3.0,16.05935287475586,False
2025-11-14 06:00:00,NEZ,2.0,0.15791774,3.0,3.0,16.05935287475586,False
2025-11-14 07:00:00,NEZ,3.0,1.9014418,5.0,5.0,16.05935287475586,False
2025-11-14 08:00:00,NEZ,10.0,8.988123,13.0,13.0,16.05935287475586,False
2025-11-14 09:00:00,NEZ,25.0,21.516706,27.0,27.0,16.05935287475586,False
2025-11-14 10:00:00,NEZ,54.0,39.193146,47.0,47.0,16.05935287475586,False
2025-11-14 11:00:00,NEZ,59.0,68.70848,76.0,76.0,16.05935287475586,False
2025-11-14 12:00:00,NEZ,71.0,96.09028,98.0,98.0,16.05935287475586,True
2025-11-14 13:00:00,NEZ,96.0,110.16083,109.0,109.0,16.05935287475586,False
2025-11-14 14:00:00,NEZ,74.0,120.01719,114.0,114.0,16.05935287475586,True
2025-11-14 15:00:00,NEZ,64.0,86.2716,83.5,83.5,16.05935287475586,True
2025-11-14 16:00:00,NEZ,54.0,78.4788,82.0,82.0,16.05935287475586,True
2025-11-14 17:00:00,NEZ,40.0,57.381187,62.0,62.0,16.05935287475586,True
2025-11-14 18:00:00,NEZ,14.0,28.075378,35.0,35.0,16.05935287475586,False
2025-11-14 19:00:00,NEZ,5.0,7.8784447,21.5,21.5,16.05935287475586,False
2025-11-14 20:00:00,NEZ,3.0,-3.7343645,8.666667,8.666666666666666,16.05935287475586,False
2025-11-14 21:00:00,NEZ,4.0,-7.144134,5.3333335,5.333333333333333,16.05935287475586,False
2025-11-14 22:00:00,NEZ,2.0,-7.240985,4.0,4.0,16.05935287475586,False
2025-11-14 23:00:00,NEZ,2.0,-6.122159,3.6666667,3.6666666666666665,16.05935287475586,False
2025-11-15 00:00:00,NEZ,2.0,-2.3604908,6.0,6.0,16.05935287475586,False
2025-11-15 01:00:00,NEZ,2.0,1.7639666,9.0,9.0,16.05935287475586,False
2025-11-15 02:00:00,NEZ,2.0,0.8747816,7.0,7.0,16.05935287475586,False
2025-11-15 03:00:00,NEZ,2.0,-2.0774012,3.0,3.0,16.05935287475586,False
2025-11-15 04:00:00,NEZ,2.0,-1.6702867,2.5,2.5,16.05935287475586,False
2025-11-15 05:00:00,NEZ,1.0,-1.0687766,2.5,2.5,16.05935287475586,False
2025-11-15 06:00:00,NEZ,2.0,-0.95355916,2.5,2.5,16.05935287475586,False
2025-11-15 07:00:00,NEZ,4.0,0.39242625,4.0,4.0,16.05935287475586,False
2025-11-15 08:00:00,NEZ,9.0,6.953399,11.5,11.5,16.05935287475586,False
2025-11-15 09:00:00,NEZ,20.0,19.650562,26.0,26.0,16.05935287475586,False
2025-11-15 10:00:00,NEZ,43.0,41.677086,50.5,50.5,16.05935287475586,False
2025-11-15 11:00:00,NEZ,64.0,57.561306,67.5,67.5,16.05935287475586,False
2025-11-15 12:00:00,NEZ,73.0,78.50185,84.5,84.5,16.05935287475586,False
2025-11-15 13:00:00,NEZ,103.0,95.03815,102.5,102.5,16.05935287475586,False
2025-11-15 14:00:00,NEZ,96.0,97.27689,94.0,94.0,16.05935287475586,False
2025-11-15 15:00:00,NEZ,90.0,80.96163,77.0,77.0,16.05935287475586,False
2025-11-15 16:00:00,NEZ,76.0,78.26051,72.666664,72.66666666666667,16.05935287475586,False
2025-11-15 17:00:00,NEZ,57.0,63.246662,54.666668,54.666666666666664,16.05935287475586,False
2025-11-15 18:00:00,NEZ,18.0,32.155937,28.0,28.0,16.05935287475586,False
2025-11-15 19:00:00,NEZ,14.0,10.94739,16.0,16.0,16.05935287475586,False
2025-11-15 20:00:00,NEZ,5.0,-1.5832605,7.25,7.25,16.05935287475586,False
2025-11-15 21:00:00,NEZ,4.0,-6.6758556,5.0,5.0,16.05935287475586,False
2025-11-15 22:00:00,NEZ,4.0,-7.400934,3.5,3.5,16.05935287475586,False
2025-11-15 23:00:00,NEZ,3.0,-6.480015,3.25,3.25,16.05935287475586,False
2025-11-16 00:00:00,NEZ,2.0,-4.098453,4.6666665,4.666666666666667,16.05935287475586,False
2025-11-16 01:00:00,NEZ,3.0,-0.50442696,6.6666665,6.666666666666667,16.05935287475586,False
2025-11-16 02:00:00,NEZ,3.0,-0.2284751,5.3333335,5.333333333333333,16.05935287475586,False
2025-11-16 03:00:00,NEZ,3.0,-1.584327,2.6666667,2.6666666666666665,16.05935287475586,False
2025-11-16 04:00:00,NEZ,3.0,-1.2548561,2.3333333,2.3333333333333335,16.05935287475586,False
2025-11-16 05:00:00,NEZ,2.0,-1.2571073,2.0,2.0,16.05935287475586,False
2025-11-16 06:00:00,NEZ,2.0,-0.96088696,2.3333333,2.3333333333333335,16.05935287475586,False
2025-11-16 07:00:00,NEZ,4.0,0.24087715,4.0,4.0,16.05935287475586,False
2025-11-16 08:00:00,NEZ,13.0,5.9387827,10.666667,10.666666666666666,16.05935287475586,False
2025-11-16 09:00:00,NEZ,36.0,17.27501,24.0,24.0,16.05935287475586,True
2025-11-16 10:00:00,NEZ,64.0,41.802147,48.0,48.0,16.05935287475586,True
2025-11-16 11:00:00,NEZ,76.0,66.74632,66.333336,66.33333333333333,16.05935287475586,False
2025-11-16 12:00:00,NEZ,88.0,85.46113,80.666664,80.66666666666667,16.05935287475586,False
2025-11-16 13:00:00,NEZ,85.0,107.38912,102.666664,102.66666666666667,16.05935287475586,True
2025-11-16 14:00:00,NEZ,85.0,102.11137,94.666664,94.66666666666667,16.05935287475586,True
2025-11-16 15:00:00,NEZ,76.0,89.948395,80.25,80.25,16.05935287475586,False
2025-11-16 16:00:00,NEZ,60.0,82.407814,73.5,73.5,16.05935287475586,True
2025-11-16 17:00:00,NEZ,41.0,61.14217,55.25,55.25,16.05935287475586,True
2025-11-16 18:00:00,NEZ,27.0,27.413614,25.5,25.5,16.05935287475586,False
2025-11-16 19:00:00,NEZ,14.0,11.946481,15.5,15.5,16.05935287475586,False
2025-11-16 20:00:00,NEZ,5.0,1.47542,6.8,6.8,16.05935287475586,False
2025-11-16 21:00:00,NEZ,4.0,0.291461,4.8,4.8,16.05935287475586,False
2025-11-16 22:00:00,NEZ,6.0,-3.6313696,3.6,3.6,16.05935287475586,False
2025-11-16 23:00:00,NEZ,3.0,-3.7179449,3.2,3.2,16.05935287475586,False
2025-11-17 00:00:00,NEZ,3.0,-3.5651636,4.0,4.0,16.05935287475586,False
2025-11-17 01:00:00,NEZ,2.0,-1.1929111,5.75,5.75,16.05935287475586,False
2025-11-17 02:00:00,NEZ,2.0,-1.4367714,4.75,4.75,16.05935287475586,False
2025-11-17 03:00:00,NEZ,2.0,-2.4428616,2.75,2.75,16.05935287475586,False
2025-11-17 04:00:00,NEZ,2.0,-1.3744256,2.5,2.5,16.05935287475586,False
2025-11-17 05:00:00,NEZ,2.0,-1.2480695,2.0,2.0,16.05935287475586,False
2025-11-17 06:00:00,NEZ,2.0,-0.58362174,2.25,2.25,16.05935287475586,False
2025-11-17 07:00:00,NEZ,3.0,0.9462197,4.0,4.0,16.05935287475586,False
2025-11-17 08:00:00,NEZ,10.0,7.186406,11.25,11.25,16.05935287475586,False
2025-11-17 09:00:00,NEZ,31.0,20.69506,27.0,27.0,16.05935287475586,False
2025-11-17 10:00:00,NEZ,54.0,43.822433,52.0,52.0,16.05935287475586,False
2025-11-17 11:00:00,NEZ,74.0,61.139744,68.75,68.75,16.05935287475586,False
2025-11-17 12:00:00,NEZ,80.0,85.55525,82.5,82.5,16.05935287475586,False
2025-11-17 13:00:00,NEZ,92.0,103.2088,98.25,98.25,16.05935287475586,False
2025-11-17 14:00:00,NEZ,85.0,100.41446,92.25,92.25,16.05935287475586,False
2025-11-17 15:00:00,NEZ,84.0,92.29843,79.4,79.4,16.05935287475586,False
2025-11-17 16:00:00,NEZ,85.0,86.5729,70.8,70.8,16.05935287475586,False
2025-11-17 17:00:00,NEZ,69.0,71.19492,52.4,52.4,16.05935287475586,False
2025-11-17 18:00:00,NEZ,53.0,40.5579,25.8,25.8,16.05935287475586,False
2025-11-17 19:00:00,NEZ,40.0,21.412483,15.2,15.2,16.05935287475586,True
2025-11-17 20:00:00,NEZ,27.0,9.037158,6.5,6.5,16.05935287475586,True
2025-11-17 21:00:00,NEZ,31.0,3.929071,4.6666665,4.666666666666667,16.05935287475586,True
2025-11-17 22:00:00,NEZ,32.0,0.26229382,4.0,4.0,16.05935287475586,True
2025-11-17 23:00:00,NEZ,22.0,-3.907264,3.1666667,3.1666666666666665,16.05935287475586,True
2025-11-18 00:00:00,NEZ,25.0,-3.8097641,3.8,3.8,16.05935287475586,True
2025-11-18 01:00:00,NEZ,40.0,-2.228292,5.0,5.0,16.05935287475586,True
2025-11-18 02:00:00,NEZ,18.0,-3.2567148,4.2,4.2,16.05935287475586,True
2025-11-18 03:00:00,NEZ,3.0,-4.6148124,2.6,2.6,16.05935287475586,False
2025-11-18 04:00:00,NEZ,2.0,-3.6506639,2.4,2.4,16.05935287475586,False
2025-11-18 05:00:00,NEZ,2.0,-3.3374872,2.0,2.0,16.05935287475586,False
2025-11-18 06:00:00,NEZ,2.0,-3.0315368,2.2,2.2,16.05935287475586,False
2025-11-18 07:00:00,NEZ,4.0,-1.66349,3.8,3.8,16.05935287475586,False
2025-11-18 08:00:00,NEZ,12.0,4.4755793,11.0,11.0,16.05935287475586,False
2025-11-18 09:00:00,NEZ,26.0,18.95626,27.8,27.8,16.05935287475586,False
2025-11-18 10:00:00,NEZ,58.0,41.25855,52.4,52.4,16.05935287475586,True
2025-11-18 11:00:00,NEZ,80.0,61.64784,69.8,69.8,16.05935287475586,True
2025-11-18 12:00:00,NEZ,83.0,84.0294,82.0,82.0,16.05935287475586,False
2025-11-18 13:00:00,NEZ,83.0,105.79004,97.0,97.0,16.05935287475586,True
2025-11-18 14:00:00,NEZ,87.0,100.79923,90.8,90.8,16.05935287475586,False
2025-11-18 15:00:00,NEZ,86.0,91.61524,80.166664,80.16666666666667,16.05935287475586,False
2025-11-18 16:00:00,NEZ,83.0,86.221954,73.166664,73.16666666666667,16.05935287475586,False
2025-11-18 17:00:00,NEZ,71.0,70.330246,55.166668,55.166666666666664,16.05935287475586,False
2025-11-18 18:00:00,NEZ,51.0,45.48021,30.333334,30.333333333333332,16.05935287475586,False
2025-11-18 19:00:00,NEZ,52.0,26.61143,19.333334,19.333333333333332,16.05935287475586,True
2025-11-18 20:00:00,NEZ,50.0,13.379467,9.428572,9.428571428571429,16.05935287475586,True
2025-11-18 21:00:00,NEZ,13.0,10.002869,8.428572,8.428571428571429,16.05935287475586,False
2025-11-18 22:00:00,NEZ,3.0,3.9344845,8.0,8.0,16.05935287475586,False
2025-11-18 23:00:00,NEZ,3.0,0.28045845,5.857143,5.857142857142857,16.05935287475586,False
2025-11-19 03:00:00,NEZ,2.0,6.5438285,2.6666667,2.6666666666666665,16.05935287475586,False
2025-11-19 04:00:00,NEZ,3.0,0.22695923,2.3333333,2.3333333333333335,16.05935287475586,False
2025-11-19 05:00:00,NEZ,2.0,0.2739315,2.0,2.0,16.05935287475586,False
2025-11-19 06:00:00,NEZ,2.0,0.46960902,2.1666667,2.1666666666666665,16.05935287475586,False
2025-11-19 07:00:00,NEZ,3.0,1.6872084,3.8333333,3.8333333333333335,16.05935287475586,False
2025-11-19 08:00:00,NEZ,10.0,7.66728,11.166667,11.166666666666666,16.05935287475586,False
2025-11-19 09:00:00,NEZ,22.0,21.492514,27.5,27.5,16.05935287475586,False
2025-11-19 10:00:00,NEZ,43.0,44.688736,53.333332,53.333333333333336,16.05935287475586,False
2025-11-19 11:00:00,NEZ,62.0,64.05592,71.5,71.5,16.05935287475586,False
2025-11-19 12:00:00,NEZ,73.0,74.64193,82.166664,82.16666666666667,16.05935287475586,False
2025-11-19 13:00:00,NEZ,68.0,88.129265,94.666664,94.66666666666667,16.05935287475586,True
2025-11-19 14:00:00,NEZ,65.0,84.74383,90.166664,90.16666666666667,16.05935287475586,True
2025-11-19 15:00:00,NEZ,57.0,83.57395,81.0,81.0,16.05935287475586,True
2025-11-19 16:00:00,NEZ,51.0,79.337135,74.57143,74.57142857142857,16.05935287475586,True
2025-11-19 17:00:00,NEZ,33.0,64.99663,57.42857,57.42857142857143,16.05935287475586,True
2025-11-19 18:00:00,NEZ,21.0,39.641624,33.285713,33.285714285714285,16.05935287475586,True
2025-11-19 19:00:00,NEZ,11.0,29.400082,24.0,24.0,16.05935287475586,True
2025-11-19 20:00:00,NEZ,7.0,15.096323,14.5,14.5,16.05935287475586,False
2025-11-19 21:00:00,NEZ,2.0,4.4968395,9.0,9.0,16.05935287475586,False
2025-11-19 22:00:00,NEZ,2.0,1.8910313,7.375,7.375,16.05935287475586,False
2025-11-19 23:00:00,NEZ,2.0,0.0522995,5.5,5.5,16.05935287475586,False
2025-11-20 00:00:00,NEZ,6.0,1.6336379,7.3333335,7.333333333333333,16.05935287475586,False
2025-11-20 01:00:00,NEZ,9.0,5.576972,10.833333,10.833333333333334,16.05935287475586,False
2025-11-20 02:00:00,NEZ,4.0,1.8188887,6.5,6.5,16.05935287475586,False
2025-11-20 03:00:00,NEZ,5.0,-1.2152753,2.5714285,2.5714285714285716,16.05935287475586,False
2025-11-20 04:00:00,NEZ,3.0,-0.7793436,2.4285715,2.4285714285714284,16.05935287475586,False
2025-11-20 05:00:00,NEZ,2.0,-0.8878319,2.0,2.0,16.05935287475586,False
2025-11-20 06:00:00,NEZ,2.0,-0.53398156,2.142857,2.142857142857143,16.05935287475586,False
2025-11-20 07:00:00,NEZ,3.0,0.9211774,3.7142856,3.7142857142857144,16.05935287475586,False
2025-11-20 08:00:00,NEZ,11.0,7.2983875,11.0,11.0,16.05935287475586,False
2025-11-20 09:00:00,NEZ,24.0,20.983295,26.714285,26.714285714285715,16.05935287475586,False
2025-11-20 10:00:00,NEZ,47.0,43.733604,51.857143,51.857142857142854,16.05935287475586,False
2025-11-20 11:00:00,NEZ,66.0,62.84288,70.14286,70.14285714285714,16.05935287475586,False
2025-11-20 12:00:00,NEZ,81.0,80.52924,80.85714,80.85714285714286,16.05935287475586,False
2025-11-20 13:00:00,NEZ,88.0,97.81862,90.85714,90.85714285714286,16.05935287475586,False
2025-11-20 14:00:00,NEZ,106.0,95.087654,86.57143,86.57142857142857,16.05935287475586,False
2025-11-20 15:00:00,NEZ,134.0,91.899605,78.0,78.0,16.05935287475586,True
2025-11-20 16:00:00,NEZ,120.0,93.46454,71.625,71.625,16.05935287475586,True
2025-11-20 17:00:00,NEZ,84.0,78.34168,54.375,54.375,16.05935287475586,False
2025-11-20 18:00:00,NEZ,48.0,50.291496,31.75,31.75,16.05935287475586,False
2025-11-20 19:00:00,NEZ,39.0,31.65259,22.375,22.375,16.05935287475586,False
2025-11-20 20:00:00,NEZ,38.0,18.659054,13.666667,13.666666666666666,16.05935287475586,True
2025-11-20 21:00:00,NEZ,29.0,9.139532,8.222222,8.222222222222221,16.05935287475586,True
2025-11-20 22:00:00,NEZ,19.0,3.5293748,6.7777777,6.777777777777778,16.05935287475586,False
2025-11-20 23:00:00,NEZ,22.0,1.733218,5.111111,5.111111111111111,16.05935287475586,True
2025-11-21 00:00:00,NEZ,33.0,3.6577744,7.142857,7.142857142857143,16.05935287475586,True
2025-11-21 01:00:00,NEZ,18.0,5.0729194,10.571428,10.571428571428571,16.05935287475586,False
2025-11-21 02:00:00,NEZ,2.0,2.0411277,6.142857,6.142857142857143,16.05935287475586,False
2025-11-21 03:00:00,NEZ,7.0,-0.2477088,2.875,2.875,16.05935287475586,False
2025-11-21 04:00:00,NEZ,5.0,0.548025,2.5,2.5,16.05935287475586,False
2025-11-21 05:00:00,NEZ,2.0,0.71300554,2.0,2.0,16.05935287475586,False
2025-11-21 06:00:00,NEZ,2.0,0.46692574,2.125,2.125,16.05935287475586,False
2025-11-21 07:00:00,NEZ,3.0,1.1825082,3.625,3.625,16.05935287475586,False
2025-11-21 08:00:00,NEZ,10.0,6.909454,11.0,11.0,16.05935287475586,False
2025-11-21 09:00:00,NEZ,24.0,19.508781,26.375,26.375,16.05935287475586,False
2025-11-21 10:00:00,NEZ,46.0,42.659546,51.25,51.25,16.05935287475586,False
2025-11-21 11:00:00,NEZ,80.0,64.34762,69.625,69.625,16.05935287475586,False
2025-11-21 12:00:00,NEZ,89.0,90.17383,80.875,80.875,16.05935287475586,False
2025-11-21 13:00:00,NEZ,97.0,106.161995,90.5,90.5,16.05935287475586,False
2025-11-21 14:00:00,NEZ,97.0,109.180374,89.0,89.0,16.05935287475586,False
2025-11-21 15:00:00,NEZ,87.0,102.52069,84.22222,84.22222222222223,16.05935287475586,False
2025-11-21 16:00:00,NEZ,63.0,96.472824,77.0,77.0,16.05935287475586,True
2025-11-21 17:00:00,NEZ,47.0,73.32021,57.666668,57.666666666666664,16.05935287475586,True
2025-11-21 18:00:00,NEZ,32.0,41.969933,33.555557,33.55555555555556,16.05935287475586,False
2025-11-21 19:00:00,NEZ,22.0,30.837193,24.222221,24.22222222222222,16.05935287475586,False
2025-11-21 20:00:00,NEZ,23.0,22.669645,16.1,16.1,16.05935287475586,False
2025-11-21 21:00:00,NEZ,12.0,15.361356,10.3,10.3,16.05935287475586,False
2025-11-21 22:00:00,NEZ,5.0,10.960283,8.0,8.0,16.05935287475586,False
2025-11-21 23:00:00,NEZ,4.0,9.425186,6.8,6.8,16.05935287475586,False
2025-11-22 00:00:00,NEZ,4.0,15.352553,10.375,10.375,16.05935287475586,False
2025-11-22 01:00:00,NEZ,9.0,17.07911,11.5,11.5,16.05935287475586,False
2025-11-22 02:00:00,NEZ,11.0,10.503988,5.625,5.625,16.05935287475586,False
2025-11-22 03:00:00,NEZ,11.0,8.025947,3.3333333,3.3333333333333335,16.05935287475586,False
2025-11-22 04:00:00,NEZ,13.0,7.1506767,2.7777777,2.7777777777777777,16.05935287475586,False
2025-11-22 05:00:00,NEZ,7.0,6.6425004,2.0,2.0,16.05935287475586,False
2025-11-22 06:00:00,NEZ,2.0,6.2057056,2.1111112,2.111111111111111,16.05935287475586,False
2025-11-22 07:00:00,NEZ,4.0,6.9197054,3.5555556,3.5555555555555554,16.05935287475586,False
2025-11-22 08:00:00,NEZ,13.0,12.859157,10.888889,10.88888888888889,16.05935287475586,False
2025-11-22 09:00:00,NEZ,27.0,25.748354,26.11111,26.11111111111111,16.05935287475586,False
2025-11-22 10:00:00,NEZ,47.0,49.458992,50.666668,50.666666666666664,16.05935287475586,False
2025-11-22 11:00:00,NEZ,65.0,69.809364,70.77778,70.77777777777777,16.05935287475586,False
2025-11-22 12:00:00,NEZ,71.0,82.606735,81.77778,81.77777777777777,16.05935287475586,False
2025-11-22 13:00:00,NEZ,80.0,94.48184,91.22222,91.22222222222223,16.05935287475586,False
2025-11-22 14:00:00,NEZ,77.0,94.99464,89.888885,89.88888888888889,16.05935287475586,True
2025-11-22 15:00:00,NEZ,79.0,89.963974,84.5,84.5,16.05935287475586,False
2025-11-22 16:00:00,NEZ,69.0,78.238495,75.6,75.6,16.05935287475586,False
2025-11-22 17:00:00,NEZ,39.0,54.35994,56.6,56.6,16.05935287475586,False
2025-11-22 18:00:00,NEZ,25.0,25.520576,33.4,33.4,16.05935287475586,False
2025-11-22 19:00:00,NEZ,15.0,12.332718,24.0,24.0,16.05935287475586,False
2025-11-22 20:00:00,NEZ,14.0,5.692959,16.727272,16.727272727272727,16.05935287475586,False
2025-11-22 21:00:00,NEZ,12.0,2.6586714,10.454545,10.454545454545455,16.05935287475586,False
2025-11-22 22:00:00,NEZ,12.0,2.972937,7.7272725,7.7272727272727275,16.05935287475586,False
2025-11-22 23:00:00,NEZ,4.0,4.787505,6.5454545,6.545454545454546,16.05935287475586,False
2025-11-23 00:00:00,NEZ,3.0,9.7492895,9.666667,9.666666666666666,16.05935287475586,False
2025-11-23 01:00:00,NEZ,5.0,12.916441,11.222222,11.222222222222221,16.05935287475586,False
2025-11-23 02:00:00,NEZ,7.0,8.6050415,6.2222223,6.222222222222222,16.05935287475586,False
2025-11-23 03:00:00,NEZ,9.0,7.2169886,4.1,4.1,16.05935287475586,False
2025-11-23 04:00:00,NEZ,5.0,7.4555054,3.8,3.8,16.05935287475586,False
2025-11-23 05:00:00,NEZ,2.0,6.3963757,2.5,2.5,16.05935287475586,False
2025-11-23 06:00:00,NEZ,2.0,6.0631943,2.1,2.1,16.05935287475586,False
2025-11-23 07:00:00,NEZ,5.0,7.030979,3.6,3.6,16.05935287475586,False
2025-11-23 08:00:00,NEZ,13.0,12.607889,11.1,11.1,16.05935287475586,False
2025-11-23 09:00:00,NEZ,24.0,25.704344,26.2,26.2,16.05935287475586,False
2025-11-23 10:00:00,NEZ,37.0,47.673042,50.3,50.3,16.05935287475586,False
2025-11-23 11:00:00,NEZ,49.0,63.39515,70.2,70.2,16.05935287475586,False
2025-11-23 12:00:00,NEZ,55.0,71.80605,80.7,80.7,16.05935287475586,True
2025-11-23 13:00:00,NEZ,60.0,82.67776,90.1,90.1,16.05935287475586,True
2025-11-23 14:00:00,NEZ,62.0,82.791466,88.6,88.6,16.05935287475586,True
2025-11-23 15:00:00,NEZ,60.0,78.610535,84.0,84.0,16.05935287475586,True
2025-11-23 16:00:00,NEZ,61.0,70.84836,75.0,75.0,16.05935287475586,False
2025-11-23 17:00:00,NEZ,58.0,52.80724,55.0,55.0,16.05935287475586,False
2025-11-23 18:00:00,NEZ,59.0,28.358036,32.636364,32.63636363636363,16.05935287475586,True
2025-11-23 19:00:00,NEZ,45.0,16.241016,23.181818,23.181818181818183,16.05935287475586,True
2025-11-23 20:00:00,NEZ,31.0,9.081135,16.5,16.5,16.05935287475586,True
2025-11-23 21:00:00,NEZ,17.0,3.4357343,10.583333,10.583333333333334,16.05935287475586,False
2025-11-23 22:00:00,NEZ,15.0,0.54620504,8.083333,8.083333333333334,16.05935287475586,False
2025-11-23 23:00:00,NEZ,12.0,-0.034077168,6.3333335,6.333333333333333,16.05935287475586,False
2025-11-24 00:00:00,NEZ,8.0,3.8002367,9.0,9.0,16.05935287475586,False
2025-11-24 01:00:00,NEZ,5.0,7.45387,10.6,10.6,16.05935287475586,False
2025-11-24 02:00:00,NEZ,12.0,5.1675644,6.3,6.3,16.05935287475586,False
2025-11-24 03:00:00,NEZ,7.0,4.9158063,4.5454545,4.545454545454546,16.05935287475586,False
2025-11-24 04:00:00,NEZ,2.0,5.1603184,3.909091,3.909090909090909,16.05935287475586,False
2025-11-24 05:00:00,NEZ,2.0,4.2651954,2.4545455,2.4545454545454546,16.05935287475586,False
2025-11-24 06:00:00,NEZ,2.0,4.0705204,2.090909,2.090909090909091,16.05935287475586,False
2025-11-24 07:00:00,NEZ,3.0,5.610895,3.7272727,3.727272727272727,16.05935287475586,False
2025-11-24 08:00:00,NEZ,8.0,12.1588955,11.272727,11.272727272727273,16.05935287475586,False
2025-11-24 09:00:00,NEZ,22.0,24.996986,26.0,26.0,16.05935287475586,False
2025-11-24 10:00:00,NEZ,48.0,46.757797,49.090908,49.09090909090909,16.05935287475586,False
2025-11-24 11:00:00,NEZ,65.0,67.61073,68.27273,68.27272727272727,16.05935287475586,False
2025-11-24 12:00:00,NEZ,78.0,78.34198,78.36364,78.36363636363636,16.05935287475586,False
2025-11-24 13:00:00,NEZ,91.0,89.13766,87.36364,87.36363636363636,16.05935287475586,False
2025-11-24 14:00:00,NEZ,95.0,92.76351,86.181816,86.18181818181819,16.05935287475586,False
2025-11-24 15:00:00,NEZ,99.0,93.077805,82.0,82.0,16.05935287475586,False
2025-11-24 16:00:00,NEZ,106.0,87.88457,73.833336,73.83333333333333,16.05935287475586,True
2025-11-24 17:00:00,NEZ,73.0,71.2133,55.25,55.25,16.05935287475586,False
2025-11-24 18:00:00,NEZ,39.0,49.033623,34.833332,34.833333333333336,16.05935287475586,False
2025-11-24 19:00:00,NEZ,39.0,34.025055,25.0,25.0,16.05935287475586,False
2025-11-24 20:00:00,NEZ,26.0,23.560322,17.615385,17.615384615384617,16.05935287475586,False
2025-11-24 21:00:00,NEZ,33.0,14.761863,11.076923,11.076923076923077,16.05935287475586,True
2025-11-24 22:00:00,NEZ,24.0,9.671173,8.615385,8.615384615384615,16.05935287475586,False
2025-11-24 23:00:00,NEZ,34.0,8.574309,6.769231,6.769230769230769,16.05935287475586,True
2025-11-25 03:00:00,NEZ,2.0,12.948648,4.75,4.75,16.05935287475586,False
2025-11-25 04:00:00,NEZ,3.0,9.573091,3.75,3.75,16.05935287475586,False
2025-11-25 05:00:00,NEZ,2.0,8.889679,2.4166667,2.4166666666666665,16.05935287475586,False
2025-11-25 06:00:00,NEZ,2.0,7.2265577,2.0833333,2.0833333333333335,16.05935287475586,False
2025-11-25 07:00:00,NEZ,3.0,6.946843,3.6666667,3.6666666666666665,16.05935287475586,False
2025-11-25 08:00:00,NEZ,7.0,11.46146,11.0,11.0,16.05935287475586,False
2025-11-25 09:00:00,NEZ,27.0,22.55399,25.666666,25.666666666666668,16.05935287475586,False
2025-11-25 10:00:00,NEZ,58.0,43.29254,49.0,49.0,16.05935287475586,False
2025-11-25 11:00:00,NEZ,83.0,67.42434,68.0,68.0,16.05935287475586,False
2025-11-25 12:00:00,NEZ,99.0,86.81839,78.333336,78.33333333333333,16.05935287475586,False
2025-11-25 13:00:00,NEZ,104.0,100.88758,87.666664,87.66666666666667,16.05935287475586,False
2025-11-25 14:00:00,NEZ,91.0,101.79222,86.916664,86.91666666666667,16.05935287475586,False
2025-11-25 15:00:00,NEZ,59.0,97.657196,83.30769,83.3076923076923,16.05935287475586,True
2025-11-25 16:00:00,NEZ,40.0,86.341896,76.30769,76.3076923076923,16.05935287475586,True
2025-11-25 17:00:00,NEZ,46.0,65.502556,56.615383,56.61538461538461,16.05935287475586,True
2025-11-25 18:00:00,NEZ,48.0,44.07313,35.153847,35.15384615384615,16.05935287475586,False
2025-11-25 19:00:00,NEZ,39.0,34.35189,26.076923,26.076923076923077,16.05935287475586,False
2025-11-25 20:00:00,NEZ,32.0,27.170582,18.214285,18.214285714285715,16.05935287475586,False
2025-11-25 21:00:00,NEZ,7.0,22.865807,12.642858,12.642857142857142,16.05935287475586,False
2025-11-25 22:00:00,NEZ,5.0,19.86589,9.714286,9.714285714285714,16.05935287475586,False
2025-11-25 23:00:00,NEZ,2.0,17.384108,8.714286,8.714285714285714,16.05935287475586,False
2025-11-26 00:00:00,NEZ,2.0,17.95802,8.909091,8.909090909090908,16.05935287475586,False
2025-11-26 01:00:00,NEZ,2.0,20.7529,10.090909,10.090909090909092,16.05935287475586,True
2025-11-26 02:00:00,NEZ,7.0,17.636454,6.818182,6.818181818181818,16.05935287475586,False
2025-11-26 03:00:00,NEZ,7.0,14.094555,4.5384617,4.538461538461538,16.05935287475586,False
2025-11-26 04:00:00,NEZ,4.0,13.143876,3.6923077,3.6923076923076925,16.05935287475586,False
2025-11-26 05:00:00,NEZ,2.0,10.722704,2.3846154,2.3846153846153846,16.05935287475586,False
2025-11-26 06:00:00,NEZ,2.0,9.988501,2.0769231,2.076923076923077,16.05935287475586,False
2025-11-26 07:00:00,NEZ,4.0,11.583443,3.6153846,3.6153846153846154,16.05935287475586,False
2025-11-26 08:00:00,NEZ,9.0,18.268879,10.692307,10.692307692307692,16.05935287475586,False
2025-11-26 09:00:00,NEZ,17.0,31.825314,25.76923,25.76923076923077,16.05935287475586,False
2025-11-26 10:00:00,NEZ,34.0,53.716396,49.692307,49.69230769230769,16.05935287475586,True
2025-11-26 11:00:00,NEZ,52.0,69.68813,69.15385,69.15384615384616,16.05935287475586,True
2025-11-26 12:00:00,NEZ,69.0,82.274925,79.92308,79.92307692307692,16.05935287475586,False
2025-11-26 13:00:00,NEZ,72.0,96.04513,88.92308,88.92307692307692,16.05935287475586,True
2025-11-26 14:00:00,NEZ,73.0,97.258896,87.23077,87.23076923076923,16.05935287475586,True
2025-11-26 15:00:00,NEZ,74.0,95.51137,83.0,83.0,16.05935287475586,True
2025-11-26 16:00:00,NEZ,59.0,90.38607,74.30769,74.3076923076923,16.05935287475586,True
2025-11-26 17:00:00,NEZ,30.0,65.630905,55.46154,55.46153846153846,16.05935287475586,True
2025-11-26 18:00:00,NEZ,26.0,35.27561,35.615383,35.61538461538461,16.05935287475586,False
2025-11-26 19:00:00,NEZ,23.0,28.070398,27.461538,27.46153846153846,16.05935287475586,False
2025-11-26 20:00:00,NEZ,20.0,21.98156,19.785715,19.785714285714285,16.05935287475586,False
2025-11-26 21:00:00,NEZ,14.0,14.391026,12.428572,12.428571428571429,16.05935287475586,False
2025-11-26 22:00:00,NEZ,20.0,11.644292,9.571428,9.571428571428571,16.05935287475586,False
2025-11-26 23:00:00,NEZ,25.0,12.568884,8.428572,8.428571428571429,16.05935287475586,False
2025-11-27 00:00:00,NEZ,27.0,15.305432,8.454545,8.454545454545455,16.05935287475586,False
2025-11-27 01:00:00,NEZ,29.0,18.336575,9.454545,9.454545454545455,16.05935287475586,False
2025-11-27 02:00:00,NEZ,30.0,16.656288,6.4545455,6.454545454545454,16.05935287475586,False
2025-11-27 03:00:00,NEZ,28.0,16.376034,4.769231,4.769230769230769,16.05935287475586,False
2025-11-27 04:00:00,NEZ,28.0,15.995694,3.7692308,3.769230769230769,16.05935287475586,False
2025-11-27 05:00:00,NEZ,23.0,13.563244,2.3076923,2.3076923076923075,16.05935287475586,False
2025-11-27 06:00:00,NEZ,7.0,10.683183,2.0,2.0,16.05935287475586,False
2025-11-27 07:00:00,NEZ,6.0,7.8423977,3.5384614,3.5384615384615383,16.05935287475586,False
2025-11-27 08:00:00,NEZ,11.0,11.062121,10.384615,10.384615384615385,16.05935287475586,False
2025-11-27 09:00:00,NEZ,24.0,22.120544,25.0,25.0,16.05935287475586,False
2025-11-27 10:00:00,NEZ,32.0,41.45381,48.692307,48.69230769230769,16.05935287475586,False
2025-11-27 11:00:00,NEZ,38.0,55.54801,67.30769,67.3076923076923,16.05935287475586,True
2025-11-27 12:00:00,NEZ,46.0,64.17422,77.69231,77.6923076923077,16.05935287475586,True
2025-11-27 13:00:00,NEZ,44.0,73.29777,86.07692,86.07692307692308,16.05935287475586,True
2025-11-27 14:00:00,NEZ,44.0,72.26916,84.07692,84.07692307692308,16.05935287475586,True
2025-11-27 15:00:00,NEZ,42.0,71.21193,80.69231,80.6923076923077,16.05935287475586,True
2025-11-27 16:00:00,NEZ,33.0,62.62729,71.30769,71.3076923076923,16.05935287475586,True
2025-11-27 17:00:00,NEZ,26.0,43.977077,52.923077,52.92307692307692,16.05935287475586,True
2025-11-27 18:00:00,NEZ,20.0,26.289774,35.46154,35.46153846153846,16.05935287475586,False
2025-11-27 19:00:00,NEZ,19.0,18.603575,27.538462,27.53846153846154,16.05935287475586,False
2025-11-27 20:00:00,NEZ,19.0,14.32275,20.5,20.5,16.05935287475586,False
2025-11-27 21:00:00,NEZ,19.0,6.941838,13.214286,13.214285714285714,16.05935287475586,False
2025-11-27 22:00:00,NEZ,18.0,7.0948706,10.785714,10.785714285714286,16.05935287475586,False
2025-11-27 23:00:00,NEZ,17.0,8.001507,10.0,10.0,16.05935287475586,False
2025-11-28 00:00:00,NEZ,17.0,10.10447,10.0,10.0,16.05935287475586,False
2025-11-28 01:00:00,NEZ,23.0,13.118183,11.083333,11.083333333333334,16.05935287475586,False
2025-11-28 02:00:00,NEZ,24.0,13.18362,8.416667,8.416666666666666,16.05935287475586,False
2025-11-28 03:00:00,NEZ,27.0,12.926676,6.428571,6.428571428571429,16.05935287475586,False
2025-11-28 04:00:00,NEZ,24.0,13.003371,5.5,5.5,16.05935287475586,False
2025-11-28 05:00:00,NEZ,20.0,9.126446,3.7857144,3.7857142857142856,16.05935287475586,False
2025-11-28 06:00:00,NEZ,10.0,2.6130123,2.357143,2.357142857142857,16.05935287475586,False
2025-11-28 07:00:00,NEZ,5.0,1.2067039,3.7142856,3.7142857142857144,16.05935287475586,False
2025-11-28 08:00:00,NEZ,18.0,5.7697773,10.428572,10.428571428571429,16.05935287475586,False
2025-11-28 09:00:00,NEZ,19.0,18.94527,24.928572,24.928571428571427,16.05935287475586,False
2025-11-28 10:00:00,NEZ,26.0,38.601833,47.5,47.5,16.05935287475586,False
2025-11-28 11:00:00,NEZ,31.0,51.88737,65.21429,65.21428571428571,16.05935287475586,True
2025-11-28 12:00:00,NEZ,34.0,60.212814,75.42857,75.42857142857143,16.05935287475586,True
2025-11-28 13:00:00,NEZ,34.0,65.37985,83.07143,83.07142857142857,16.05935287475586,True
2025-11-28 14:00:00,NEZ,29.0,62.35413,81.21429,81.21428571428571,16.05935287475586,True
2025-11-28 15:00:00,NEZ,28.0,60.783035,77.92857,77.92857142857143,16.05935287475586,True
2025-11-28 16:00:00,NEZ,30.0,55.423603,68.57143,68.57142857142857,16.05935287475586,True
2025-11-28 17:00:00,NEZ,20.0,39.437683,51.0,51.0,16.05935287475586,True
2025-11-28 18:00:00,NEZ,7.0,21.97629,34.357143,34.357142857142854,16.05935287475586,False
2025-11-28 19:00:00,NEZ,4.0,13.651729,26.928572,26.928571428571427,16.05935287475586,False
2025-11-28 20:00:00,NEZ,4.0,9.952353,21.428572,21.428571428571427,16.05935287475586,False
2025-11-28 21:00:00,NEZ,4.0,4.664773,14.357142,14.357142857142858,16.05935287475586,False
2025-11-28 22:00:00,NEZ,2.0,3.933865,11.928572,11.928571428571429,16.05935287475586,False
2025-11-28 23:00:00,NEZ,2.0,4.93979,11.071428,11.071428571428571,16.05935287475586,False
2025-11-29 00:00:00,NEZ,2.0,6.369012,11.0,11.0,16.05935287475586,False
2025-11-29 01:00:00,NEZ,1.0,8.791375,12.25,12.25,16.05935287475586,False
2025-11-29 02:00:00,NEZ,3.0,7.6963196,10.166667,10.166666666666666,16.05935287475586,False
2025-11-29 03:00:00,NEZ,3.0,6.2952304,8.214286,8.214285714285714,16.05935287475586,False
2025-11-29 04:00:00,NEZ,2.0,5.349316,7.071429,7.071428571428571,16.05935287475586,False
2025-11-29 05:00:00,NEZ,2.0,3.2673953,5.071429,5.071428571428571,16.05935287475586,False
2025-11-29 06:00:00,NEZ,2.0,0.60390997,2.9285715,2.9285714285714284,16.05935287475586,False
2025-11-29 07:00:00,NEZ,3.0,0.6754894,3.857143,3.857142857142857,16.05935287475586,False
2025-11-29 08:00:00,NEZ,6.0,6.6453605,11.0,11.0,16.05935287475586,False
2025-11-29 09:00:00,NEZ,16.0,18.179918,24.5,24.5,16.05935287475586,False
2025-11-29 10:00:00,NEZ,34.0,36.96219,45.5,45.5,16.05935287475586,False
2025-11-29 11:00:00,NEZ,52.0,53.973633,63.214287,63.214285714285715,16.05935287475586,False
2025-11-29 12:00:00,NEZ,63.0,68.52781,72.78571,72.78571428571429,16.05935287475586,False
2025-11-29 13:00:00,NEZ,72.0,79.2388,78.64286,78.64285714285714,16.05935287475586,False
2025-11-29 14:00:00,NEZ,77.0,83.24896,78.0,78.0,16.05935287475586,False
2025-11-29 15:00:00,NEZ,77.0,80.48895,75.35714,75.35714285714286,16.05935287475586,False
2025-11-29 16:00:00,NEZ,61.0,76.34931,66.85714,66.85714285714286,16.05935287475586,False
2025-11-29 17:00:00,NEZ,49.0,55.733402,49.57143,49.57142857142857,16.05935287475586,False
2025-11-29 18:00:00,NEZ,26.0,34.48633,33.857143,33.857142857142854,16.05935287475586,False
2025-11-29 19:00:00,NEZ,6.0,18.152012,26.857143,26.857142857142858,16.05935287475586,False
2025-11-29 20:00:00,NEZ,9.0,9.973093,21.5,21.5,16.05935287475586,False
2025-11-29 21:00:00,NEZ,3.0,6.3367214,14.357142,14.357142857142858,16.05935287475586,False
2025-11-29 22:00:00,NEZ,3.0,3.074829,11.928572,11.928571428571429,16.05935287475586,False
2025-11-29 23:00:00,NEZ,3.0,2.4282284,11.071428,11.071428571428571,16.05935287475586,False
2025-11-30 00:00:00,NEZ,2.0,3.3929424,11.0,11.0,16.05935287475586,False
2025-11-30 01:00:00,NEZ,3.0,5.5578127,12.166667,12.166666666666666,16.05935287475586,False
2025-11-30 02:00:00,NEZ,4.0,4.4135675,10.25,10.25,16.05935287475586,False
2025-11-30 03:00:00,NEZ,3.0,4.46381,8.285714,8.285714285714286,16.05935287475586,False
2025-11-30 04:00:00,NEZ,3.0,4.0662527,7.071429,7.071428571428571,16.05935287475586,False
2025-11-30 05:00:00,NEZ,2.0,2.6110263,5.142857,5.142857142857143,16.05935287475586,False
2025-11-30 06:00:00,NEZ,2.0,-0.14400625,2.9285715,2.9285714285714284,16.05935287475586,False
2025-11-30 07:00:00,NEZ,3.0,0.6537199,3.7857144,3.7857142857142856,16.05935287475586,False
2025-11-30 08:00:00,NEZ,6.0,6.8078356,10.785714,10.785714285714286,16.05935287475586,False
2025-11-30 09:00:00,NEZ,25.0,18.57632,24.214285,24.214285714285715,16.05935287475586,False
2025-11-30 10:00:00,NEZ,53.0,38.920357,44.857143,44.857142857142854,16.05935287475586,False
2025-11-30 11:00:00,NEZ,79.0,61.686115,62.357143,62.357142857142854,16.05935287475586,True
2025-11-30 12:00:00,NEZ,83.0,79.494255,72.07143,72.07142857142857,16.05935287475586,False
2025-11-30 13:00:00,NEZ,83.0,89.022,76.42857,76.42857142857143,16.05935287475586,False
2025-11-30 14:00:00,NEZ,96.0,90.752014,76.64286,76.64285714285714,16.05935287475586,False
2025-11-30 15:00:00,NEZ,96.0,91.15655,74.42857,74.42857142857143,16.05935287475586,False
2025-11-30 16:00:00,NEZ,89.0,85.86807,65.78571,65.78571428571429,16.05935287475586,False
2025-11-30 17:00:00,NEZ,57.0,70.51717,49.0,49.0,16.05935287475586,False
2025-11-30 18:00:00,NEZ,47.0,56.1209,34.42857,34.42857142857143,16.05935287475586,False
2025-11-30 19:00:00,NEZ,33.0,46.5478,26.285715,26.285714285714285,16.05935287475586,False
2025-11-30 20:00:00,NEZ,42.0,38.615692,21.785715,21.785714285714285,16.05935287475586,False
2025-11-30 21:00:00,NEZ,18.0,27.819931,14.285714,14.285714285714286,16.05935287475586,False
2025-11-30 22:00:00,NEZ,8.0,20.614937,11.857142,11.857142857142858,16.05935287475586,False
2025-11-30 23:00:00,NEZ,7.0,15.189448,11.071428,11.071428571428571,16.05935287475586,False
2025-12-01 03:00:00,NEZ,13.0,17.171322,8.285714,8.285714285714286,16.05935287475586,False
2025-12-01 04:00:00,NEZ,5.0,9.037997,7.071429,7.071428571428571,16.05935287475586,False
2025-12-01 05:00:00,NEZ,2.0,5.3667054,5.142857,5.142857142857143,16.05935287475586,False
2025-12-01 06:00:00,NEZ,2.0,1.8876195,2.9285715,2.9285714285714284,16.05935287475586,False
2025-12-01 07:00:00,NEZ,3.0,1.3691235,3.7142856,3.7142857142857144,16.05935287475586,False
2025-12-01 08:00:00,NEZ,10.0,5.8753157,10.285714,10.285714285714286,16.05935287475586,False
2025-12-01 09:00:00,NEZ,22.0,15.753961,23.428572,23.428571428571427,16.05935287475586,False
2025-12-01 10:00:00,NEZ,42.0,32.309555,44.07143,44.07142857142857,16.05935287475586,False
2025-12-01 11:00:00,NEZ,63.0,49.36872,62.57143,62.57142857142857,16.05935287475586,False
2025-12-01 12:00:00,NEZ,76.0,66.00898,71.71429,71.71428571428571,16.05935287475586,False
2025-12-01 13:00:00,NEZ,73.0,78.013695,76.28571,76.28571428571429,16.05935287475586,False
2025-12-01 14:00:00,NEZ,60.0,80.20795,77.42857,77.42857142857143,16.05935287475586,True
2025-12-01 15:00:00,NEZ,56.0,83.13654,75.85714,75.85714285714286,16.05935287475586,True
2025-12-01 16:00:00,NEZ,52.0,81.171585,67.85714,67.85714285714286,16.05935287475586,True
2025-12-01 17:00:00,NEZ,42.0,63.435513,50.142857,50.142857142857146,16.05935287475586,True
2025-12-01 18:00:00,NEZ,30.0,42.76733,35.857143,35.857142857142854,16.05935287475586,False
2025-12-01 19:00:00,NEZ,38.0,31.53324,27.642857,27.642857142857142,16.05935287475586,False
2025-12-01 20:00:00,NEZ,20.0,24.89671,24.428572,24.428571428571427,16.05935287475586,False
2025-12-01 21:00:00,NEZ,8.0,12.042148,15.285714,15.285714285714286,16.05935287475586,False
2025-12-01 22:00:00,NEZ,2.0,8.719044,12.0,12.0,16.05935287475586,False
2025-12-01 23:00:00,NEZ,2.0,6.357122,11.357142,11.357142857142858,16.05935287475586,False
2025-12-02 00:00:00,NEZ,2.0,6.350104,11.727273,11.727272727272727,16.05935287475586,False
2025-12-02 01:00:00,NEZ,2.0,8.348859,13.090909,13.090909090909092,16.05935287475586,False
2025-12-02 02:00:00,NEZ,2.0,7.5541086,11.090909,11.090909090909092,16.05935287475586,False
2025-12-02 03:00:00,NEZ,2.0,7.140682,9.071428,9.071428571428571,16.05935287475586,False
2025-12-02 04:00:00,NEZ,2.0,6.4183006,7.285714,7.285714285714286,16.05935287475586,False
2025-12-02 05:00:00,NEZ,1.0,4.42865,5.142857,5.142857142857143,16.05935287475586,False
2025-12-02 06:00:00,NEZ,2.0,1.9693887,2.9285715,2.9285714285714284,16.05935287475586,False
2025-12-02 07:00:00,NEZ,2.0,2.121848,3.7142856,3.7142857142857144,16.05935287475586,False
2025-12-02 08:00:00,NEZ,5.0,7.6751356,10.285714,10.285714285714286,16.05935287475586,False
2025-12-02 09:00:00,NEZ,15.0,18.550045,22.785715,22.785714285714285,16.05935287475586,False
2025-12-02 10:00:00,NEZ,42.0,37.57244,43.214287,43.214285714285715,16.05935287475586,False
2025-12-02 11:00:00,NEZ,72.0,60.04062,61.785713,61.785714285714285,16.05935287475586,False
2025-12-02 12:00:00,NEZ,93.0,77.72202,71.42857,71.42857142857143,16.05935287475586,False
2025-12-02 13:00:00,NEZ,90.0,89.18238,74.92857,74.92857142857143,16.05935287475586,False
2025-12-02 14:00:00,NEZ,78.0,90.931854,75.64286,75.64285714285714,16.05935287475586,False
2025-12-02 15:00:00,NEZ,61.0,89.73999,73.85714,73.85714285714286,16.05935287475586,True
2025-12-02 16:00:00,NEZ,52.0,77.332924,65.5,65.5,16.05935287475586,True
2025-12-02 17:00:00,NEZ,52.0,60.081123,48.214287,48.214285714285715,16.05935287475586,False
2025-12-02 18:00:00,NEZ,45.0,47.881813,34.214287,34.214285714285715,16.05935287475586,False
2025-12-02 19:00:00,NEZ,40.0,43.61119,27.5,27.5,16.05935287475586,False
2025-12-02 20:00:00,NEZ,20.0,33.602226,23.928572,23.928571428571427,16.05935287475586,False
2025-12-02 21:00:00,NEZ,16.0,16.402645,13.642858,13.642857142857142,16.05935287475586,False
2025-12-02 22:00:00,NEZ,15.0,8.767288,9.857142,9.857142857142858,16.05935287475586,False
2025-12-02 23:00:00,NEZ,16.0,7.488782,9.928572,9.928571428571429,16.05935287475586,False
2025-12-03 00:00:00,NEZ,23.0,7.1549845,9.636364,9.636363636363637,16.05935287475586,False
2025-12-03 01:00:00,NEZ,22.0,6.354639,9.636364,9.636363636363637,16.05935287475586,False
2025-12-03 02:00:00,NEZ,28.0,7.245742,9.636364,9.636363636363637,16.05935287475586,True
2025-12-03 03:00:00,NEZ,31.0,8.24475,9.0,9.0,16.05935287475586,True
2025-12-03 04:00:00,NEZ,16.0,8.125572,7.285714,7.285714285714286,16.05935287475586,False
2025-12-03 05:00:00,NEZ,2.0,6.4009166,5.071429,5.071428571428571,16.05935287475586,False
2025-12-03 06:00:00,NEZ,2.0,3.0700703,2.9285715,2.9285714285714284,16.05935287475586,False
2025-12-03 07:00:00,NEZ,3.0,2.703378,3.5714285,3.5714285714285716,16.05935287475586,False
2025-12-03 08:00:00,NEZ,8.0,7.3467274,9.785714,9.785714285714286,16.05935287475586,False
2025-12-03 09:00:00,NEZ,28.0,16.771872,22.0,22.0,16.05935287475586,False
2025-12-03 10:00:00,NEZ,53.0,33.625317,42.07143,42.07142857142857,16.05935287475586,True
2025-12-03 11:00:00,NEZ,74.0,53.793755,61.214287,61.214285714285715,16.05935287475586,True
2025-12-03 12:00:00,NEZ,95.0,74.63803,72.14286,72.14285714285714,16.05935287475586,True
2025-12-03 13:00:00,NEZ,117.0,88.569374,75.42857,75.42857142857143,16.05935287475586,True
2025-12-03 14:00:00,NEZ,111.0,91.8954,75.0,75.0,16.05935287475586,True
2025-12-03 15:00:00,NEZ,69.0,86.60411,72.07143,72.07142857142857,16.05935287475586,True
2025-12-03 16:00:00,NEZ,54.0,76.08335,63.285713,63.285714285714285,16.05935287475586,True
2025-12-03 17:00:00,NEZ,50.0,61.592606,46.857143,46.857142857142854,16.05935287475586,False
2025-12-03 18:00:00,NEZ,41.0,50.41875,33.785713,33.785714285714285,16.05935287475586,False
2025-12-03 19:00:00,NEZ,35.0,42.131966,26.642857,26.642857142857142,16.05935287475586,False
2025-12-03 20:00:00,NEZ,18.0,34.172443,21.785715,21.785714285714285,16.05935287475586,True
2025-12-03 21:00:00,NEZ,23.0,20.631283,13.857142,13.857142857142858,16.05935287475586,False
2025-12-03 22:00:00,NEZ,21.0,11.605566,10.714286,10.714285714285714,16.05935287475586,False
2025-12-03 23:00:00,NEZ,9.0,10.09605,10.857142,10.857142857142858,16.05935287475586,False
2025-12-04 00:00:00,NEZ,3.0,8.250977,10.75,10.75,16.05935287475586,False
2025-12-04 01:00:00,NEZ,11.0,7.255704,10.666667,10.666666666666666,16.05935287475586,False
2025-12-04 02:00:00,NEZ,5.0,7.601759,11.166667,11.166666666666666,16.05935287475586,False
2025-12-04 03:00:00,NEZ,2.0,7.3695726,11.071428,11.071428571428571,16.05935287475586,False
2025-12-04 04:00:00,NEZ,2.0,4.613407,8.214286,8.214285714285714,16.05935287475586,False
2025-12-04 05:00:00,NEZ,3.0,1.4696643,5.071429,5.071428571428571,16.05935287475586,False
2025-12-04 06:00:00,NEZ,2.0,-0.0020706654,2.9285715,2.9285714285714284,16.05935287475586,False
2025-12-04 07:00:00,NEZ,3.0,1.3110185,3.5714285,3.5714285714285716,16.05935287475586,False
2025-12-04 08:00:00,NEZ,5.0,6.9382286,9.642858,9.642857142857142,16.05935287475586,False
2025-12-04 09:00:00,NEZ,15.0,18.93505,22.428572,22.428571428571427,16.05935287475586,False
2025-12-04 10:00:00,NEZ,41.0,37.203278,42.785713,42.785714285714285,16.05935287475586,False
2025-12-04 11:00:00,NEZ,64.0,55.608353,62.07143,62.07142857142857,16.05935287475586,False
2025-12-04 12:00:00,NEZ,86.0,67.78725,73.71429,73.71428571428571,16.05935287475586,True
2025-12-04 13:00:00,NEZ,93.0,84.768074,78.92857,78.92857142857143,16.05935287475586,False
2025-12-04 14:00:00,NEZ,101.0,88.754776,78.28571,78.28571428571429,16.05935287475586,False
2025-12-04 15:00:00,NEZ,111.0,89.904205,72.92857,72.92857142857143,16.05935287475586,True
2025-12-04 16:00:00,NEZ,114.0,86.94727,63.5,63.5,16.05935287475586,True
2025-12-04 17:00:00,NEZ,66.0,68.76743,48.07143,48.07142857142857,16.05935287475586,False
2025-12-04 18:00:00,NEZ,43.0,49.06426,35.214287,35.214285714285715,16.05935287475586,False
2025-12-04 19:00:00,NEZ,44.0,41.08927,28.357143,28.357142857142858,16.05935287475586,False
2025-12-04 20:00:00,NEZ,42.0,33.256348,22.571428,22.571428571428573,16.05935287475586,False
2025-12-04 21:00:00,NEZ,28.0,25.000362,15.357142,15.357142857142858,16.05935287475586,False
2025-12-04 22:00:00,NEZ,26.0,19.809624,12.071428,12.071428571428571,16.05935287475586,False
2025-12-04 23:00:00,NEZ,29.0,20.580444,11.357142,11.357142857142858,16.05935287475586,False
2025-12-05 00:00:00,NEZ,23.0,18.84121,10.5,10.5,16.05935287475586,False
2025-12-05 01:00:00,NEZ,10.0,16.526627,10.833333,10.833333333333334,16.05935287475586,False
2025-12-05 02:00:00,NEZ,12.0,15.441549,11.25,11.25,16.05935287475586,False
2025-12-05 03:00:00,NEZ,10.0,14.753358,10.857142,10.857142857142858,16.05935287475586,False
2025-12-05 04:00:00,NEZ,12.0,11.665533,8.142858,8.142857142857142,16.05935287475586,False
2025-12-05 05:00:00,NEZ,9.0,7.283386,5.142857,5.142857142857143,16.05935287475586,False
2025-12-05 06:00:00,NEZ,7.0,3.8703513,2.9285715,2.9285714285714284,16.05935287475586,False
2025-12-05 07:00:00,NEZ,5.0,4.5374994,3.5714285,3.5714285714285716,16.05935287475586,False
2025-12-05 08:00:00,NEZ,11.0,8.812369,9.214286,9.214285714285714,16.05935287475586,False
2025-12-05 09:00:00,NEZ,21.0,18.235786,21.785715,21.785714285714285,16.05935287475586,False
2025-12-05 10:00:00,NEZ,42.0,33.276966,42.357143,42.357142857142854,16.05935287475586,False
2025-12-05 11:00:00,NEZ,69.0,50.518265,61.92857,61.92857142857143,16.05935287475586,True
2025-12-05 12:00:00,NEZ,81.0,69.48699,74.07143,74.07142857142857,16.05935287475586,False
2025-12-05 13:00:00,NEZ,74.0,83.887054,79.28571,79.28571428571429,16.05935287475586,False
2025-12-05 14:00:00,NEZ,64.0,81.82314,77.92857,77.92857142857143,16.05935287475586,True
2025-12-05 15:00:00,NEZ,59.0,72.92025,71.28571,71.28571428571429,16.05935287475586,False
2025-12-05 16:00:00,NEZ,56.0,61.927883,63.07143,63.07142857142857,16.05935287475586,False
2025-12-05 17:00:00,NEZ,52.0,45.417828,46.785713,46.785714285714285,16.05935287475586,False
2025-12-05 18:00:00,NEZ,42.0,40.32096,34.857143,34.857142857142854,16.05935287475586,False
2025-12-05 19:00:00,NEZ,29.0,37.850975,28.714285,28.714285714285715,16.05935287475586,False
2025-12-05 20:00:00,NEZ,27.0,31.771084,22.857143,22.857142857142858,16.05935287475586,False
2025-12-05 21:00:00,NEZ,20.0,23.044619,15.285714,15.285714285714286,16.05935287475586,False
2025-12-05 22:00:00,NEZ,17.0,18.511852,12.571428,12.571428571428571,16.05935287475586,False
2025-12-05 23:00:00,NEZ,23.0,16.837223,11.857142,11.857142857142858,16.05935287475586,False
2025-12-06 00:00:00,NEZ,20.0,13.979535,9.666667,9.666666666666666,16.05935287475586,False
2025-12-06 01:00:00,NEZ,16.0,14.146691,10.166667,10.166666666666666,16.05935287475586,False
2025-12-06 02:00:00,NEZ,6.0,13.730001,12.083333,12.083333333333334,16.05935287475586,False
2025-12-06 03:00:00,NEZ,18.0,11.229644,11.071428,11.071428571428571,16.05935287475586,False
2025-12-06 04:00:00,NEZ,11.0,8.611179,8.642858,8.642857142857142,16.05935287475586,False
2025-12-06 05:00:00,NEZ,2.0,4.739681,5.642857,5.642857142857143,16.05935287475586,False
2025-12-06 06:00:00,NEZ,2.0,0.5111859,3.2857144,3.2857142857142856,16.05935287475586,False
2025-12-06 07:00:00,NEZ,3.0,0.53884387,3.7142856,3.7142857142857144,16.05935287475586,False
2025-12-06 08:00:00,NEZ,5.0,4.8268733,9.285714,9.285714285714286,16.05935287475586,False
2025-12-06 09:00:00,NEZ,18.0,13.742802,21.571428,21.571428571428573,16.05935287475586,False
2025-12-06 10:00:00,NEZ,33.0,29.53899,42.07143,42.07142857142857,16.05935287475586,False
2025-12-06 11:00:00,NEZ,59.0,45.06333,61.142857,61.142857142857146,16.05935287475586,False
2025-12-06 12:00:00,NEZ,73.0,63.038986,73.5,73.5,16.05935287475586,False
2025-12-06 13:00:00,NEZ,87.0,75.92096,77.64286,77.64285714285714,16.05935287475586,False
2025-12-06 14:00:00,NEZ,95.0,77.361305,75.57143,75.57142857142857,16.05935287475586,True
2025-12-06 15:00:00,NEZ,78.0,66.98083,69.28571,69.28571428571429,16.05935287475586,False
2025-12-06 16:00:00,NEZ,45.0,56.710583,62.57143,62.57142857142857,16.05935287475586,False
2025-12-06 17:00:00,NEZ,43.0,41.34854,47.142857,47.142857142857146,16.05935287475586,False
2025-12-06 18:00:00,NEZ,34.0,31.362186,35.57143,35.57142857142857,16.05935287475586,False
2025-12-06 19:00:00,NEZ,31.0,27.882908,29.214285,29.214285714285715,16.05935287475586,False
2025-12-06 20:00:00,NEZ,24.0,24.46279,23.142857,23.142857142857142,16.05935287475586,False
2025-12-06 21:00:00,NEZ,14.0,17.67298,15.857142,15.857142857142858,16.05935287475586,False
2025-12-06 22:00:00,NEZ,8.0,13.7506275,13.428572,13.428571428571429,16.05935287475586,False
2025-12-06 23:00:00,NEZ,4.0,11.465839,13.214286,13.214285714285714,16.05935287475586,False
2025-12-07 03:00:00,NEZ,3.0,15.582989,11.571428,11.571428571428571,16.05935287475586,False
2025-12-07 04:00:00,NEZ,1.0,5.718326,8.5,8.5,16.05935287475586,False
2025-12-07 05:00:00,NEZ,2.0,1.9587367,5.285714,5.285714285714286,16.05935287475586,False
2025-12-07 06:00:00,NEZ,2.0,-0.6329789,3.2857144,3.2857142857142856,16.05935287475586,False
2025-12-07 07:00:00,NEZ,2.0,-1.1622539,3.642857,3.642857142857143,16.05935287475586,False
2025-12-07 08:00:00,NEZ,6.0,2.5206318,8.714286,8.714285714285714,16.05935287475586,False
2025-12-07 09:00:00,NEZ,23.0,12.777252,20.928572,20.928571428571427,16.05935287475586,False
2025-12-07 10:00:00,NEZ,49.0,30.606133,41.07143,41.07142857142857,16.05935287475586,True
2025-12-07 11:00:00,NEZ,79.0,55.508976,60.714287,60.714285714285715,16.05935287475586,True
2025-12-07 12:00:00,NEZ,80.0,78.354836,73.64286,73.64285714285714,16.05935287475586,False
2025-12-07 13:00:00,NEZ,89.0,86.00334,78.14286,78.14285714285714,16.05935287475586,False
2025-12-07 14:00:00,NEZ,99.0,83.68084,76.85714,76.85714285714286,16.05935287475586,False
2025-12-07 15:00:00,NEZ,85.0,79.960236,69.21429,69.21428571428571,16.05935287475586,False
2025-12-07 16:00:00,NEZ,70.0,74.22082,60.857143,60.857142857142854,16.05935287475586,False
2025-12-07 17:00:00,NEZ,49.0,58.925766,47.42857,47.42857142857143,16.05935287475586,False
2025-12-07 18:00:00,NEZ,42.0,43.62368,36.214287,36.214285714285715,16.05935287475586,False
2025-12-07 19:00:00,NEZ,25.0,36.84389,30.357143,30.357142857142858,16.05935287475586,False
2025-12-07 20:00:00,NEZ,24.0,29.814568,23.857143,23.857142857142858,16.05935287475586,False
2025-12-07 21:00:00,NEZ,17.0,17.57933,16.0,16.0,16.05935287475586,False
2025-12-07 22:00:00,NEZ,20.0,14.470189,13.142858,13.142857142857142,16.05935287475586,False
2025-12-07 23:00:00,NEZ,18.0,13.714671,13.214286,13.214285714285714,16.05935287475586,False
2025-12-08 00:00:00,NEZ,21.0,12.395128,11.727273,11.727272727272727,16.05935287475586,False
2025-12-08 01:00:00,NEZ,28.0,13.517921,11.272727,11.272727272727273,16.05935287475586,False
2025-12-08 02:00:00,NEZ,32.0,17.040876,12.090909,12.090909090909092,16.05935287475586,False
2025-12-08 03:00:00,NEZ,30.0,17.732737,11.142858,11.142857142857142,16.05935287475586,False
2025-12-08 04:00:00,NEZ,29.0,15.801706,8.214286,8.214285714285714,16.05935287475586,False
2025-12-08 05:00:00,NEZ,21.0,11.8751,5.285714,5.285714285714286,16.05935287475586,False
2025-12-08 06:00:00,NEZ,14.0,7.070768,3.2857144,3.2857142857142856,16.05935287475586,False
2025-12-08 07:00:00,NEZ,9.0,4.332238,3.4285715,3.4285714285714284,16.05935287475586,False
2025-12-08 08:00:00,NEZ,12.0,6.391157,8.214286,8.214285714285714,16.05935287475586,False
2025-12-08 09:00:00,NEZ,21.0,15.720366,20.857143,20.857142857142858,16.05935287475586,False
2025-12-08 10:00:00,NEZ,33.0,30.68126,41.92857,41.92857142857143,16.05935287475586,False
2025-12-08 11:00:00,NEZ,36.0,45.588562,62.857143,62.857142857142854,16.05935287475586,False
2025-12-08 12:00:00,NEZ,26.0,53.39148,75.42857,75.42857142857143,16.05935287475586,True
2025-12-08 13:00:00,NEZ,27.0,55.798454,80.21429,80.21428571428571,16.05935287475586,True
2025-12-08 14:00:00,NEZ,34.0,53.019737,79.5,79.5,16.05935287475586,True
2025-12-08 15:00:00,NEZ,39.0,44.0862,71.0,71.0,16.05935287475586,False
2025-12-08 16:00:00,NEZ,31.0,36.935543,61.5,61.5,16.05935287475586,False
2025-12-08 17:00:00,NEZ,20.0,23.326994,46.785713,46.785714285714285,16.05935287475586,False
2025-12-08 18:00:00,NEZ,3.0,12.606676,35.0,35.0,16.05935287475586,False
2025-12-08 19:00:00,NEZ,2.0,7.608469,28.928572,28.928571428571427,16.05935287475586,False
2025-12-08 20:00:00,NEZ,2.0,3.9233208,23.357143,23.357142857142858,16.05935287475586,False
2025-12-08 21:00:00,NEZ,2.0,-1.5132942,16.0,16.0,16.05935287475586,False
2025-12-08 22:00:00,NEZ,2.0,-1.4205561,13.5,13.5,16.05935287475586,False
2025-12-08 23:00:00,NEZ,2.0,0.7398453,13.642858,13.642857142857142,16.05935287475586,False
2025-12-09 00:00:00,NEZ,2.0,2.4317474,12.909091,12.909090909090908,16.05935287475586,False
2025-12-09 01:00:00,NEZ,2.0,5.051916,13.363636,13.363636363636363,16.05935287475586,False
2025-12-09 02:00:00,NEZ,2.0,7.279256,13.909091,13.909090909090908,16.05935287475586,False
2025-12-09 03:00:00,NEZ,2.0,7.023307,12.785714,12.785714285714286,16.05935287475586,False
2025-12-09 04:00:00,NEZ,2.0,4.9502454,10.142858,10.142857142857142,16.05935287475586,False
2025-12-09 05:00:00,NEZ,2.0,1.2586913,6.642857,6.642857142857143,16.05935287475586,False
2025-12-09 06:00:00,NEZ,2.0,-1.9906898,4.142857,4.142857142857143,16.05935287475586,False
2025-12-09 07:00:00,NEZ,3.0,-3.7123208,3.857143,3.857142857142857,16.05935287475586,False
2025-12-09 08:00:00,NEZ,7.0,-1.2338753,8.5,8.5,16.05935287475586,False
2025-12-09 09:00:00,NEZ,17.0,8.184445,20.785715,20.785714285714285,16.05935287475586,False
2025-12-09 10:00:00,NEZ,36.0,24.690514,40.857143,40.857142857142854,16.05935287475586,False
2025-12-09 11:00:00,NEZ,49.0,44.767036,60.785713,60.785714285714285,16.05935287475586,False
2025-12-09 12:00:00,NEZ,56.0,62.710526,71.71429,71.71428571428571,16.05935287475586,False
2025-12-09 13:00:00,NEZ,62.0,73.68071,75.64286,75.64285714285714,16.05935287475586,False
2025-12-09 14:00:00,NEZ,69.0,75.23761,75.14286,75.14285714285714,16.05935287475586,False
2025-12-09 15:00:00,NEZ,63.0,69.22051,66.71429,66.71428571428571,16.05935287475586,False
2025-12-09 16:00:00,NEZ,39.0,52.989243,56.142857,56.142857142857146,16.05935287475586,False
2025-12-09 17:00:00,NEZ,44.0,44.628834,43.0,43.0,16.05935287475586,False
2025-12-09 18:00:00,NEZ,34.0,38.07144,32.42857,32.42857142857143,16.05935287475586,False
2025-12-09 19:00:00,NEZ,34.0,20.785007,26.285715,26.285714285714285,16.05935287475586,False
2025-12-09 20:00:00,NEZ,21.0,17.690535,21.642857,21.642857142857142,16.05935287475586,False
2025-12-09 21:00:00,NEZ,17.0,9.349476,13.785714,13.785714285714286,16.05935287475586,False
2025-12-09 22:00:00,NEZ,14.0,7.80288,11.928572,11.928571428571429,16.05935287475586,False
2025-12-09 23:00:00,NEZ,14.0,4.9069023,11.357142,11.357142857142858,16.05935287475586,False
2025-12-10 00:00:00,NEZ,10.0,5.7020273,12.0,12.0,16.05935287475586,False
2025-12-10 01:00:00,NEZ,15.0,8.036147,12.416667,12.416666666666666,16.05935287475586,False
2025-12-10 02:00:00,NEZ,9.0,9.338867,12.916667,12.916666666666666,16.05935287475586,False
2025-12-10 03:00:00,NEZ,15.0,8.448537,12.785714,12.785714285714286,16.05935287475586,False
2025-12-10 04:00:00,NEZ,13.0,4.72348,10.071428,10.071428571428571,16.05935287475586,False
2025-12-10 05:00:00,NEZ,3.0,0.5521693,6.642857,6.642857142857143,16.05935287475586,False
2025-12-10 06:00:00,NEZ,2.0,-1.1221161,4.142857,4.142857142857143,16.05935287475586,False
2025-12-10 07:00:00,NEZ,2.0,-4.001215,3.857143,3.857142857142857,16.05935287475586,False
2025-12-10 08:00:00,NEZ,6.0,-1.2309341,8.5,8.5,16.05935287475586,False
2025-12-10 09:00:00,NEZ,19.0,6.7983465,20.071428,20.071428571428573,16.05935287475586,False
2025-12-10 10:00:00,NEZ,38.0,20.959373,39.285713,39.285714285714285,16.05935287475586,True
2025-12-10 11:00:00,NEZ,52.0,40.49796,58.357143,58.357142857142854,16.05935287475586,False
2025-12-10 12:00:00,NEZ,62.0,58.531525,68.64286,68.64285714285714,16.05935287475586,False
2025-12-10 13:00:00,NEZ,71.0,67.20997,72.64286,72.64285714285714,16.05935287475586,False
2025-12-10 14:00:00,NEZ,71.0,73.235596,73.57143,73.57142857142857,16.05935287475586,False
2025-12-10 15:00:00,NEZ,64.0,64.77466,67.0,67.0,16.05935287475586,False
2025-12-10 16:00:00,NEZ,57.0,48.916733,56.07143,56.07142857142857,16.05935287475586,False
2025-12-10 17:00:00,NEZ,43.0,36.458206,42.857143,42.857142857142854,16.05935287475586,False
2025-12-10 18:00:00,NEZ,17.0,19.95209,31.428572,31.428571428571427,16.05935287475586,False
2025-12-10 19:00:00,NEZ,9.0,7.0439053,25.928572,25.928571428571427,16.05935287475586,False
2025-12-10 20:00:00,NEZ,17.0,2.064993,20.857143,20.857142857142858,16.05935287475586,False
2025-12-10 21:00:00,NEZ,18.0,-0.15424538,14.5,14.5,16.05935287475586,True
2025-12-10 22:00:00,NEZ,14.0,1.4057627,12.571428,12.571428571428571,16.05935287475586,False
2025-12-10 23:00:00,NEZ,7.0,2.7060318,12.214286,12.214285714285714,16.05935287475586,False
2025-12-11 00:00:00,NEZ,6.0,3.6314802,12.666667,12.666666666666666,16.05935287475586,False
2025-12-11 01:00:00,NEZ,6.0,6.9226055,13.5,13.5,16.05935287475586,False
2025-12-11 02:00:00,NEZ,7.0,8.136187,13.083333,13.083333333333334,16.05935287475586,False
2025-12-11 03:00:00,NEZ,7.0,7.8732457,13.357142,13.357142857142858,16.05935287475586,False
2025-12-11 04:00:00,NEZ,6.0,3.895166,10.714286,10.714285714285714,16.05935287475586,False
2025-12-11 05:00:00,NEZ,2.0,-0.93812084,6.714286,6.714285714285714,16.05935287475586,False
2025-12-11 06:00:00,NEZ,2.0,-4.8475375,4.142857,4.142857142857143,16.05935287475586,False
2025-12-11 07:00:00,NEZ,3.0,-6.9591856,3.7142856,3.7142857142857144,16.05935287475586,False
2025-12-11 08:00:00,NEZ,5.0,-4.666276,8.285714,8.285714285714286,16.05935287475586,False
2025-12-11 09:00:00,NEZ,13.0,4.2841396,20.214285,20.214285714285715,16.05935287475586,False
2025-12-11 10:00:00,NEZ,28.0,20.110928,39.57143,39.57142857142857,16.05935287475586,False
2025-12-11 11:00:00,NEZ,40.0,36.82683,58.357143,58.357142857142854,16.05935287475586,False
2025-12-11 12:00:00,NEZ,47.0,48.263123,68.14286,68.14285714285714,16.05935287475586,False
2025-12-11 13:00:00,NEZ,57.0,56.964764,72.57143,72.57142857142857,16.05935287475586,False
2025-12-11 14:00:00,NEZ,64.0,64.337,73.42857,73.42857142857143,16.05935287475586,False
2025-12-11 15:00:00,NEZ,64.0,63.35612,66.28571,66.28571428571429,16.05935287475586,False
2025-12-11 16:00:00,NEZ,64.0,57.900406,55.92857,55.92857142857143,16.05935287475586,False
2025-12-11 17:00:00,NEZ,30.0,47.00924,43.785713,43.785714285714285,16.05935287475586,True
2025-12-11 18:00:00,NEZ,16.0,28.10504,30.785715,30.785714285714285,16.05935287475586,False
2025-12-11 19:00:00,NEZ,40.0,20.324535,24.928572,24.928571428571427,16.05935287475586,True
2025-12-11 20:00:00,NEZ,27.0,18.794262,20.642857,20.642857142857142,16.05935287475586,False
2025-12-11 21:00:00,NEZ,8.0,13.705306,14.785714,14.785714285714286,16.05935287475586,False
2025-12-11 22:00:00,NEZ,5.0,10.306579,12.142858,12.142857142857142,16.05935287475586,False
2025-12-11 23:00:00,NEZ,3.0,6.5125165,10.928572,10.928571428571429,16.05935287475586,False
2025-12-12 00:00:00,NEZ,2.0,3.9548311,10.916667,10.916666666666666,16.05935287475586,False
2025-12-12 01:00:00,NEZ,2.0,2.904626,11.583333,11.583333333333334,16.05935287475586,False
2025-12-12 02:00:00,NEZ,2.0,1.6368036,11.166667,11.166666666666666,16.05935287475586,False
2025-12-12 03:00:00,NEZ,2.0,2.396659,11.857142,11.857142857142858,16.05935287475586,False
2025-12-12 04:00:00,NEZ,2.0,-0.6082277,9.142858,9.142857142857142,16.05935287475586,False
2025-12-12 05:00:00,NEZ,1.0,-5.129387,5.214286,5.214285714285714,16.05935287475586,False
2025-12-12 06:00:00,NEZ,2.0,-7.718066,3.7857144,3.7857142857142856,16.05935287475586,False
2025-12-12 07:00:00,NEZ,3.0,-9.137789,3.5,3.5,16.05935287475586,False
2025-12-12 08:00:00,NEZ,5.0,-6.5054116,7.857143,7.857142857142857,16.05935287475586,False
2025-12-12 09:00:00,NEZ,19.0,2.591959,19.428572,19.428571428571427,16.05935287475586,True
2025-12-12 10:00:00,NEZ,44.0,19.73116,39.285713,39.285714285714285,16.05935287475586,True
2025-12-12 11:00:00,NEZ,67.0,40.790215,58.5,58.5,16.05935287475586,True
2025-12-12 12:00:00,NEZ,73.0,63.768307,68.21429,68.21428571428571,16.05935287475586,False
2025-12-12 13:00:00,NEZ,72.0,76.287895,73.5,73.5,16.05935287475586,False
2025-12-12 14:00:00,NEZ,73.0,74.737206,74.85714,74.85714285714286,16.05935287475586,False
2025-12-12 15:00:00,NEZ,71.0,68.72604,67.85714,67.85714285714286,16.05935287475586,False
2025-12-12 16:00:00,NEZ,43.0,55.396183,58.142857,58.142857142857146,16.05935287475586,False
2025-12-12 17:00:00,NEZ,36.0,32.185455,44.07143,44.07142857142857,16.05935287475586,False
2025-12-12 18:00:00,NEZ,21.0,17.956808,30.5,30.5,16.05935287475586,False
2025-12-12 19:00:00,NEZ,48.0,12.048977,26.428572,26.428571428571427,16.05935287475586,True
2025-12-12 20:00:00,NEZ,30.0,12.963263,21.214285,21.214285714285715,16.05935287475586,True
2025-12-12 21:00:00,NEZ,6.0,7.385478,14.0,14.0,16.05935287475586,False
2025-12-12 22:00:00,NEZ,11.0,1.7795153,11.214286,11.214285714285714,16.05935287475586,False
2025-12-12 23:00:00,NEZ,8.0,0.43642044,9.928572,9.928571428571429,16.05935287475586,False
2025-12-13 03:00:00,NEZ,2.0,13.257323,10.071428,10.071428571428571,16.05935287475586,False
2025-12-13 04:00:00,NEZ,2.0,1.2973714,7.571429,7.571428571428571,16.05935287475586,False
2025-12-13 05:00:00,NEZ,2.0,-3.5274744,3.857143,3.857142857142857,16.05935287475586,False
2025-12-13 06:00:00,NEZ,2.0,-5.2150373,3.2142856,3.2142857142857144,16.05935287475586,False
2025-12-13 07:00:00,NEZ,3.0,-6.5538793,3.357143,3.357142857142857,16.05935287475586,False
2025-12-13 08:00:00,NEZ,7.0,-5.424149,6.928571,6.928571428571429,16.05935287475586,False
2025-12-13 09:00:00,NEZ,15.0,3.6225529,19.428572,19.428571428571427,16.05935287475586,False
2025-12-13 10:00:00,NEZ,30.0,20.389019,40.57143,40.57142857142857,16.05935287475586,False
2025-12-13 11:00:00,NEZ,45.0,37.94162,61.07143,61.07142857142857,16.05935287475586,False
2025-12-13 12:00:00,NEZ,61.0,48.6319,71.0,71.0,16.05935287475586,False
2025-12-13 13:00:00,NEZ,66.0,62.56321,76.21429,76.21428571428571,16.05935287475586,False
2025-12-13 14:00:00,NEZ,75.0,69.71295,78.0,78.0,16.05935287475586,False
2025-12-13 15:00:00,NEZ,80.0,66.25416,70.92857,70.92857142857143,16.05935287475586,False
2025-12-13 16:00:00,NEZ,77.0,58.933655,59.07143,59.07142857142857,16.05935287475586,True
2025-12-13 17:00:00,NEZ,58.0,47.35774,45.214287,45.214285714285715,16.05935287475586,False
2025-12-13 18:00:00,NEZ,41.0,29.828632,31.5,31.5,16.05935287475586,False
2025-12-13 19:00:00,NEZ,31.0,25.427498,29.571428,29.571428571428573,16.05935287475586,False
2025-12-13 20:00:00,NEZ,18.0,16.973442,23.071428,23.071428571428573,16.05935287475586,False
2025-12-13 21:00:00,NEZ,11.0,8.122694,14.142858,14.142857142857142,16.05935287475586,False
2025-12-13 22:00:00,NEZ,5.0,4.2988615,11.857142,11.857142857142858,16.05935287475586,False
2025-12-13 23:00:00,NEZ,3.0,1.4975977,10.357142,10.357142857142858,16.05935287475586,False
2025-12-14 00:00:00,NEZ,2.0,1.5926304,10.363636,10.363636363636363,16.05935287475586,False
2025-12-14 01:00:00,NEZ,2.0,2.3296576,10.636364,10.636363636363637,16.05935287475586,False
2025-12-14 02:00:00,NEZ,2.0,1.973237,9.909091,9.909090909090908,16.05935287475586,False
2025-12-14 03:00:00,NEZ,5.0,2.71097,10.0,10.0,16.05935287475586,False
2025-12-14 04:00:00,NEZ,4.0,0.35052824,7.571429,7.571428571428571,16.05935287475586,False
2025-12-14 05:00:00,NEZ,2.0,-3.662599,3.857143,3.857142857142857,16.05935287475586,False
2025-12-14 06:00:00,NEZ,2.0,-4.805113,3.2142856,3.2142857142857144,16.05935287475586,False
2025-12-14 07:00:00,NEZ,4.0,-5.5455174,3.357143,3.357142857142857,16.05935287475586,False
2025-12-14 08:00:00,NEZ,12.0,-1.2198334,7.0,7.0,16.05935287475586,False
2025-12-14 09:00:00,NEZ,22.0,7.7378206,19.357143,19.357142857142858,16.05935287475586,False
2025-12-14 10:00:00,NEZ,36.0,25.089542,40.285713,40.285714285714285,16.05935287475586,False
2025-12-14 11:00:00,NEZ,48.0,43.975174,60.57143,60.57142857142857,16.05935287475586,False
2025-12-14 12:00:00,NEZ,58.0,59.26503,70.85714,70.85714285714286,16.05935287475586,False
2025-12-14 13:00:00,NEZ,58.0,67.890076,75.78571,75.78571428571429,16.05935287475586,False
2025-12-14 14:00:00,NEZ,56.0,70.264984,77.85714,77.85714285714286,16.05935287475586,False
2025-12-14 15:00:00,NEZ,45.0,63.328487,71.14286,71.14285714285714,16.05935287475586,True
2025-12-14 16:00:00,NEZ,40.0,50.07016,60.214287,60.214285714285715,16.05935287475586,False
2025-12-14 17:00:00,NEZ,33.0,35.731018,45.857143,45.857142857142854,16.05935287475586,False
2025-12-14 18:00:00,NEZ,21.0,25.004276,32.57143,32.57142857142857,16.05935287475586,False
2025-12-14 19:00:00,NEZ,21.0,24.242039,31.357143,31.357142857142858,16.05935287475586,False
2025-12-14 20:00:00,NEZ,19.0,18.357979,23.714285,23.714285714285715,16.05935287475586,False
2025-12-14 21:00:00,NEZ,17.0,11.796204,14.714286,14.714285714285714,16.05935287475586,False
2025-12-14 22:00:00,NEZ,14.0,10.840728,12.0,12.0,16.05935287475586,False
2025-12-14 23:00:00,NEZ,19.0,11.238165,10.357142,10.357142857142858,16.05935287475586,False
2025-12-15 00:00:00,NEZ,26.0,12.280786,10.363636,10.363636363636363,16.05935287475586,False
2025-12-15 01:00:00,NEZ,24.0,14.756893,10.545455,10.545454545454545,16.05935287475586,False
2025-12-15 02:00:00,NEZ,24.0,14.251722,9.727273,9.727272727272727,16.05935287475586,False
2025-12-15 03:00:00,NEZ,23.0,14.916079,10.142858,10.142857142857142,16.05935287475586,False
2025-12-15 04:00:00,NEZ,24.0,11.843998,7.642857,7.642857142857143,16.05935287475586,False
2025-12-15 05:00:00,NEZ,18.0,5.765648,3.857143,3.857142857142857,16.05935287475586,False
2025-12-15 06:00:00,NEZ,12.0,0.798275,3.2142856,3.2142857142857144,16.05935287475586,False
2025-12-15 07:00:00,NEZ,5.0,-4.0259676,3.4285715,3.4285714285714284,16.05935287475586,False
2025-12-15 08:00:00,NEZ,12.0,-3.340304,7.428571,7.428571428571429,16.05935287475586,False
2025-12-15 09:00:00,NEZ,24.0,3.5035686,19.142857,19.142857142857142,16.05935287475586,True
2025-12-15 10:00:00,NEZ,27.0,18.675476,39.07143,39.07142857142857,16.05935287475586,False
2025-12-15 11:00:00,NEZ,29.0,34.073868,58.357143,58.357142857142854,16.05935287475586,False
2025-12-15 12:00:00,NEZ,28.0,42.687553,69.07143,69.07142857142857,16.05935287475586,False
2025-12-15 13:00:00,NEZ,28.0,45.737503,74.0,74.0,16.05935287475586,True
2025-12-15 14:00:00,NEZ,25.0,45.422737,75.0,75.0,16.05935287475586,True
2025-12-15 15:00:00,NEZ,23.0,37.665497,67.5,67.5,16.05935287475586,False
2025-12-15 16:00:00,NEZ,22.0,27.49134,56.714287,56.714285714285715,16.05935287475586,False
2025-12-15 17:00:00,NEZ,15.0,16.162954,44.142857,44.142857142857146,16.05935287475586,False
2025-12-15 18:00:00,NEZ,10.0,4.1508083,30.714285,30.714285714285715,16.05935287475586,False
2025-12-15 19:00:00,NEZ,8.0,5.793659,30.5,30.5,16.05935287475586,False
2025-12-15 20:00:00,NEZ,4.0,-0.36099815,22.071428,22.071428571428573,16.05935287475586,False
2025-12-15 21:00:00,NEZ,3.0,-4.7179365,14.642858,14.642857142857142,16.05935287475586,False
2025-12-15 22:00:00,NEZ,3.0,-3.6119022,12.428572,12.428571428571429,16.05935287475586,False
2025-12-15 23:00:00,NEZ,3.0,-1.8866796,11.214286,11.214285714285714,16.05935287475586,False
2025-12-16 00:00:00,NEZ,4.0,0.19394112,11.666667,11.666666666666666,16.05935287475586,False
2025-12-16 01:00:00,NEZ,9.0,1.1362677,11.666667,11.666666666666666,16.05935287475586,False
2025-12-16 02:00:00,NEZ,7.0,1.6463623,10.916667,10.916666666666666,16.05935287475586,False
2025-12-16 03:00:00,NEZ,2.0,2.1706057,10.857142,10.857142857142858,16.05935287475586,False
2025-12-16 04:00:00,NEZ,3.0,0.8165674,9.0,9.0,16.05935287475586,False
2025-12-16 05:00:00,NEZ,2.0,-3.0140734,5.0,5.0,16.05935287475586,False
2025-12-16 06:00:00,NEZ,2.0,-4.5751762,3.9285715,3.9285714285714284,16.05935287475586,False
2025-12-16 07:00:00,NEZ,2.0,-6.0839214,3.5714285,3.5714285714285716,16.05935287475586,False
2025-12-16 08:00:00,NEZ,6.0,-4.0971713,7.571429,7.571428571428571,16.05935287475586,False
2025-12-16 09:00:00,NEZ,12.0,4.478133,19.285715,19.285714285714285,16.05935287475586,False
2025-12-16 10:00:00,NEZ,26.0,21.653982,38.0,38.0,16.05935287475586,False
2025-12-16 11:00:00,NEZ,50.0,36.074547,55.92857,55.92857142857143,16.05935287475586,False
2025-12-16 12:00:00,NEZ,70.0,47.926018,65.64286,65.64285714285714,16.05935287475586,True
2025-12-16 13:00:00,NEZ,67.0,59.160683,70.78571,70.78571428571429,16.05935287475586,False
2025-12-16 14:00:00,NEZ,66.0,68.075134,72.5,72.5,16.05935287475586,False
2025-12-16 15:00:00,NEZ,72.0,63.224842,65.14286,65.14285714285714,16.05935287475586,False
2025-12-16 16:00:00,NEZ,59.0,55.602016,54.57143,54.57142857142857,16.05935287475586,False
2025-12-16 17:00:00,NEZ,48.0,47.08397,42.214287,42.214285714285715,16.05935287475586,False
2025-12-16 18:00:00,NEZ,29.0,30.740696,29.285715,29.285714285714285,16.05935287475586,False
2025-12-16 19:00:00,NEZ,33.0,22.537266,28.357143,28.357142857142858,16.05935287475586,False
2025-12-16 20:00:00,NEZ,36.0,15.783462,20.928572,20.928571428571427,16.05935287475586,True
2025-12-16 21:00:00,NEZ,27.0,10.687126,14.285714,14.285714285714286,16.05935287475586,True
2025-12-16 22:00:00,NEZ,6.0,8.901164,12.5,12.5,16.05935287475586,False
2025-12-16 23:00:00,NEZ,4.0,5.326186,11.285714,11.285714285714286,16.05935287475586,False
2025-12-17 00:00:00,NEZ,23.0,10.916691,11.833333,11.833333333333334,16.05935287475586,False
2025-12-17 01:00:00,NEZ,28.0,11.310077,12.25,12.25,16.05935287475586,True
2025-12-17 02:00:00,NEZ,18.0,8.768592,11.333333,11.333333333333334,16.05935287475586,False
2025-12-17 03:00:00,NEZ,8.0,6.69071,10.857142,10.857142857142858,16.05935287475586,False
2025-12-17 04:00:00,NEZ,2.0,3.9559946,9.071428,9.071428571428571,16.05935287475586,False
2025-12-17 05:00:00,NEZ,2.0,-0.649488,5.071429,5.071428571428571,16.05935287475586,False
2025-12-17 06:00:00,NEZ,2.0,-2.8701656,3.9285715,3.9285714285714284,16.05935287475586,False
2025-12-17 07:00:00,NEZ,3.0,-3.4149635,3.5714285,3.5714285714285716,16.05935287475586,False
2025-12-17 08:00:00,NEZ,5.0,-0.46716642,7.642857,7.642857142857143,16.05935287475586,False
2025-12-17 09:00:00,NEZ,22.0,8.480199,19.071428,19.071428571428573,16.05935287475586,False
2025-12-17 11:00:00,NEZ,66.0,41.970345,54.357143,54.357142857142854,16.05935287475586,True
2025-12-17 12:00:00,NEZ,67.0,56.627163,64.0,64.0,16.05935287475586,False
2025-12-17 13:00:00,NEZ,75.0,64.32512,69.14286,69.14285714285714,16.05935287475586,False
2025-12-17 14:00:00,NEZ,70.0,69.85008,71.64286,71.64285714285714,16.05935287475586,False
2025-12-17 15:00:00,NEZ,64.0,69.347145,65.92857,65.92857142857143,16.05935287475586,False
2025-12-17 16:00:00,NEZ,52.0,56.214073,55.07143,55.07142857142857,16.05935287475586,False
2025-12-17 17:00:00,NEZ,34.0,38.385902,41.92857,41.92857142857143,16.05935287475586,False
2025-12-17 18:00:00,NEZ,25.0,15.736694,28.142857,28.142857142857142,16.05935287475586,False
2025-12-17 19:00:00,NEZ,21.0,10.6241,27.857143,27.857142857142858,16.05935287475586,False
2025-12-17 20:00:00,NEZ,8.0,5.32255,22.071428,22.071428571428573,16.05935287475586,False
2025-12-17 21:00:00,NEZ,2.0,-1.185669,15.071428,15.071428571428571,16.05935287475586,False
2025-12-17 22:00:00,NEZ,2.0,-3.164815,11.857142,11.857142857142858,16.05935287475586,False
2025-12-17 23:00:00,NEZ,2.0,-3.187931,10.428572,10.428571428571429,16.05935287475586,False
2025-12-18 00:00:00,NEZ,2.0,-0.1774149,11.833333,11.833333333333334,16.05935287475586,False
2025-12-18 01:00:00,NEZ,2.0,2.408228,12.75,12.75,16.05935287475586,False
2025-12-18 02:00:00,NEZ,2.0,1.7887955,10.5,10.5,16.05935287475586,False
2025-12-18 03:00:00,NEZ,2.0,1.9164538,9.214286,9.214285714285714,16.05935287475586,False
2025-12-18 04:00:00,NEZ,2.0,1.6950493,8.071428,8.071428571428571,16.05935287475586,False
2025-12-18 05:00:00,NEZ,2.0,-0.7505145,5.071429,5.071428571428571,16.05935287475586,False
2025-12-18 06:00:00,NEZ,2.0,-1.9777329,3.9285715,3.9285714285714284,16.05935287475586,False
2025-12-18 07:00:00,NEZ,2.0,-3.1043694,3.5714285,3.5714285714285716,16.05935287475586,False
2025-12-18 08:00:00,NEZ,6.0,-1.2500215,7.428571,7.428571428571429,16.05935287475586,False
2025-12-18 09:00:00,NEZ,18.0,5.8019676,18.642857,18.642857142857142,16.05935287475586,False
2025-12-18 10:00:00,NEZ,41.0,17.848007,35.615383,35.61538461538461,16.05935287475586,True
2025-12-18 11:00:00,NEZ,56.0,36.83028,53.785713,53.785714285714285,16.05935287475586,True
2025-12-18 12:00:00,NEZ,66.0,46.19159,62.0,62.0,16.05935287475586,True
2025-12-18 13:00:00,NEZ,68.0,53.930305,66.14286,66.14285714285714,16.05935287475586,False
2025-12-18 14:00:00,NEZ,73.0,57.132656,68.71429,68.71428571428571,16.05935287475586,False
2025-12-18 15:00:00,NEZ,55.0,55.37121,65.57143,65.57142857142857,16.05935287475586,False
2025-12-18 16:00:00,NEZ,47.0,36.31227,54.92857,54.92857142857143,16.05935287475586,False
2025-12-18 17:00:00,NEZ,46.0,27.432587,40.785713,40.785714285714285,16.05935287475586,True
2025-12-18 18:00:00,NEZ,22.0,13.769101,27.0,27.0,16.05935287475586,False
2025-12-18 19:00:00,NEZ,16.0,9.183086,26.857143,26.857142857142858,16.05935287475586,False
2025-12-18 20:00:00,NEZ,3.0,5.241802,21.357143,21.357142857142858,16.05935287475586,False
2025-12-18 21:00:00,NEZ,3.0,-3.2867718,13.571428,13.571428571428571,16.05935287475586,False
2025-12-18 22:00:00,NEZ,3.0,-5.9270363,10.5,10.5,16.05935287475586,False
2025-12-18 23:00:00,NEZ,3.0,-3.7203093,9.928572,9.928571428571429,16.05935287475586,False
2025-12-19 03:00:00,NEZ,2.0,12.7507305,9.214286,9.214285714285714,16.05935287475586,False
2025-12-19 04:00:00,NEZ,2.0,2.7676277,8.071428,8.071428571428571,16.05935287475586,False
2025-12-19 05:00:00,NEZ,2.0,-0.637063,5.0,5.0,16.05935287475586,False
2025-12-19 06:00:00,NEZ,3.0,-2.57212,3.9285715,3.9285714285714284,16.05935287475586,False
2025-12-19 07:00:00,NEZ,3.0,-4.3656054,3.5,3.5,16.05935287475586,False
2025-12-19 08:00:00,NEZ,4.0,-2.8850536,7.5,7.5,16.05935287475586,False
2025-12-19 09:00:00,NEZ,12.0,4.1983824,18.857143,18.857142857142858,16.05935287475586,False
2025-12-19 10:00:00,NEZ,30.0,15.068392,35.615383,35.61538461538461,16.05935287475586,False
2025-12-19 11:00:00,NEZ,49.0,28.086899,53.214287,53.214285714285715,16.05935287475586,True
2025-12-19 12:00:00,NEZ,65.0,33.7776,60.57143,60.57142857142857,16.05935287475586,True
2025-12-19 13:00:00,NEZ,69.0,44.867683,64.35714,64.35714285714286,16.05935287475586,True
2025-12-19 14:00:00,NEZ,75.0,53.2809,66.71429,66.71428571428571,16.05935287475586,True
2025-12-19 15:00:00,NEZ,83.0,51.170727,61.57143,61.57142857142857,16.05935287475586,True
2025-12-19 16:00:00,NEZ,86.0,44.267002,50.142857,50.142857142857146,16.05935287475586,True
2025-12-19 17:00:00,NEZ,79.0,35.85453,39.357143,39.357142857142854,16.05935287475586,True
2025-12-19 18:00:00,NEZ,25.0,24.572432,25.5,25.5,16.05935287475586,False
2025-12-19 19:00:00,NEZ,11.0,10.388134,24.857143,24.857142857142858,16.05935287475586,False
2025-12-19 20:00:00,NEZ,13.0,2.9587479,18.571428,18.571428571428573,16.05935287475586,False
2025-12-19 21:00:00,NEZ,5.0,-2.688097,11.785714,11.785714285714286,16.05935287475586,False
2025-12-19 22:00:00,NEZ,7.0,-3.2522364,8.857142,8.857142857142858,16.05935287475586,False
2025-12-19 23:00:00,NEZ,2.0,-2.1096973,8.071428,8.071428571428571,16.05935287475586,False
2025-12-20 00:00:00,NEZ,1.0,1.6797762,10.727273,10.727272727272727,16.05935287475586,False
2025-12-20 01:00:00,NEZ,3.0,4.730071,12.181818,12.181818181818182,16.05935287475586,False
2025-12-20 02:00:00,NEZ,2.0,3.5274057,10.090909,10.090909090909092,16.05935287475586,False
2025-12-20 03:00:00,NEZ,2.0,2.8808908,8.642858,8.642857142857142,16.05935287475586,False
2025-12-20 04:00:00,NEZ,2.0,2.8661942,7.357143,7.357142857142857,16.05935287475586,False
2025-12-20 05:00:00,NEZ,2.0,0.8679888,4.5,4.5,16.05935287475586,False
2025-12-20 06:00:00,NEZ,2.0,0.61960506,3.642857,3.642857142857143,16.05935287475586,False
2025-12-20 07:00:00,NEZ,2.0,-0.011072397,3.357143,3.357142857142857,16.05935287475586,False
2025-12-20 08:00:00,NEZ,7.0,2.3741016,7.0,7.0,16.05935287475586,False
2025-12-20 10:00:00,NEZ,40.0,24.315376,34.692307,34.69230769230769,16.05935287475586,False
2025-12-20 11:00:00,NEZ,64.0,38.80494,51.785713,51.785714285714285,16.05935287475586,True
2025-12-20 12:00:00,NEZ,66.0,50.649586,59.42857,59.42857142857143,16.05935287475586,False
2025-12-20 13:00:00,NEZ,66.0,57.31057,64.0,64.0,16.05935287475586,False
2025-12-20 14:00:00,NEZ,81.0,60.502953,67.5,67.5,16.05935287475586,True
2025-12-20 15:00:00,NEZ,92.0,62.405907,63.285713,63.285714285714285,16.05935287475586,True
2025-12-20 16:00:00,NEZ,92.0,57.345,52.285713,52.285714285714285,16.05935287475586,True
2025-12-20 17:00:00,NEZ,90.0,47.437164,41.285713,41.285714285714285,16.05935287475586,True
2025-12-20 18:00:00,NEZ,53.0,25.564678,24.285715,24.285714285714285,16.05935287475586,True
2025-12-20 19:00:00,NEZ,26.0,9.662623,23.571428,23.571428571428573,16.05935287475586,True
2025-12-20 20:00:00,NEZ,23.0,5.817317,17.571428,17.571428571428573,16.05935287475586,True
2025-12-20 21:00:00,NEZ,18.0,0.45980167,10.714286,10.714285714285714,16.05935287475586,True
2025-12-20 22:00:00,NEZ,7.0,-0.10920048,8.142858,8.142857142857142,16.05935287475586,False
2025-12-20 23:00:00,NEZ,2.0,-2.6101851,6.571429,6.571428571428571,16.05935287475586,False
2025-12-21 00:00:00,NEZ,2.0,-1.105402,9.0,9.0,16.05935287475586,False
2025-12-21 01:00:00,NEZ,2.0,1.662735,11.0,11.0,16.05935287475586,False
2025-12-21 02:00:00,NEZ,3.0,1.0071077,9.727273,9.727272727272727,16.05935287475586,False
2025-12-21 03:00:00,NEZ,3.0,-0.52450466,7.5,7.5,16.05935287475586,False
2025-12-21 04:00:00,NEZ,4.0,-0.5727415,6.714286,6.714285714285714,16.05935287475586,False
2025-12-21 05:00:00,NEZ,4.0,-1.7248716,4.5,4.5,16.05935287475586,False
2025-12-21 06:00:00,NEZ,2.0,-1.8317561,3.642857,3.642857142857143,16.05935287475586,False
2025-12-21 07:00:00,NEZ,3.0,-1.7387292,3.2857144,3.2857142857142856,16.05935287475586,False
2025-12-21 08:00:00,NEZ,4.0,1.8597298,7.142857,7.142857142857143,16.05935287475586,False
2025-12-21 09:00:00,NEZ,18.0,11.057173,18.23077,18.23076923076923,16.05935287475586,False
2025-12-21 10:00:00,NEZ,40.0,24.9463,35.23077,35.23076923076923,16.05935287475586,False
2025-12-21 11:00:00,NEZ,58.0,41.172848,52.142857,52.142857142857146,16.05935287475586,True
2025-12-21 12:00:00,NEZ,69.0,51.30129,58.92857,58.92857142857143,16.05935287475586,True
2025-12-21 13:00:00,NEZ,75.0,53.500465,62.5,62.5,16.05935287475586,True
2025-12-21 14:00:00,NEZ,82.0,59.648693,66.5,66.5,16.05935287475586,True
2025-12-21 15:00:00,NEZ,86.0,64.3206,64.28571,64.28571428571429,16.05935287475586,True
2025-12-21 16:00:00,NEZ,85.0,56.166454,55.642857,55.642857142857146,16.05935287475586,True
2025-12-21 17:00:00,NEZ,76.0,45.98687,44.642857,44.642857142857146,16.05935287475586,True
2025-12-21 18:00:00,NEZ,34.0,25.897173,25.642857,25.642857142857142,16.05935287475586,False
2025-12-21 19:00:00,NEZ,24.0,13.56538,23.214285,23.214285714285715,16.05935287475586,False
2025-12-21 20:00:00,NEZ,19.0,6.871557,17.5,17.5,16.05935287475586,False
2025-12-21 21:00:00,NEZ,25.0,2.4736748,11.0,11.0,16.05935287475586,True
2025-12-21 22:00:00,NEZ,15.0,5.1813993,8.071428,8.071428571428571,16.05935287475586,False
2025-12-21 23:00:00,NEZ,11.0,7.924514,6.428571,6.428571428571429,16.05935287475586,False
2025-12-22 00:00:00,NEZ,9.0,11.592226,8.416667,8.416666666666666,16.05935287475586,False
2025-12-22 01:00:00,NEZ,4.0,13.238485,10.25,10.25,16.05935287475586,False
2025-12-22 02:00:00,NEZ,10.0,12.392222,9.166667,9.166666666666666,16.05935287475586,False
2025-12-22 03:00:00,NEZ,13.0,9.208625,7.5,7.5,16.05935287475586,False
2025-12-22 04:00:00,NEZ,12.0,8.5797,6.928571,6.928571428571429,16.05935287475586,False
2025-12-22 05:00:00,NEZ,10.0,7.2959185,4.642857,4.642857142857143,16.05935287475586,False
2025-12-22 06:00:00,NEZ,2.0,6.7642727,3.642857,3.642857142857143,16.05935287475586,False
2025-12-22 07:00:00,NEZ,3.0,4.9950924,3.357143,3.357142857142857,16.05935287475586,False
2025-12-22 08:00:00,NEZ,7.0,7.1655393,7.0,7.0,16.05935287475586,False
2025-12-22 09:00:00,NEZ,18.0,15.234604,17.846153,17.846153846153847,16.05935287475586,False
2025-12-22 10:00:00,NEZ,29.0,27.103483,34.53846,34.53846153846154,16.05935287475586,False
2025-12-22 11:00:00,NEZ,41.0,35.838577,50.642857,50.642857142857146,16.05935287475586,False
2025-12-22 12:00:00,NEZ,53.0,40.222515,58.142857,58.142857142857146,16.05935287475586,False
2025-12-22 13:00:00,NEZ,61.0,45.08181,61.5,61.5,16.05935287475586,False
2025-12-22 14:00:00,NEZ,68.0,52.52808,65.28571,65.28571428571429,16.05935287475586,False
2025-12-22 15:00:00,NEZ,46.0,53.60093,64.35714,64.35714285714286,16.05935287475586,False
2025-12-22 16:00:00,NEZ,29.0,38.441895,56.714287,56.714285714285715,16.05935287475586,False
2025-12-22 17:00:00,NEZ,19.0,20.998194,46.57143,46.57142857142857,16.05935287475586,False
2025-12-22 18:00:00,NEZ,12.0,-0.27393913,25.071428,25.071428571428573,16.05935287475586,False
2025-12-22 19:00:00,NEZ,5.0,-0.72826767,23.142857,23.142857142857142,16.05935287475586,False
2025-12-22 20:00:00,NEZ,5.0,-4.4858932,17.142857,17.142857142857142,16.05935287475586,False
2025-12-22 21:00:00,NEZ,6.0,-6.67288,11.571428,11.571428571428571,16.05935287475586,False
2025-12-22 22:00:00,NEZ,8.0,-6.814473,7.714286,7.714285714285714,16.05935287475586,False
2025-12-22 23:00:00,NEZ,3.0,-4.659518,5.928571,5.928571428571429,16.05935287475586,False
2025-12-23 00:00:00,NEZ,4.0,-0.18026257,7.4166665,7.416666666666667,16.05935287475586,False
2025-12-23 01:00:00,NEZ,7.0,2.6687126,8.25,8.25,16.05935287475586,False
2025-12-23 02:00:00,NEZ,8.0,2.4622903,7.3333335,7.333333333333333,16.05935287475586,False
2025-12-23 03:00:00,NEZ,4.0,1.5914536,6.285714,6.285714285714286,16.05935287475586,False
2025-12-23 04:00:00,NEZ,3.0,1.6418943,5.714286,5.714285714285714,16.05935287475586,False
2025-12-23 05:00:00,NEZ,1.0,-0.16720247,3.857143,3.857142857142857,16.05935287475586,False
2025-12-23 06:00:00,NEZ,1.0,-1.6726968,2.7857144,2.7857142857142856,16.05935287475586,False
2025-12-23 07:00:00,NEZ,1.0,-2.3209727,2.9285715,2.9285714285714284,16.05935287475586,False
2025-12-23 08:00:00,NEZ,2.0,-0.70136833,6.642857,6.642857142857143,16.05935287475586,False
2025-12-23 09:00:00,NEZ,3.0,8.23783,17.615385,17.615384615384617,16.05935287475586,False
2025-12-23 10:00:00,NEZ,5.0,20.942104,34.23077,34.23076923076923,16.05935287475586,False
2025-12-23 11:00:00,NEZ,21.0,31.863386,51.0,51.0,16.05935287475586,False
2025-12-23 12:00:00,NEZ,38.0,35.889656,60.07143,60.07142857142857,16.05935287475586,False
2025-12-23 13:00:00,NEZ,54.0,38.654434,63.92857,63.92857142857143,16.05935287475586,False
2025-12-23 14:00:00,NEZ,71.0,51.59765,67.71429,67.71428571428571,16.05935287475586,True
2025-12-23 15:00:00,NEZ,84.0,57.343384,64.85714,64.85714285714286,16.05935287475586,True
2025-12-23 16:00:00,NEZ,81.0,53.658825,56.57143,56.57142857142857,16.05935287475586,True
2025-12-23 17:00:00,NEZ,74.0,45.16208,46.5,46.5,16.05935287475586,True
2025-12-23 18:00:00,NEZ,37.0,19.96233,25.714285,25.714285714285715,16.05935287475586,True
2025-12-23 19:00:00,NEZ,30.0,7.5610466,23.357143,23.357142857142858,16.05935287475586,True
2025-12-23 20:00:00,NEZ,11.0,-0.1295681,17.357143,17.357142857142858,16.05935287475586,False
2025-12-23 21:00:00,NEZ,5.0,-3.941865,11.857142,11.857142857142858,16.05935287475586,False
2025-12-23 22:00:00,NEZ,5.0,-5.1969748,8.142858,8.142857142857142,16.05935287475586,False
2025-12-23 23:00:00,NEZ,7.0,-4.2285833,6.0,6.0,16.05935287475586,False
2025-12-24 00:00:00,NEZ,7.0,-0.34150887,7.5833335,7.583333333333333,16.05935287475586,False
2025-12-24 01:00:00,NEZ,5.0,2.7725,8.666667,8.666666666666666,16.05935287475586,False
2025-12-24 02:00:00,NEZ,4.0,3.2239041,7.8333335,7.833333333333333,16.05935287475586,False
2025-12-24 03:00:00,NEZ,2.0,2.594824,6.428571,6.428571428571429,16.05935287475586,False
2025-12-24 04:00:00,NEZ,2.0,2.2626631,5.785714,5.785714285714286,16.05935287475586,False
2025-12-24 05:00:00,NEZ,2.0,0.39740562,3.7857144,3.7857142857142856,16.05935287475586,False
2025-12-24 06:00:00,NEZ,2.0,-0.9808829,2.7142856,2.7142857142857144,16.05935287475586,False
2025-12-24 07:00:00,NEZ,2.0,-1.6481922,2.7857144,2.7857142857142856,16.05935287475586,False
2025-12-24 08:00:00,NEZ,4.0,0.84181213,6.285714,6.285714285714286,16.05935287475586,False
2025-12-24 09:00:00,NEZ,8.0,8.988037,16.538462,16.53846153846154,16.05935287475586,False
2025-12-24 10:00:00,NEZ,19.0,21.219147,31.846153,31.846153846153847,16.05935287475586,False
2025-12-24 11:00:00,NEZ,36.0,33.129925,49.0,49.0,16.05935287475586,False
2025-12-24 12:00:00,NEZ,56.0,35.692158,58.785713,58.785714285714285,16.05935287475586,True
2025-12-24 13:00:00,NEZ,74.0,37.59326,63.357143,63.357142857142854,16.05935287475586,True
2025-12-24 14:00:00,NEZ,78.0,46.731007,67.85714,67.85714285714286,16.05935287475586,True
2025-12-24 15:00:00,NEZ,84.0,42.492275,66.35714,66.35714285714286,16.05935287475586,True
2025-12-24 16:00:00,NEZ,82.0,34.516464,59.57143,59.57142857142857,16.05935287475586,True
2025-12-24 17:00:00,NEZ,74.0,26.168486,48.642857,48.642857142857146,16.05935287475586,True
2025-12-24 18:00:00,NEZ,41.0,8.7950115,25.928572,25.928571428571427,16.05935287475586,True
2025-12-24 19:00:00,NEZ,25.0,1.9384899,23.071428,23.071428571428573,16.05935287475586,True
2025-12-24 20:00:00,NEZ,9.0,-1.6456947,16.642857,16.642857142857142,16.05935287475586,False
2025-12-24 21:00:00,NEZ,5.0,-5.0168743,11.0,11.0,16.05935287475586,False
2025-12-24 22:00:00,NEZ,7.0,-5.7878094,7.5,7.5,16.05935287475586,False
2025-12-24 23:00:00,NEZ,12.0,-4.8661203,5.5,5.5,16.05935287475586,True
2025-12-25 03:00:00,NEZ,5.0,11.017346,5.5,5.5,16.05935287475586,False
2025-12-25 04:00:00,NEZ,6.0,2.2139347,5.0,5.0,16.05935287475586,False
2025-12-25 05:00:00,NEZ,5.0,1.5261307,3.7142856,3.7142857142857144,16.05935287475586,False
2025-12-25 06:00:00,NEZ,4.0,0.5924461,2.7142856,2.7142857142857144,16.05935287475586,False
2025-12-25 07:00:00,NEZ,5.0,0.01495409,2.7857144,2.7857142857142856,16.05935287475586,False
2025-12-25 08:00:00,NEZ,11.0,1.3310761,6.142857,6.142857142857143,16.05935287475586,False
2025-12-25 09:00:00,NEZ,18.0,7.0933695,15.692307,15.692307692307692,16.05935287475586,False
2025-12-25 10:00:00,NEZ,30.0,16.55025,30.384615,30.384615384615383,16.05935287475586,False
2025-12-25 11:00:00,NEZ,46.0,27.10271,47.857143,47.857142857142854,16.05935287475586,True
2025-12-25 12:00:00,NEZ,68.0,33.430973,58.357143,58.357142857142854,16.05935287475586,True
2025-12-25 13:00:00,NEZ,76.0,43.37098,63.57143,63.57142857142857,16.05935287475586,True
2025-12-25 14:00:00,NEZ,74.0,53.932587,68.35714,68.35714285714286,16.05935287475586,True
2025-12-25 15:00:00,NEZ,65.0,46.436928,67.78571,67.78571428571429,16.05935287475586,True
2025-12-25 16:00:00,NEZ,59.0,40.637222,61.357143,61.357142857142854,16.05935287475586,True
2025-12-25 17:00:00,NEZ,37.0,32.411972,50.857143,50.857142857142854,16.05935287475586,False
2025-12-25 18:00:00,NEZ,23.0,10.103077,27.642857,27.642857142857142,16.05935287475586,False
2025-12-25 19:00:00,NEZ,16.0,8.846795,24.214285,24.214285714285715,16.05935287475586,False
2025-12-25 20:00:00,NEZ,13.0,3.9358158,16.071428,16.071428571428573,16.05935287475586,False
2025-12-25 21:00:00,NEZ,11.0,0.24520683,10.071428,10.071428571428571,16.05935287475586,False
2025-12-25 22:00:00,NEZ,3.0,-1.760006,7.0,7.0,16.05935287475586,False
2025-12-25 23:00:00,NEZ,3.0,-1.505219,5.857143,5.857142857142857,16.05935287475586,False
2025-12-26 00:00:00,NEZ,6.0,1.9778252,7.4545455,7.454545454545454,16.05935287475586,False
2025-12-26 01:00:00,NEZ,10.0,3.7697973,8.0,8.0,16.05935287475586,False
2025-12-26 02:00:00,NEZ,5.0,3.3966703,7.4545455,7.454545454545454,16.05935287475586,False
2025-12-26 03:00:00,NEZ,6.0,2.154807,5.357143,5.357142857142857,16.05935287475586,False
2025-12-26 04:00:00,NEZ,5.0,2.7252717,5.0,5.0,16.05935287475586,False
2025-12-26 05:00:00,NEZ,5.0,2.8774614,3.9285715,3.9285714285714284,16.05935287475586,False
2025-12-26 06:00:00,NEZ,2.0,2.1220112,2.857143,2.857142857142857,16.05935287475586,False
2025-12-26 07:00:00,NEZ,2.0,1.9100688,2.9285715,2.9285714285714284,16.05935287475586,False
2025-12-26 08:00:00,NEZ,4.0,4.747369,6.571429,6.571428571428571,16.05935287475586,False
2025-12-26 09:00:00,NEZ,9.0,12.014419,16.076923,16.076923076923077,16.05935287475586,False
2025-12-26 10:00:00,NEZ,24.0,21.290564,30.538462,30.53846153846154,16.05935287475586,False
2025-12-26 11:00:00,NEZ,36.0,29.946918,48.285713,48.285714285714285,16.05935287475586,False
2025-12-26 12:00:00,NEZ,41.0,32.943626,59.857143,59.857142857142854,16.05935287475586,False
2025-12-26 13:00:00,NEZ,48.0,35.03722,64.92857,64.92857142857143,16.05935287475586,False
2025-12-26 14:00:00,NEZ,56.0,39.19825,69.07143,69.07142857142857,16.05935287475586,True
2025-12-26 15:00:00,NEZ,50.0,38.765198,67.85714,67.85714285714286,16.05935287475586,False
2025-12-26 16:00:00,NEZ,36.0,30.692692,61.0,61.0,16.05935287475586,False
2025-12-26 17:00:00,NEZ,31.0,19.441586,51.357143,51.357142857142854,16.05935287475586,False
2025-12-26 18:00:00,NEZ,15.0,-1.5176582,28.142857,28.142857142857142,16.05935287475586,True
2025-12-26 19:00:00,NEZ,17.0,-4.6546383,22.5,22.5,16.05935287475586,True
2025-12-26 20:00:00,NEZ,9.0,-7.382864,15.071428,15.071428571428571,16.05935287475586,True
2025-12-26 21:00:00,NEZ,2.0,-8.128577,10.285714,10.285714285714286,16.05935287475586,False
2025-12-26 22:00:00,NEZ,2.0,-7.9441867,6.857143,6.857142857142857,16.05935287475586,False
2025-12-26 23:00:00,NEZ,1.0,-5.641871,5.857143,5.857142857142857,16.05935287475586,False
2025-12-27 00:00:00,NEZ,2.0,-0.31732082,7.818182,7.818181818181818,16.05935287475586,False
2025-12-27 01:00:00,NEZ,2.0,3.120347,8.727273,8.727272727272727,16.05935287475586,False
2025-12-27 02:00:00,NEZ,1.0,4.2224903,7.7272725,7.7272727272727275,16.05935287475586,False
2025-12-27 03:00:00,NEZ,2.0,3.2157564,5.642857,5.642857142857143,16.05935287475586,False
2025-12-27 04:00:00,NEZ,2.0,3.432714,5.214286,5.214285714285714,16.05935287475586,False
2025-12-27 05:00:00,NEZ,2.0,2.6333084,4.214286,4.214285714285714,16.05935287475586,False
2025-12-27 06:00:00,NEZ,2.0,1.0813981,2.857143,2.857142857142857,16.05935287475586,False
2025-12-27 07:00:00,NEZ,2.0,0.4433744,2.857143,2.857142857142857,16.05935287475586,False
2025-12-27 08:00:00,NEZ,4.0,2.6276205,6.5,6.5,16.05935287475586,False
2025-12-27 09:00:00,NEZ,11.0,8.448125,15.307693,15.307692307692308,16.05935287475586,False
2025-12-27 10:00:00,NEZ,27.0,16.934696,29.0,29.0,16.05935287475586,False
2025-12-27 11:00:00,NEZ,49.0,26.11367,46.07143,46.07142857142857,16.05935287475586,True
2025-12-27 12:00:00,NEZ,68.0,31.951603,57.57143,57.57142857142857,16.05935287475586,True
2025-12-27 13:00:00,NEZ,63.0,38.247463,63.214287,63.214285714285715,16.05935287475586,True
2025-12-27 14:00:00,NEZ,61.0,44.777122,67.85714,67.85714285714286,16.05935287475586,True
2025-12-27 15:00:00,NEZ,59.0,43.26838,66.35714,66.35714285714286,16.05935287475586,False
2025-12-27 16:00:00,NEZ,63.0,40.389366,60.5,60.5,16.05935287475586,True
2025-12-27 17:00:00,NEZ,65.0,34.898396,51.0,51.0,16.05935287475586,True
2025-12-27 18:00:00,NEZ,57.0,16.829908,27.714285,27.714285714285715,16.05935287475586,True
2025-12-27 19:00:00,NEZ,39.0,12.0574255,20.285715,20.285714285714285,16.05935287475586,True
2025-12-27 20:00:00,NEZ,34.0,12.901943,13.571428,13.571428571428571,16.05935287475586,True
2025-12-27 21:00:00,NEZ,27.0,8.2034235,10.0,10.0,16.05935287475586,True
2025-12-27 22:00:00,NEZ,25.0,-0.1816616,6.214286,6.214285714285714,16.05935287475586,True
2025-12-27 23:00:00,NEZ,16.0,1.3227005,5.357143,5.357142857142857,16.05935287475586,False
2025-12-28 00:00:00,NEZ,32.0,2.4391923,7.3333335,7.333333333333333,16.05935287475586,True
2025-12-28 01:00:00,NEZ,32.0,5.530305,8.166667,8.166666666666666,16.05935287475586,True
2025-12-28 02:00:00,NEZ,26.0,5.313042,7.1666665,7.166666666666667,16.05935287475586,True
2025-12-28 03:00:00,NEZ,2.0,4.5353756,5.642857,5.642857142857143,16.05935287475586,False
2025-12-28 04:00:00,NEZ,15.0,3.6668606,5.214286,5.214285714285714,16.05935287475586,False
2025-12-28 05:00:00,NEZ,2.0,3.0907319,4.214286,4.214285714285714,16.05935287475586,False
2025-12-28 06:00:00,NEZ,2.0,2.7305117,2.857143,2.857142857142857,16.05935287475586,False
2025-12-28 07:00:00,NEZ,3.0,3.1284423,2.7857144,2.7857142857142856,16.05935287475586,False
2025-12-28 08:00:00,NEZ,5.0,8.300911,6.285714,6.285714285714286,16.05935287475586,False
2025-12-28 09:00:00,NEZ,14.0,14.829913,15.0,15.0,16.05935287475586,False
2025-12-28 10:00:00,NEZ,41.0,28.812002,28.76923,28.76923076923077,16.05935287475586,False
2025-12-28 11:00:00,NEZ,61.0,46.13678,46.357143,46.357142857142854,16.05935287475586,False
2025-12-28 12:00:00,NEZ,69.0,51.087795,58.07143,58.07142857142857,16.05935287475586,True
2025-12-28 13:00:00,NEZ,73.0,46.154366,63.0,63.0,16.05935287475586,True
2025-12-28 14:00:00,NEZ,80.0,47.14337,66.85714,66.85714285714286,16.05935287475586,True
2025-12-28 15:00:00,NEZ,81.0,45.91101,64.85714,64.85714285714286,16.05935287475586,True
2025-12-28 16:00:00,NEZ,79.0,46.278236,59.5,59.5,16.05935287475586,True
2025-12-28 17:00:00,NEZ,77.0,44.92484,51.5,51.5,16.05935287475586,True
2025-12-28 18:00:00,NEZ,49.0,23.910229,28.857143,28.857142857142858,16.05935287475586,True
2025-12-28 19:00:00,NEZ,44.0,14.266247,20.857143,20.857142857142858,16.05935287475586,True
2025-12-28 20:00:00,NEZ,41.0,12.985031,14.714286,14.714285714285714,16.05935287475586,True
2025-12-28 21:00:00,NEZ,14.0,12.7465515,11.142858,11.142857142857142,16.05935287475586,False
2025-12-28 22:00:00,NEZ,21.0,8.345537,7.642857,7.642857142857143,16.05935287475586,False
2025-12-28 23:00:00,NEZ,25.0,8.9357605,6.285714,6.285714285714286,16.05935287475586,True
2025-12-29 00:00:00,NEZ,24.0,14.147515,9.833333,9.833333333333334,16.05935287475586,False
2025-12-29 01:00:00,NEZ,23.0,13.012899,10.666667,10.666666666666666,16.05935287475586,False
2025-12-29 02:00:00,NEZ,22.0,9.347604,9.166667,9.166666666666666,16.05935287475586,False
2025-12-29 03:00:00,NEZ,15.0,5.672616,5.428571,5.428571428571429,16.05935287475586,False
2025-12-29 04:00:00,NEZ,7.0,7.1717334,6.0,6.0,16.05935287475586,False
2025-12-29 05:00:00,NEZ,2.0,5.4547253,4.214286,4.214285714285714,16.05935287475586,False
2025-12-29 06:00:00,NEZ,2.0,3.861926,2.857143,2.857142857142857,16.05935287475586,False
2025-12-29 07:00:00,NEZ,3.0,3.6981082,2.7142856,2.7142857142857144,16.05935287475586,False
2025-12-29 08:00:00,NEZ,8.0,6.4576416,5.785714,5.785714285714286,16.05935287475586,False
2025-12-29 09:00:00,NEZ,15.0,13.57929,14.384615,14.384615384615385,16.05935287475586,False
2025-12-29 10:00:00,NEZ,31.0,26.581894,29.153847,29.153846153846153,16.05935287475586,False
2025-12-29 11:00:00,NEZ,49.0,39.398773,47.285713,47.285714285714285,16.05935287475586,False
2025-12-29 12:00:00,NEZ,60.0,42.92152,58.857143,58.857142857142854,16.05935287475586,True
2025-12-29 13:00:00,NEZ,53.0,39.818745,64.07143,64.07142857142857,16.05935287475586,False
2025-12-29 14:00:00,NEZ,51.0,40.239426,68.57143,68.57142857142857,16.05935287475586,False
2025-12-29 15:00:00,NEZ,47.0,38.740784,67.42857,67.42857142857143,16.05935287475586,False
2025-12-29 16:00:00,NEZ,40.0,33.87755,62.285713,62.285714285714285,16.05935287475586,False
2025-12-29 17:00:00,NEZ,32.0,27.558647,54.642857,54.642857142857146,16.05935287475586,False
2025-12-29 18:00:00,NEZ,25.0,6.56678,30.857143,30.857142857142858,16.05935287475586,True
2025-12-29 19:00:00,NEZ,20.0,1.5112724,22.5,22.5,16.05935287475586,True
2025-12-29 20:00:00,NEZ,20.0,-1.2426052,16.285715,16.285714285714285,16.05935287475586,True
2025-12-29 21:00:00,NEZ,22.0,-2.135129,10.928572,10.928571428571429,16.05935287475586,True
2025-12-29 22:00:00,NEZ,15.0,0.4602599,8.142858,8.142857142857142,16.05935287475586,False
2025-12-29 23:00:00,NEZ,14.0,2.2751741,6.714286,6.714285714285714,16.05935287475586,False
2025-12-30 00:00:00,NEZ,16.0,8.068302,9.666667,9.666666666666666,16.05935287475586,False
2025-12-30 01:00:00,NEZ,21.0,11.335749,10.583333,10.583333333333334,16.05935287475586,False
2025-12-30 02:00:00,NEZ,23.0,12.40446,9.0,9.0,16.05935287475586,False
2025-12-30 03:00:00,NEZ,21.0,9.328264,4.857143,4.857142857142857,16.05935287475586,False
2025-12-30 04:00:00,NEZ,22.0,9.128828,4.785714,4.785714285714286,16.05935287475586,False
2025-12-30 05:00:00,NEZ,18.0,6.7069936,3.0714285,3.0714285714285716,16.05935287475586,False
2025-12-30 06:00:00,NEZ,16.0,3.793669,2.142857,2.142857142857143,16.05935287475586,False
2025-12-30 07:00:00,NEZ,11.0,0.40609145,2.5714285,2.5714285714285716,16.05935287475586,False
2025-12-30 08:00:00,NEZ,18.0,-2.224255,5.5,5.5,16.05935287475586,True
2025-12-30 09:00:00,NEZ,24.0,-0.90824413,13.692307,13.692307692307692,16.05935287475586,True
2025-12-30 13:00:00,NEZ,36.0,33.641438,65.85714,65.85714285714286,16.05935287475586,False
2025-12-30 14:00:00,NEZ,36.0,37.65972,70.42857,70.42857142857143,16.05935287475586,False
2025-12-30 15:00:00,NEZ,39.0,36.665207,69.14286,69.14285714285714,16.05935287475586,False
2025-12-30 16:00:00,NEZ,39.0,32.91501,63.57143,63.57142857142857,16.05935287475586,False
2025-12-30 17:00:00,NEZ,28.0,26.987976,55.857143,55.857142857142854,16.05935287475586,False
2025-12-30 18:00:00,NEZ,14.0,5.16926,31.928572,31.928571428571427,16.05935287475586,False
2025-12-30 19:00:00,NEZ,5.0,-1.452713,23.357143,23.357142857142858,16.05935287475586,False
2025-12-30 20:00:00,NEZ,3.0,-5.1060486,17.428572,17.428571428571427,16.05935287475586,False
2025-12-30 21:00:00,NEZ,2.0,-6.7988157,12.285714,12.285714285714286,16.05935287475586,False
2025-12-30 22:00:00,NEZ,1.0,-6.391201,9.0,9.0,16.05935287475586,False
2025-12-30 23:00:00,NEZ,2.0,-4.48997,7.5,7.5,16.05935287475586,False
2025-12-31 03:00:00,NEZ,2.0,9.961829,6.214286,6.214285714285714,16.05935287475586,False
2025-12-31 04:00:00,NEZ,1.0,1.9367795,6.142857,6.142857142857143,16.05935287475586,False
2025-12-31 05:00:00,NEZ,1.0,0.86770487,4.214286,4.214285714285714,16.05935287475586,False
2025-12-31 06:00:00,NEZ,1.0,-0.9326768,3.142857,3.142857142857143,16.05935287475586,False
2025-12-31 07:00:00,NEZ,2.0,-2.686619,3.2142856,3.2142857142857144,16.05935287475586,False
2025-12-31 08:00:00,NEZ,4.0,-2.4319997,6.357143,6.357142857142857,16.05935287475586,False
2025-12-31 09:00:00,NEZ,8.0,1.8012352,14.615385,14.615384615384615,16.05935287475586,False
2025-12-31 10:00:00,NEZ,18.0,11.861641,29.75,29.75,16.05935287475586,False
2025-12-31 11:00:00,NEZ,47.0,24.802492,48.615383,48.61538461538461,16.05935287475586,True
2025-12-31 12:00:00,NEZ,58.0,33.19116,60.46154,60.46153846153846,16.05935287475586,True
2025-12-31 13:00:00,NEZ,69.0,45.501076,63.642857,63.642857142857146,16.05935287475586,True
2025-12-31 14:00:00,NEZ,81.0,55.20744,68.28571,68.28571428571429,16.05935287475586,True
2025-12-31 15:00:00,NEZ,90.0,58.93633,66.78571,66.78571428571429,16.05935287475586,True
2025-12-31 16:00:00,NEZ,94.0,61.034,62.142857,62.142857142857146,16.05935287475586,True
2025-12-31 17:00:00,NEZ,85.0,56.429977,54.42857,54.42857142857143,16.05935287475586,True
2025-12-31 18:00:00,NEZ,57.0,28.733181,30.857143,30.857142857142858,16.05935287475586,True
2025-12-31 19:00:00,NEZ,48.0,18.0535,21.357143,21.357142857142858,16.05935287475586,True
2025-12-31 20:00:00,NEZ,40.0,14.067692,15.071428,15.071428571428571,16.05935287475586,True
2025-12-31 21:00:00,NEZ,38.0,10.01448,10.5,10.5,16.05935287475586,True
2025-12-31 22:00:00,NEZ,32.0,7.614349,8.642858,8.642857142857142,16.05935287475586,True
2025-12-31 23:00:00,NEZ,18.0,6.767807,7.357143,7.357142857142857,16.05935287475586,False
