ataques,rechazos,aceptados_atacados,cancelaciones,alterados,detectados_alterados,alertas_cancelados,banda_local_cambiada,banda_local_sin_alerta,falsa_excedencia,falsa_excedencia_sin_alerta,ocultamiento,ocultamiento_sin_alerta,semilla,formato,mensajes,limpios,falsas_alarmas_limpios,tasa_real_ataque_pct,rechazo_ataques_pct,recall_alterados_pct,banda_sin_alerta_por_ataque_pct,banda_sin_alerta_por_aceptado_pct,fpr_limpios_pct,dias_cambio_banda_disponibles,dias_cambio_banda_solo_valores,dias_cambio_banda_solo_perdidas,dias_dia_con_perdida,dias_dia_sin_datos,dias_falsa_excedencia,dias_ocultamiento
81,76,5,0,5,5,0,4,0,0,0,0,0,42,base,1684,1603,347,4.809976247030879,93.82716049382717,100.0,0.0,0.0,21.64691203992514,2,2,0,46,0,0,0
81,73,8,0,8,7,0,6,0,1,0,0,0,42,A,1684,1603,347,4.809976247030879,90.12345679012346,87.5,0.0,0.0,21.64691203992514,4,4,0,45,0,1,0
81,70,11,0,11,10,0,9,0,1,0,0,0,42,B,1684,1603,347,4.809976247030879,86.41975308641975,90.9090909090909,0.0,0.0,21.64691203992514,5,5,0,43,0,1,0
80,75,5,0,5,3,0,3,0,1,0,0,0,43,base,1684,1604,342,4.750593824228028,93.75,60.0,0.0,0.0,21.321695760598505,2,1,1,42,0,1,0
80,71,9,0,9,6,0,6,0,1,0,0,0,43,A,1684,1604,342,4.750593824228028,88.75,66.66666666666667,0.0,0.0,21.321695760598505,2,1,1,40,0,1,0
80,66,14,1,13,9,0,8,0,1,0,0,0,43,B,1684,1604,342,4.750593824228028,82.5,69.23076923076923,0.0,0.0,21.321695760598505,3,2,1,40,0,1,0
84,77,7,0,7,4,0,4,0,1,0,0,0,44,base,1684,1600,340,4.98812351543943,91.66666666666667,57.142857142857146,0.0,0.0,21.25,1,1,0,54,0,1,0
84,73,11,1,10,7,0,6,0,2,0,0,0,44,A,1684,1600,340,4.98812351543943,86.9047619047619,70.0,0.0,0.0,21.25,3,3,0,51,0,2,0
84,67,17,0,17,12,0,9,0,2,0,0,0,44,B,1684,1600,340,4.98812351543943,79.76190476190476,70.58823529411765,0.0,0.0,21.25,6,6,0,48,0,2,0
93,90,3,0,3,2,0,2,0,1,0,0,0,45,base,1684,1591,342,5.522565320665083,96.7741935483871,66.66666666666667,0.0,0.0,21.495914519170334,2,2,0,53,0,1,0
93,86,7,0,7,6,0,5,0,3,0,0,0,45,A,1684,1591,342,5.522565320665083,92.47311827956989,85.71428571428571,0.0,0.0,21.495914519170334,4,4,0,53,0,2,0
93,80,13,0,13,12,0,8,0,6,0,0,0,45,B,1684,1591,342,5.522565320665083,86.02150537634408,92.3076923076923,0.0,0.0,21.495914519170334,6,6,0,53,0,4,0
89,86,3,0,3,1,0,1,0,0,0,0,0,46,base,1684,1595,341,5.285035629453682,96.62921348314607,33.333333333333336,0.0,0.0,21.379310344827587,1,0,1,51,0,0,0
89,84,5,0,5,3,0,3,0,2,0,0,0,46,A,1684,1595,341,5.285035629453682,94.38202247191012,60.0,0.0,0.0,21.379310344827587,3,2,1,50,0,2,0
89,78,11,0,11,7,0,5,0,3,0,0,0,46,B,1684,1595,341,5.285035629453682,87.64044943820225,63.63636363636363,0.0,0.0,21.379310344827587,4,3,1,49,0,3,0
109,106,3,0,3,1,0,0,0,0,0,0,0,47,base,1684,1575,324,6.472684085510688,97.24770642201835,33.333333333333336,0.0,0.0,20.571428571428573,2,0,2,56,0,0,0
109,101,8,0,8,5,0,4,0,2,0,0,0,47,A,1684,1575,324,6.472684085510688,92.66055045871559,62.5,0.0,0.0,20.571428571428573,5,3,2,55,0,2,0
109,93,16,0,16,10,0,6,0,2,0,0,0,47,B,1684,1575,324,6.472684085510688,85.3211009174312,62.5,0.0,0.0,20.571428571428573,5,4,1,52,0,2,0
90,85,5,0,5,4,0,1,0,1,0,0,0,48,base,1684,1594,343,5.344418052256532,94.44444444444444,80.0,0.0,0.0,21.51819322459222,2,1,1,52,0,1,0
90,83,7,0,7,3,0,2,0,2,0,0,0,48,A,1684,1594,343,5.344418052256532,92.22222222222223,42.857142857142854,0.0,0.0,21.51819322459222,3,2,1,51,0,2,0
90,75,15,0,15,9,0,5,0,5,0,0,0,48,B,1684,1594,343,5.344418052256532,83.33333333333333,60.0,0.0,0.0,21.51819322459222,6,5,1,48,0,5,0
95,89,6,0,6,4,0,5,1,0,0,0,0,49,base,1684,1589,341,5.641330166270784,93.6842105263158,66.66666666666667,1.0526315789473684,16.666666666666668,21.46003775959723,3,3,0,48,0,0,0
95,88,7,0,7,4,0,5,1,0,0,0,0,49,A,1684,1589,341,5.641330166270784,92.63157894736842,57.142857142857146,1.0526315789473684,14.285714285714286,21.46003775959723,2,2,0,48,0,0,0
95,83,12,0,12,8,0,7,1,0,0,0,0,49,B,1684,1589,341,5.641330166270784,87.36842105263158,66.66666666666667,1.0526315789473684,8.333333333333334,21.46003775959723,4,4,0,46,0,0,0
80,73,7,0,7,6,0,5,0,4,0,0,0,50,base,1684,1604,336,4.750593824228028,91.25,85.71428571428571,0.0,0.0,20.947630922693268,4,4,0,46,0,4,0
80,69,11,0,11,9,0,8,0,7,0,0,0,50,A,1684,1604,336,4.750593824228028,86.25,81.81818181818181,0.0,0.0,20.947630922693268,7,7,0,44,0,7,0
80,61,19,0,19,14,0,10,0,8,0,0,0,50,B,1684,1604,336,4.750593824228028,76.25,73.6842105263158,0.0,0.0,20.947630922693268,8,8,0,39,0,7,0
80,78,2,0,2,2,0,0,0,0,0,0,0,51,base,1684,1604,343,4.750593824228028,97.5,100.0,0.0,0.0,21.384039900249377,0,0,0,43,0,0,0
80,72,8,0,8,4,0,1,0,1,0,0,0,51,A,1684,1604,343,4.750593824228028,90.0,50.0,0.0,0.0,21.384039900249377,1,1,0,42,0,1,0
80,71,9,1,8,5,0,1,0,1,0,0,0,51,B,1684,1604,343,4.750593824228028,88.75,62.5,0.0,0.0,21.384039900249377,1,1,0,41,0,1,0
97,96,1,0,1,0,0,0,0,0,0,0,0,52,base,1684,1587,339,5.760095011876484,98.96907216494846,0.0,0.0,0.0,21.361058601134214,0,0,0,57,0,0,0
97,92,5,0,5,2,0,1,0,1,0,0,0,52,A,1684,1587,339,5.760095011876484,94.84536082474227,40.0,0.0,0.0,21.361058601134214,1,1,0,56,0,1,0
97,85,12,0,12,6,0,5,2,1,0,0,0,52,B,1684,1587,339,5.760095011876484,87.62886597938144,50.0,2.0618556701030926,16.666666666666668,21.361058601134214,4,4,0,53,0,1,0
70,64,6,0,6,2,0,2,0,2,0,0,0,53,base,1684,1614,349,4.156769596199525,91.42857142857143,33.333333333333336,0.0,0.0,21.623296158612145,2,2,0,45,0,2,0
70,63,7,1,6,2,0,2,0,2,0,0,0,53,A,1684,1614,349,4.156769596199525,90.0,33.333333333333336,0.0,0.0,21.623296158612145,2,2,0,45,0,2,0
70,61,9,1,8,4,0,4,0,4,0,0,0,53,B,1684,1614,349,4.156769596199525,87.14285714285714,50.0,0.0,0.0,21.623296158612145,3,3,0,43,0,3,0
72,69,3,0,3,2,0,1,0,0,0,0,0,54,base,1684,1612,348,4.275534441805226,95.83333333333333,66.66666666666667,0.0,0.0,21.588089330024815,1,1,0,45,0,0,0
72,68,4,0,4,2,0,2,0,0,0,0,0,54,A,1684,1612,348,4.275534441805226,94.44444444444444,50.0,0.0,0.0,21.588089330024815,1,1,0,44,0,0,0
72,65,7,0,7,5,0,5,0,1,0,0,0,54,B,1684,1612,348,4.275534441805226,90.27777777777777,71.42857142857143,0.0,0.0,21.588089330024815,2,2,0,44,0,1,0
86,81,5,0,5,3,0,2,0,0,0,0,0,55,base,1684,1598,345,5.10688836104513,94.18604651162791,60.0,0.0,0.0,21.589486858573217,1,1,0,52,0,0,0
86,78,8,0,8,4,0,3,0,0,0,0,0,55,A,1684,1598,345,5.10688836104513,90.69767441860465,50.0,0.0,0.0,21.589486858573217,2,2,0,52,0,0,0
86,67,19,0,19,15,0,10,0,3,0,0,0,55,B,1684,1598,345,5.10688836104513,77.90697674418605,78.94736842105263,0.0,0.0,21.589486858573217,9,9,0,49,0,3,0
88,84,4,0,4,1,0,1,0,0,0,0,0,56,base,1684,1596,336,5.225653206650831,95.45454545454545,25.0,0.0,0.0,21.05263157894737,0,0,0,49,0,0,0
88,78,10,0,10,4,0,4,0,0,0,0,0,56,A,1684,1596,336,5.225653206650831,88.63636363636364,40.0,0.0,0.0,21.05263157894737,0,0,0,47,0,0,0
88,74,14,1,13,8,0,7,0,2,0,0,0,56,B,1684,1596,336,5.225653206650831,84.0909090909091,61.53846153846154,0.0,0.0,21.05263157894737,2,2,0,47,0,2,0
73,64,9,0,9,7,0,5,0,2,0,0,0,57,base,1684,1611,342,4.334916864608076,87.67123287671232,77.77777777777777,0.0,0.0,21.22905027932961,3,3,0,42,0,2,0
73,62,11,0,11,8,0,5,0,3,0,0,0,57,A,1684,1611,342,4.334916864608076,84.93150684931507,72.72727272727273,0.0,0.0,21.22905027932961,3,3,0,41,0,3,0
73,55,18,0,18,13,0,9,0,4,0,0,0,57,B,1684,1611,342,4.334916864608076,75.34246575342466,72.22222222222223,0.0,0.0,21.22905027932961,5,5,0,38,0,4,0
86,80,6,0,6,5,0,4,1,1,0,0,0,58,base,1684,1598,337,5.10688836104513,93.02325581395348,83.33333333333333,1.1627906976744187,16.666666666666668,21.08886107634543,2,2,0,50,0,1,0
86,77,9,0,9,8,0,5,0,1,0,0,0,58,A,1684,1598,337,5.10688836104513,89.53488372093024,88.88888888888889,0.0,0.0,21.08886107634543,3,3,0,50,0,1,0
86,71,15,0,15,9,0,7,0,2,0,0,0,58,B,1684,1598,337,5.10688836104513,82.55813953488372,60.0,0.0,0.0,21.08886107634543,4,4,0,47,0,2,0
73,69,4,0,4,3,0,3,0,0,0,0,0,59,base,1684,1611,350,4.334916864608076,94.52054794520548,75.0,0.0,0.0,21.725636250775917,1,1,0,49,0,0,0
73,68,5,0,5,3,0,3,0,0,0,0,0,59,A,1684,1611,350,4.334916864608076,93.15068493150685,60.0,0.0,0.0,21.725636250775917,0,0,0,48,0,0,0
73,66,7,0,7,4,0,4,0,1,0,0,0,59,B,1684,1611,350,4.334916864608076,90.41095890410959,57.142857142857146,0.0,0.0,21.725636250775917,1,1,0,47,0,1,0
91,88,3,0,3,2,0,2,0,0,0,0,0,60,base,1684,1593,342,5.403800475059382,96.7032967032967,66.66666666666667,0.0,0.0,21.468926553672315,1,0,1,50,0,0,0
91,86,5,0,5,2,0,2,0,0,0,0,0,60,A,1684,1593,342,5.403800475059382,94.50549450549451,40.0,0.0,0.0,21.468926553672315,1,0,1,50,0,0,0
91,81,10,0,10,6,0,4,0,1,0,0,0,60,B,1684,1593,342,5.403800475059382,89.01098901098901,60.0,0.0,0.0,21.468926553672315,2,1,1,50,0,1,0
89,85,4,0,4,1,0,2,1,0,0,0,0,61,base,1684,1595,335,5.285035629453682,95.50561797752809,25.0,1.1235955056179776,25.0,21.003134796238246,2,1,1,50,0,0,0
89,80,9,1,8,5,1,4,1,1,0,0,0,61,A,1684,1595,335,5.285035629453682,89.88764044943821,62.5,1.1235955056179776,11.11111111111111,21.003134796238246,2,2,0,48,0,1,0
89,77,12,0,12,8,0,5,1,1,0,0,0,61,B,1684,1595,335,5.285035629453682,86.51685393258427,66.66666666666667,1.1235955056179776,8.333333333333334,21.003134796238246,3,3,0,46,0,1,0
83,81,2,0,2,1,0,1,0,0,0,0,0,62,base,1684,1601,343,4.92874109263658,97.59036144578313,50.0,0.0,0.0,21.424109931292943,2,1,1,44,0,0,0
83,78,5,0,5,3,0,2,0,0,0,0,0,62,A,1684,1601,343,4.92874109263658,93.97590361445783,60.0,0.0,0.0,21.424109931292943,3,2,1,41,0,0,0
83,70,13,1,12,6,0,3,0,0,0,0,0,62,B,1684,1601,343,4.92874109263658,84.33734939759036,50.0,0.0,0.0,21.424109931292943,4,3,1,41,0,0,0
83,79,4,0,4,0,0,1,1,0,0,0,0,63,base,1684,1601,346,4.92874109263658,95.18072289156626,0.0,1.2048192771084338,25.0,21.611492816989383,0,0,0,49,0,0,0
83,77,6,0,6,1,0,1,1,0,0,0,0,63,A,1684,1601,346,4.92874109263658,92.7710843373494,16.666666666666668,1.2048192771084338,16.666666666666668,21.611492816989383,0,0,0,49,0,0,0
83,73,10,0,10,5,0,2,0,1,0,0,0,63,B,1684,1601,346,4.92874109263658,87.95180722891567,50.0,0.0,0.0,21.611492816989383,2,2,0,49,0,1,0
92,86,6,0,6,5,0,3,1,1,0,0,0,64,base,1684,1592,337,5.463182897862233,93.47826086956522,83.33333333333333,1.0869565217391304,16.666666666666668,21.168341708542712,1,1,0,50,0,1,0
92,83,9,0,9,6,0,3,0,2,0,0,0,64,A,1684,1592,337,5.463182897862233,90.21739130434783,66.66666666666667,0.0,0.0,21.168341708542712,2,2,0,49,0,2,0
92,82,10,0,10,7,0,4,0,3,0,0,0,64,B,1684,1592,337,5.463182897862233,89.1304347826087,70.0,0.0,0.0,21.168341708542712,3,3,0,48,0,3,0
80,77,3,0,3,1,0,2,1,1,0,0,0,65,base,1684,1604,339,4.750593824228028,96.25,33.333333333333336,1.25,33.333333333333336,21.134663341645886,3,2,1,48,0,1,0
80,75,5,0,5,2,0,3,1,0,0,0,0,65,A,1684,1604,339,4.750593824228028,93.75,40.0,1.25,20.0,21.134663341645886,4,3,1,47,0,0,0
80,72,8,1,7,5,0,4,1,1,0,0,0,65,B,1684,1604,339,4.750593824228028,90.0,71.42857142857143,1.25,12.5,21.134663341645886,5,4,1,47,0,1,0
69,67,2,0,2,1,0,0,0,0,0,0,0,66,base,1684,1615,344,4.097387173396674,97.10144927536231,50.0,0.0,0.0,21.30030959752322,0,0,0,44,0,0,0
69,62,7,0,7,2,0,3,1,0,0,0,0,66,A,1684,1615,344,4.097387173396674,89.85507246376811,28.571428571428573,1.4492753623188406,14.285714285714286,21.30030959752322,0,0,0,40,0,0,0
69,57,12,0,12,5,0,4,0,1,0,0,0,66,B,1684,1615,344,4.097387173396674,82.6086956521739,41.666666666666664,0.0,0.0,21.30030959752322,1,1,0,38,0,1,0
79,76,3,0,3,1,0,1,0,0,0,0,0,67,base,1684,1605,341,4.6912114014251785,96.20253164556962,33.333333333333336,0.0,0.0,21.246105919003114,0,0,0,48,0,0,0
79,70,9,0,9,5,0,3,0,1,0,0,0,67,A,1684,1605,341,4.6912114014251785,88.60759493670886,55.55555555555556,0.0,0.0,21.246105919003114,1,1,0,45,0,1,0
79,62,17,0,17,10,0,8,1,2,0,0,0,67,B,1684,1605,341,4.6912114014251785,78.48101265822785,58.8235294117647,1.2658227848101267,5.882352941176471,21.246105919003114,5,5,0,42,0,2,0
89,87,2,0,2,1,0,1,0,1,0,0,0,68,base,1684,1595,341,5.285035629453682,97.75280898876404,50.0,0.0,0.0,21.379310344827587,2,1,1,53,0,1,0
89,87,2,0,2,1,0,1,0,1,0,0,0,68,A,1684,1595,341,5.285035629453682,97.75280898876404,50.0,0.0,0.0,21.379310344827587,2,1,1,53,0,1,0
89,84,5,0,5,3,0,3,1,1,0,0,0,68,B,1684,1595,341,5.285035629453682,94.38202247191012,60.0,1.1235955056179776,20.0,21.379310344827587,2,1,1,52,0,1,0
74,71,3,0,3,2,0,2,0,1,0,0,0,69,base,1684,1610,346,4.394299287410926,95.94594594594595,66.66666666666667,0.0,0.0,21.490683229813666,1,1,0,47,0,1,0
74,69,5,0,5,4,0,4,0,1,0,0,0,69,A,1684,1610,346,4.394299287410926,93.24324324324324,80.0,0.0,0.0,21.490683229813666,3,3,0,47,0,1,0
74,66,8,0,8,5,0,5,0,2,0,0,0,69,B,1684,1610,346,4.394299287410926,89.1891891891892,62.5,0.0,0.0,21.490683229813666,3,3,0,45,0,2,0
81,77,4,0,4,3,0,2,0,0,0,0,0,70,base,1684,1603,346,4.809976247030879,95.06172839506173,75.0,0.0,0.0,21.584529008109794,0,0,0,48,0,0,0
81,76,5,0,5,3,0,2,0,0,0,0,0,70,A,1684,1603,346,4.809976247030879,93.82716049382717,60.0,0.0,0.0,21.584529008109794,0,0,0,47,0,0,0
81,70,11,1,10,7,1,5,0,0,0,0,0,70,B,1684,1603,346,4.809976247030879,86.41975308641975,70.0,0.0,0.0,21.584529008109794,0,0,0,44,0,0,0
99,92,7,0,7,4,0,3,0,1,0,0,0,71,base,1684,1585,348,5.878859857482185,92.92929292929293,57.142857142857146,0.0,0.0,21.95583596214511,2,1,1,54,0,1,0
99,86,13,0,13,7,0,5,0,2,0,0,0,71,A,1684,1585,348,5.878859857482185,86.86868686868686,53.84615384615385,0.0,0.0,21.95583596214511,3,2,1,52,0,2,0
99,81,18,0,18,11,0,9,0,3,0,0,0,71,B,1684,1585,348,5.878859857482185,81.81818181818181,61.111111111111114,0.0,0.0,21.95583596214511,5,4,1,49,0,3,0
94,88,6,0,6,2,0,1,0,1,0,0,0,72,base,1684,1590,338,5.581947743467934,93.61702127659575,33.333333333333336,0.0,0.0,21.257861635220127,1,1,0,53,0,1,0
94,84,10,0,10,4,0,3,0,1,0,0,0,72,A,1684,1590,338,5.581947743467934,89.36170212765957,40.0,0.0,0.0,21.257861635220127,2,2,0,53,0,1,0
94,77,17,0,17,8,0,8,0,5,0,0,0,72,B,1684,1590,338,5.581947743467934,81.91489361702128,47.05882352941177,0.0,0.0,21.257861635220127,7,7,0,49,0,5,0
83,80,3,0,3,1,0,1,0,0,0,0,0,73,base,1684,1601,337,4.92874109263658,96.3855421686747,33.333333333333336,0.0,0.0,21.049344159900063,0,0,0,50,0,0,0
83,78,5,0,5,2,0,1,0,0,0,0,0,73,A,1684,1601,337,4.92874109263658,93.97590361445783,40.0,0.0,0.0,21.049344159900063,0,0,0,49,0,0,0
83,75,8,0,8,4,0,3,0,1,0,0,0,73,B,1684,1601,337,4.92874109263658,90.36144578313252,50.0,0.0,0.0,21.049344159900063,1,1,0,46,0,1,0
86,80,6,0,6,6,0,6,0,0,0,0,0,74,base,1684,1598,345,5.10688836104513,93.02325581395348,100.0,0.0,0.0,21.589486858573217,2,2,0,48,0,0,0
86,77,9,0,9,9,0,8,0,1,0,0,0,74,A,1684,1598,345,5.10688836104513,89.53488372093024,100.0,0.0,0.0,21.589486858573217,3,3,0,47,0,1,0
86,70,16,1,15,13,0,12,0,3,0,0,0,74,B,1684,1598,345,5.10688836104513,81.3953488372093,86.66666666666667,0.0,0.0,21.589486858573217,6,6,0,44,0,3,0
85,79,6,0,6,6,0,5,0,2,0,0,0,75,base,1684,1599,336,5.04750593824228,92.94117647058823,100.0,0.0,0.0,21.01313320825516,3,3,0,53,0,2,0
85,75,10,0,10,7,0,6,0,3,0,0,0,75,A,1684,1599,336,5.04750593824228,88.23529411764706,70.0,0.0,0.0,21.01313320825516,4,4,0,51,0,3,0
85,70,15,1,14,9,0,8,0,5,0,0,0,75,B,1684,1599,336,5.04750593824228,82.3529411764706,64.28571428571429,0.0,0.0,21.01313320825516,5,5,0,50,0,4,0
78,70,8,0,8,7,0,7,0,1,0,0,0,76,base,1684,1606,337,4.631828978622328,89.74358974358974,87.5,0.0,0.0,20.983810709838107,2,2,0,45,0,1,0
78,70,8,0,8,7,0,7,0,2,0,0,0,76,A,1684,1606,337,4.631828978622328,89.74358974358974,87.5,0.0,0.0,20.983810709838107,2,2,0,45,0,2,0
78,66,12,0,12,10,0,10,0,2,0,0,0,76,B,1684,1606,337,4.631828978622328,84.61538461538461,83.33333333333333,0.0,0.0,20.983810709838107,2,2,0,44,0,2,0
76,71,5,0,5,4,0,2,0,0,0,0,0,77,base,1684,1608,344,4.513064133016627,93.42105263157895,80.0,0.0,0.0,21.393034825870647,0,0,0,45,0,0,0
76,70,6,0,6,2,0,2,0,0,0,0,0,77,A,1684,1608,344,4.513064133016627,92.10526315789474,33.333333333333336,0.0,0.0,21.393034825870647,0,0,0,45,0,0,0
76,65,11,0,11,7,0,4,0,0,0,0,0,77,B,1684,1608,344,4.513064133016627,85.52631578947368,63.63636363636363,0.0,0.0,21.393034825870647,0,0,0,44,0,0,0
74,71,3,0,3,2,0,1,0,0,0,0,0,78,base,1684,1610,341,4.394299287410926,95.94594594594595,66.66666666666667,0.0,0.0,21.180124223602483,0,0,0,46,0,0,0
74,68,6,0,6,5,0,4,0,1,0,0,0,78,A,1684,1610,341,4.394299287410926,91.89189189189189,83.33333333333333,0.0,0.0,21.180124223602483,2,2,0,45,0,1,0
74,66,8,0,8,7,0,6,0,1,0,0,0,78,B,1684,1610,341,4.394299287410926,89.1891891891892,87.5,0.0,0.0,21.180124223602483,3,3,0,44,0,1,0
80,77,3,0,3,1,0,0,0,0,0,0,0,79,base,1684,1604,342,4.750593824228028,96.25,33.333333333333336,0.0,0.0,21.321695760598505,0,0,0,48,0,0,0
80,76,4,0,4,2,0,1,0,0,0,0,0,79,A,1684,1604,342,4.750593824228028,95.0,50.0,0.0,0.0,21.321695760598505,1,1,0,48,0,0,0
80,68,12,0,12,8,0,3,0,2,0,0,0,79,B,1684,1604,342,4.750593824228028,85.0,66.66666666666667,0.0,0.0,21.321695760598505,3,3,0,46,0,2,0
89,85,4,0,4,2,0,3,1,0,0,0,0,80,base,1684,1595,340,5.285035629453682,95.50561797752809,50.0,1.1235955056179776,25.0,21.316614420062695,0,0,0,53,0,0,0
89,81,8,0,8,5,0,6,1,1,0,0,0,80,A,1684,1595,340,5.285035629453682,91.01123595505618,62.5,1.1235955056179776,12.5,21.316614420062695,2,2,0,52,0,1,0
89,75,14,0,14,12,0,12,0,5,0,0,0,80,B,1684,1595,340,5.285035629453682,84.26966292134831,85.71428571428571,0.0,0.0,21.316614420062695,6,6,0,50,0,5,0
88,87,1,0,1,1,0,1,0,0,0,0,0,81,base,1684,1596,335,5.225653206650831,98.86363636363636,100.0,0.0,0.0,20.98997493734336,1,1,0,52,0,0,0
88,84,4,0,4,2,0,3,1,0,0,0,0,81,A,1684,1596,335,5.225653206650831,95.45454545454545,50.0,1.1363636363636365,25.0,20.98997493734336,1,1,0,52,0,0,0
88,79,9,0,9,5,0,5,1,2,1,0,0,81,B,1684,1596,335,5.225653206650831,89.77272727272727,55.55555555555556,1.1363636363636365,11.11111111111111,20.98997493734336,2,2,0,52,0,2,0
95,89,6,0,6,5,0,4,0,1,0,0,0,82,base,1684,1589,338,5.641330166270784,93.6842105263158,83.33333333333333,0.0,0.0,21.271239773442417,2,2,0,54,0,1,0
95,86,9,0,9,8,0,5,0,2,0,0,0,82,A,1684,1589,338,5.641330166270784,90.52631578947368,88.88888888888889,0.0,0.0,21.271239773442417,3,3,0,53,0,2,0
95,83,12,0,12,10,0,8,0,2,0,0,0,82,B,1684,1589,338,5.641330166270784,87.36842105263158,83.33333333333333,0.0,0.0,21.271239773442417,4,4,0,52,0,2,0
76,72,4,0,4,1,0,1,0,0,0,0,0,83,base,1684,1608,344,4.513064133016627,94.73684210526316,25.0,0.0,0.0,21.393034825870647,1,1,0,47,0,0,0
76,71,5,0,5,2,0,0,0,0,0,0,0,83,A,1684,1608,344,4.513064133016627,93.42105263157895,40.0,0.0,0.0,21.393034825870647,0,0,0,47,0,0,0
76,64,12,0,12,4,0,4,1,2,0,0,0,83,B,1684,1608,344,4.513064133016627,84.21052631578948,33.333333333333336,1.3157894736842106,8.333333333333334,21.393034825870647,2,2,0,43,0,2,0
90,87,3,0,3,1,0,0,0,0,0,0,0,84,base,1684,1594,337,5.344418052256532,96.66666666666667,33.333333333333336,0.0,0.0,21.141781681304895,0,0,0,49,0,0,0
90,85,5,0,5,3,0,2,0,1,0,0,0,84,A,1684,1594,337,5.344418052256532,94.44444444444444,60.0,0.0,0.0,21.141781681304895,2,2,0,48,0,1,0
90,74,16,1,15,11,0,9,0,3,0,0,0,84,B,1684,1594,337,5.344418052256532,82.22222222222223,73.33333333333333,0.0,0.0,21.141781681304895,6,6,0,47,0,3,0
80,78,2,0,2,2,0,2,0,1,0,0,0,85,base,1684,1604,345,4.750593824228028,97.5,100.0,0.0,0.0,21.508728179551124,1,1,0,49,0,1,0
80,72,8,0,8,5,0,5,1,2,0,0,0,85,A,1684,1604,345,4.750593824228028,90.0,62.5,1.25,12.5,21.508728179551124,2,2,0,46,0,2,0
80,65,15,0,15,9,0,7,0,4,0,0,0,85,B,1684,1604,345,4.750593824228028,81.25,60.0,0.0,0.0,21.508728179551124,5,5,0,44,0,4,0
80,78,2,0,2,2,0,2,0,0,0,0,0,86,base,1684,1604,341,4.750593824228028,97.5,100.0,0.0,0.0,21.25935162094763,2,0,2,51,0,0,0
80,76,4,0,4,4,0,4,0,1,0,0,0,86,A,1684,1604,341,4.750593824228028,95.0,100.0,0.0,0.0,21.25935162094763,3,1,2,49,0,1,0
80,69,11,0,11,11,0,9,0,3,0,0,0,86,B,1684,1604,341,4.750593824228028,86.25,100.0,0.0,0.0,21.25935162094763,5,4,2,45,0,3,0
95,89,6,0,6,5,0,2,0,0,0,0,0,87,base,1684,1589,335,5.641330166270784,93.6842105263158,83.33333333333333,0.0,0.0,21.082441787287603,1,1,0,54,0,0,0
95,87,8,0,8,6,0,3,0,1,0,0,0,87,A,1684,1589,335,5.641330166270784,91.57894736842105,75.0,0.0,0.0,21.082441787287603,2,2,0,54,0,1,0
95,82,13,0,13,9,0,6,0,2,0,0,0,87,B,1684,1589,335,5.641330166270784,86.3157894736842,69.23076923076923,0.0,0.0,21.082441787287603,5,5,0,53,0,2,0
92,90,2,0,2,2,0,2,0,1,0,0,0,88,base,1684,1592,345,5.463182897862233,97.82608695652173,100.0,0.0,0.0,21.670854271356784,1,1,0,53,0,1,0
92,86,6,0,6,4,0,4,0,3,0,0,0,88,A,1684,1592,345,5.463182897862233,93.47826086956522,66.66666666666667,0.0,0.0,21.670854271356784,3,3,0,53,0,3,0
92,82,10,0,10,8,0,8,0,5,0,0,0,88,B,1684,1592,345,5.463182897862233,89.1304347826087,80.0,0.0,0.0,21.670854271356784,5,5,0,51,0,5,0
85,80,5,0,5,1,0,1,0,0,0,0,0,89,base,1684,1599,341,5.04750593824228,94.11764705882354,20.0,0.0,0.0,21.325828642901815,1,0,1,47,0,0,0
85,77,8,0,8,2,0,1,0,0,0,0,0,89,A,1684,1599,341,5.04750593824228,90.58823529411765,25.0,0.0,0.0,21.325828642901815,1,0,1,47,0,0,0
85,69,16,0,16,8,0,6,0,1,0,0,0,89,B,1684,1599,341,5.04750593824228,81.17647058823529,50.0,0.0,0.0,21.325828642901815,2,1,1,43,0,1,0
82,78,4,0,4,2,0,1,0,0,0,0,0,90,base,1684,1602,341,4.869358669833729,95.1219512195122,50.0,0.0,0.0,21.28589263420724,1,1,0,50,0,0,0
82,76,6,0,6,3,0,2,0,0,0,0,0,90,A,1684,1602,341,4.869358669833729,92.6829268292683,50.0,0.0,0.0,21.28589263420724,1,1,0,50,0,0,0
82,70,12,0,12,8,0,5,0,2,0,0,0,90,B,1684,1602,341,4.869358669833729,85.36585365853658,66.66666666666667,0.0,0.0,21.28589263420724,4,4,0,46,0,2,0
96,89,7,0,7,7,0,5,0,1,0,0,0,91,base,1684,1588,342,5.7007125890736345,92.70833333333333,100.0,0.0,0.0,21.536523929471034,1,1,0,52,0,1,0
96,86,10,0,10,8,0,7,0,2,0,0,0,91,A,1684,1588,342,5.7007125890736345,89.58333333333333,80.0,0.0,0.0,21.536523929471034,2,2,0,51,0,2,0
96,83,13,0,13,10,0,9,1,2,0,0,0,91,B,1684,1588,342,5.7007125890736345,86.45833333333333,76.92307692307692,1.0416666666666667,7.6923076923076925,21.536523929471034,3,3,0,50,0,2,0
86,84,2,0,2,1,0,1,0,0,0,0,0,92,base,1684,1598,347,5.10688836104513,97.67441860465117,50.0,0.0,0.0,21.714643304130163,0,0,0,50,0,0,0
86,82,4,0,4,3,0,2,0,1,0,0,0,92,A,1684,1598,347,5.10688836104513,95.34883720930233,75.0,0.0,0.0,21.714643304130163,1,1,0,48,0,1,0
86,77,9,0,9,5,0,2,0,1,0,0,0,92,B,1684,1598,347,5.10688836104513,89.53488372093024,55.55555555555556,0.0,0.0,21.714643304130163,1,1,0,47,0,1,0
85,81,4,0,4,3,0,4,1,1,0,0,0,93,base,1684,1599,332,5.04750593824228,95.29411764705883,75.0,1.1764705882352942,25.0,20.762976860537837,2,1,1,46,0,1,0
85,79,6,0,6,4,0,4,1,1,0,0,0,93,A,1684,1599,332,5.04750593824228,92.94117647058823,66.66666666666667,1.1764705882352942,16.666666666666668,20.762976860537837,2,1,1,46,0,1,0
85,75,10,0,10,7,0,7,1,3,0,0,0,93,B,1684,1599,332,5.04750593824228,88.23529411764706,70.0,1.1764705882352942,10.0,20.762976860537837,4,3,1,46,0,3,0
78,77,1,0,1,1,0,1,0,1,0,0,0,94,base,1684,1606,347,4.631828978622328,98.71794871794872,100.0,0.0,0.0,21.606475716064757,1,1,0,48,0,1,0
78,74,4,1,3,2,0,2,0,2,0,0,0,94,A,1684,1606,347,4.631828978622328,94.87179487179488,66.66666666666667,0.0,0.0,21.606475716064757,2,2,0,48,0,2,0
78,70,8,1,7,6,0,4,0,3,0,0,0,94,B,1684,1606,347,4.631828978622328,89.74358974358974,85.71428571428571,0.0,0.0,21.606475716064757,4,4,0,46,0,3,0
87,82,5,0,5,1,0,1,0,1,0,0,0,95,base,1684,1597,341,5.166270783847981,94.25287356321839,20.0,0.0,0.0,21.35253600500939,1,1,0,52,0,1,0
87,79,8,0,8,3,0,3,0,0,0,0,0,95,A,1684,1597,341,5.166270783847981,90.80459770114942,37.5,0.0,0.0,21.35253600500939,1,1,0,50,0,0,0
87,75,12,0,12,5,0,4,0,1,0,0,0,95,B,1684,1597,341,5.166270783847981,86.20689655172414,41.666666666666664,0.0,0.0,21.35253600500939,2,2,0,48,0,1,0
81,78,3,0,3,1,0,0,0,0,0,0,0,96,base,1684,1603,346,4.809976247030879,96.29629629629629,33.333333333333336,0.0,0.0,21.584529008109794,1,0,1,47,0,0,0
81,73,8,0,8,5,0,3,0,2,0,0,0,96,A,1684,1603,346,4.809976247030879,90.12345679012346,62.5,0.0,0.0,21.584529008109794,4,3,1,45,0,2,0
81,69,12,0,12,8,0,4,0,2,0,0,0,96,B,1684,1603,346,4.809976247030879,85.18518518518519,66.66666666666667,0.0,0.0,21.584529008109794,5,4,1,43,0,2,0
94,91,3,0,3,2,0,2,0,1,0,0,0,97,base,1684,1590,336,5.581947743467934,96.80851063829788,66.66666666666667,0.0,0.0,21.132075471698112,1,1,0,50,0,1,0
94,89,5,0,5,3,0,3,0,2,0,0,0,97,A,1684,1590,336,5.581947743467934,94.68085106382979,60.0,0.0,0.0,21.132075471698112,2,2,0,50,0,2,0
94,82,12,1,11,9,0,7,0,5,0,0,0,97,B,1684,1590,336,5.581947743467934,87.23404255319149,81.81818181818181,0.0,0.0,21.132075471698112,5,5,0,49,0,5,0
75,70,5,0,5,3,0,2,0,2,0,0,0,98,base,1684,1609,346,4.453681710213777,93.33333333333333,60.0,0.0,0.0,21.504039776258544,3,2,1,45,0,2,0
75,65,10,0,10,5,0,5,0,4,0,0,0,98,A,1684,1609,346,4.453681710213777,86.66666666666667,50.0,0.0,0.0,21.504039776258544,5,4,1,43,0,4,0
75,60,15,0,15,7,0,5,0,2,0,0,0,98,B,1684,1609,346,4.453681710213777,80.0,46.666666666666664,0.0,0.0,21.504039776258544,5,4,1,42,0,2,0
76,75,1,0,1,1,0,1,0,0,0,0,0,99,base,1684,1608,341,4.513064133016627,98.6842105263158,100.0,0.0,0.0,21.20646766169154,1,0,1,50,0,0,0
76,75,1,0,1,1,0,1,0,0,0,0,0,99,A,1684,1608,341,4.513064133016627,98.6842105263158,100.0,0.0,0.0,21.20646766169154,1,0,1,50,0,0,0
76,65,11,0,11,10,0,7,0,0,0,0,0,99,B,1684,1608,341,4.513064133016627,85.52631578947368,90.9090909090909,0.0,0.0,21.20646766169154,1,0,1,46,0,0,0
104,97,7,0,7,6,0,3,0,0,0,0,0,100,base,1684,1580,339,6.175771971496437,93.26923076923077,85.71428571428571,0.0,0.0,21.455696202531644,2,2,0,56,0,0,0
104,91,13,0,13,11,0,8,0,1,0,0,0,100,A,1684,1580,339,6.175771971496437,87.5,84.61538461538461,0.0,0.0,21.455696202531644,4,4,0,56,0,1,0
104,88,16,0,16,12,0,9,0,2,0,0,0,100,B,1684,1580,339,6.175771971496437,84.61538461538461,75.0,0.0,0.0,21.455696202531644,5,5,0,56,0,2,0
85,82,3,0,3,1,0,0,0,0,0,0,0,101,base,1684,1599,343,5.04750593824228,96.47058823529412,33.333333333333336,0.0,0.0,21.450906816760476,0,0,0,47,0,0,0
85,80,5,0,5,3,0,2,0,1,0,0,0,101,A,1684,1599,343,5.04750593824228,94.11764705882354,60.0,0.0,0.0,21.450906816760476,2,2,0,46,0,1,0
85,76,9,0,9,5,0,4,0,2,0,0,0,101,B,1684,1599,343,5.04750593824228,89.41176470588235,55.55555555555556,0.0,0.0,21.450906816760476,3,3,0,46,0,1,0
84,80,4,0,4,4,0,3,0,0,0,0,0,102,base,1684,1600,343,4.98812351543943,95.23809523809524,100.0,0.0,0.0,21.4375,2,2,0,49,0,0,0
84,80,4,0,4,3,0,3,0,0,0,0,0,102,A,1684,1600,343,4.98812351543943,95.23809523809524,75.0,0.0,0.0,21.4375,2,2,0,49,0,0,0
84,76,8,0,8,7,0,5,0,2,0,0,0,102,B,1684,1600,343,4.98812351543943,90.47619047619048,87.5,0.0,0.0,21.4375,4,4,0,49,0,2,0
75,71,4,0,4,4,0,3,0,0,0,0,0,103,base,1684,1609,346,4.453681710213777,94.66666666666667,100.0,0.0,0.0,21.504039776258544,2,1,1,44,0,0,0
75,69,6,0,6,4,0,4,0,0,0,0,0,103,A,1684,1609,346,4.453681710213777,92.0,66.66666666666667,0.0,0.0,21.504039776258544,1,0,0,44,0,0,0
75,66,9,0,9,6,0,5,0,0,0,0,0,103,B,1684,1609,346,4.453681710213777,88.0,66.66666666666667,0.0,0.0,21.504039776258544,2,1,0,43,0,0,0
84,80,4,0,4,1,0,1,0,0,0,0,0,104,base,1684,1600,338,4.98812351543943,95.23809523809524,25.0,0.0,0.0,21.125,1,1,0,49,0,0,0
84,76,8,0,8,3,0,4,1,1,0,0,0,104,A,1684,1600,338,4.98812351543943,90.47619047619048,37.5,1.1904761904761905,12.5,21.125,3,3,0,49,0,1,0
84,71,13,0,13,7,0,7,2,2,0,0,0,104,B,1684,1600,338,4.98812351543943,84.52380952380952,53.84615384615385,2.380952380952381,15.384615384615385,21.125,5,5,0,47,0,2,0
89,83,6,0,6,5,0,3,0,1,0,0,0,105,base,1684,1595,346,5.285035629453682,93.25842696629213,83.33333333333333,0.0,0.0,21.692789968652036,3,3,0,51,0,1,0
89,80,9,0,9,7,0,3,0,1,0,0,0,105,A,1684,1595,346,5.285035629453682,89.88764044943821,77.77777777777777,0.0,0.0,21.692789968652036,3,3,0,51,0,1,0
89,78,11,0,11,7,0,4,0,2,0,0,0,105,B,1684,1595,346,5.285035629453682,87.64044943820225,63.63636363636363,0.0,0.0,21.692789968652036,4,4,0,50,0,2,0
87,81,6,0,6,6,0,4,0,1,0,0,0,106,base,1684,1597,342,5.166270783847981,93.10344827586206,100.0,0.0,0.0,21.415153412648717,3,3,0,46,0,1,0
87,71,16,1,15,11,0,5,0,2,0,0,0,106,A,1684,1597,342,5.166270783847981,81.60919540229885,73.33333333333333,0.0,0.0,21.415153412648717,4,4,0,43,0,2,0
87,67,20,1,19,13,0,7,0,2,0,0,0,106,B,1684,1597,342,5.166270783847981,77.01149425287356,68.42105263157895,0.0,0.0,21.415153412648717,4,4,0,42,0,2,0
83,83,0,0,0,0,0,0,0,0,0,0,0,107,base,1684,1601,340,4.92874109263658,100.0,,0.0,,21.236727045596503,0,0,0,51,0,0,0
83,82,1,0,1,0,0,0,0,0,0,0,0,107,A,1684,1601,340,4.92874109263658,98.79518072289157,0.0,0.0,0.0,21.236727045596503,0,0,0,50,0,0,0
83,76,7,0,7,4,0,4,0,2,0,0,0,107,B,1684,1601,340,4.92874109263658,91.56626506024097,57.142857142857146,0.0,0.0,21.236727045596503,2,2,0,48,0,2,0
78,72,6,0,6,4,0,3,0,1,0,0,0,108,base,1684,1606,340,4.631828978622328,92.3076923076923,66.66666666666667,0.0,0.0,21.1706102117061,2,2,0,44,0,1,0
78,68,10,0,10,7,0,4,0,1,0,0,0,108,A,1684,1606,340,4.631828978622328,87.17948717948718,70.0,0.0,0.0,21.1706102117061,3,3,0,43,0,1,0
78,66,12,0,12,8,0,6,0,2,0,0,0,108,B,1684,1606,340,4.631828978622328,84.61538461538461,66.66666666666667,0.0,0.0,21.1706102117061,5,5,0,43,0,2,0
91,88,3,0,3,2,0,0,0,0,0,0,0,109,base,1684,1593,337,5.403800475059382,96.7032967032967,66.66666666666667,0.0,0.0,21.15505335844319,1,0,1,51,0,0,0
91,87,4,0,4,2,0,1,0,0,0,0,0,109,A,1684,1593,337,5.403800475059382,95.6043956043956,50.0,0.0,0.0,21.15505335844319,2,1,1,51,0,0,0
91,77,14,0,14,8,0,5,0,2,0,0,0,109,B,1684,1593,337,5.403800475059382,84.61538461538461,57.142857142857146,0.0,0.0,21.15505335844319,5,4,1,49,0,2,0
89,83,6,0,6,5,0,3,0,1,0,0,0,110,base,1684,1595,336,5.285035629453682,93.25842696629213,83.33333333333333,0.0,0.0,21.065830721003135,1,1,0,48,0,1,0
89,82,7,0,7,6,0,4,0,2,0,0,0,110,A,1684,1595,336,5.285035629453682,92.13483146067416,85.71428571428571,0.0,0.0,21.065830721003135,2,2,0,48,0,2,0
89,79,10,1,9,8,0,6,0,3,0,0,0,110,B,1684,1595,336,5.285035629453682,88.76404494382022,88.88888888888889,0.0,0.0,21.065830721003135,3,3,0,47,0,3,0
84,77,7,0,7,5,0,4,1,0,0,0,0,111,base,1684,1600,343,4.98812351543943,91.66666666666667,71.42857142857143,1.1904761904761905,14.285714285714286,21.4375,3,3,0,49,0,0,0
84,76,8,0,8,7,0,5,0,1,0,0,0,111,A,1684,1600,343,4.98812351543943,90.47619047619048,87.5,0.0,0.0,21.4375,4,4,0,49,0,1,0
84,73,11,0,11,7,0,5,0,1,0,0,0,111,B,1684,1600,343,4.98812351543943,86.9047619047619,63.63636363636363,0.0,0.0,21.4375,4,4,0,47,0,1,0
78,74,4,0,4,2,0,2,0,0,0,0,0,112,base,1684,1606,350,4.631828978622328,94.87179487179488,50.0,0.0,0.0,21.793275217932752,0,0,0,48,0,0,0
78,72,6,0,6,4,0,4,0,0,0,0,0,112,A,1684,1606,350,4.631828978622328,92.3076923076923,66.66666666666667,0.0,0.0,21.793275217932752,2,2,0,47,0,0,0
78,65,13,1,12,7,0,6,0,1,0,0,0,112,B,1684,1606,350,4.631828978622328,83.33333333333333,58.333333333333336,0.0,0.0,21.793275217932752,2,2,0,46,0,1,0
76,71,5,0,5,4,0,1,0,0,0,0,0,113,base,1684,1608,346,4.513064133016627,93.42105263157895,80.0,0.0,0.0,21.51741293532338,0,0,0,45,0,0,0
76,70,6,0,6,5,0,2,0,0,0,0,0,113,A,1684,1608,346,4.513064133016627,92.10526315789474,83.33333333333333,0.0,0.0,21.51741293532338,0,0,0,44,0,0,0
76,67,9,0,9,5,0,2,0,0,0,0,0,113,B,1684,1608,346,4.513064133016627,88.15789473684211,55.55555555555556,0.0,0.0,21.51741293532338,0,0,0,43,0,0,0
100,98,2,0,2,1,0,1,0,0,0,0,0,114,base,1684,1584,343,5.938242280285036,98.0,50.0,0.0,0.0,21.654040404040405,0,0,0,52,0,0,0
100,93,7,0,7,4,0,2,0,0,0,0,0,114,A,1684,1584,343,5.938242280285036,93.0,57.142857142857146,0.0,0.0,21.654040404040405,0,0,0,50,0,0,0
100,85,15,3,12,10,2,6,0,2,0,0,0,114,B,1684,1584,343,5.938242280285036,85.0,83.33333333333333,0.0,0.0,21.654040404040405,4,4,0,50,0,2,0
82,78,4,0,4,4,0,3,0,2,0,0,0,115,base,1684,1602,342,4.869358669833729,95.1219512195122,100.0,0.0,0.0,21.348314606741575,3,3,0,52,0,2,0
82,75,7,0,7,6,0,5,0,2,0,0,0,115,A,1684,1602,342,4.869358669833729,91.46341463414635,85.71428571428571,0.0,0.0,21.348314606741575,5,5,0,50,0,2,0
82,70,12,0,12,10,0,6,0,3,0,0,0,115,B,1684,1602,342,4.869358669833729,85.36585365853658,83.33333333333333,0.0,0.0,21.348314606741575,6,6,0,49,0,3,0
76,74,2,0,2,1,0,1,0,1,0,0,0,116,base,1684,1608,344,4.513064133016627,97.36842105263158,50.0,0.0,0.0,21.393034825870647,1,1,0,46,0,1,0
76,71,5,0,5,4,0,3,0,2,0,0,0,116,A,1684,1608,344,4.513064133016627,93.42105263157895,80.0,0.0,0.0,21.393034825870647,2,2,0,45,0,2,0
76,66,10,0,10,6,0,7,1,4,0,0,0,116,B,1684,1608,344,4.513064133016627,86.84210526315789,60.0,1.3157894736842106,10.0,21.393034825870647,4,4,0,42,0,4,0
69,63,6,0,6,6,0,4,0,0,0,0,0,117,base,1684,1615,344,4.097387173396674,91.30434782608695,100.0,0.0,0.0,21.30030959752322,2,1,1,42,0,0,0
69,60,9,0,9,7,0,5,0,0,0,0,0,117,A,1684,1615,344,4.097387173396674,86.95652173913044,77.77777777777777,0.0,0.0,21.30030959752322,3,2,1,39,0,0,0
69,57,12,0,12,7,0,6,0,0,0,0,0,117,B,1684,1615,344,4.097387173396674,82.6086956521739,58.333333333333336,0.0,0.0,21.30030959752322,4,3,1,39,0,0,0
73,68,5,0,5,3,0,2,0,1,0,0,0,118,base,1684,1611,348,4.334916864608076,93.15068493150685,60.0,0.0,0.0,21.60148975791434,2,2,0,42,0,1,0
73,65,8,0,8,5,0,3,0,2,0,0,0,118,A,1684,1611,348,4.334916864608076,89.04109589041096,62.5,0.0,0.0,21.60148975791434,3,3,0,41,0,2,0
73,64,9,0,9,5,0,3,0,2,0,0,0,118,B,1684,1611,348,4.334916864608076,87.67123287671232,55.55555555555556,0.0,0.0,21.60148975791434,3,3,0,41,0,2,0
90,84,6,0,6,2,0,3,1,0,0,0,0,119,base,1684,1594,338,5.344418052256532,93.33333333333333,33.333333333333336,1.1111111111111112,16.666666666666668,21.204516938519447,2,2,0,51,0,0,0
90,81,9,0,9,4,0,2,0,0,0,0,0,119,A,1684,1594,338,5.344418052256532,90.0,44.44444444444444,0.0,0.0,21.204516938519447,1,1,0,50,0,0,0
90,77,13,0,13,6,0,3,0,0,0,0,0,119,B,1684,1594,338,5.344418052256532,85.55555555555556,46.15384615384615,0.0,0.0,21.204516938519447,2,2,0,50,0,0,0
79,74,5,0,5,2,0,1,0,0,0,0,0,120,base,1684,1605,343,4.6912114014251785,93.67088607594937,40.0,0.0,0.0,21.370716510903428,0,0,0,50,0,0,0
79,70,9,0,9,3,0,2,0,0,0,0,0,120,A,1684,1605,343,4.6912114014251785,88.60759493670886,33.333333333333336,0.0,0.0,21.370716510903428,1,1,0,48,0,0,0
79,66,13,0,13,6,0,4,0,2,0,0,0,120,B,1684,1605,343,4.6912114014251785,83.54430379746836,46.15384615384615,0.0,0.0,21.370716510903428,2,2,0,46,0,2,0
87,80,7,0,7,4,0,3,0,1,0,0,0,121,base,1684,1597,342,5.166270783847981,91.95402298850574,57.142857142857146,0.0,0.0,21.415153412648717,2,1,1,51,0,1,0
87,80,7,0,7,4,0,3,0,1,0,0,0,121,A,1684,1597,342,5.166270783847981,91.95402298850574,57.142857142857146,0.0,0.0,21.415153412648717,2,1,1,51,0,1,0
87,77,10,0,10,7,0,4,0,2,0,0,0,121,B,1684,1597,342,5.166270783847981,88.50574712643679,70.0,0.0,0.0,21.415153412648717,3,2,1,50,0,2,0
93,89,4,0,4,4,0,2,0,1,0,0,0,122,base,1684,1591,336,5.522565320665083,95.6989247311828,100.0,0.0,0.0,21.118793211816467,1,1,0,49,0,1,0
93,86,7,0,7,7,0,3,0,2,0,0,0,122,A,1684,1591,336,5.522565320665083,92.47311827956989,100.0,0.0,0.0,21.118793211816467,2,2,0,48,0,2,0
93,83,10,1,9,7,1,6,0,3,0,0,0,122,B,1684,1591,336,5.522565320665083,89.24731182795699,77.77777777777777,0.0,0.0,21.118793211816467,3,3,0,47,0,3,0
74,71,3,0,3,2,0,2,0,1,0,0,0,123,base,1684,1610,338,4.394299287410926,95.94594594594595,66.66666666666667,0.0,0.0,20.993788819875775,1,1,0,50,0,1,0
74,69,5,0,5,1,0,2,1,1,0,0,0,123,A,1684,1610,338,4.394299287410926,93.24324324324324,20.0,1.3513513513513513,20.0,20.993788819875775,1,1,0,49,0,1,0
74,66,8,0,8,3,0,4,1,1,0,0,0,123,B,1684,1610,338,4.394299287410926,89.1891891891892,37.5,1.3513513513513513,12.5,20.993788819875775,1,1,0,47,0,1,0
93,87,6,0,6,4,0,4,1,0,0,0,0,124,base,1684,1591,342,5.522565320665083,93.54838709677419,66.66666666666667,1.075268817204301,16.666666666666668,21.495914519170334,1,1,0,51,0,0,0
93,82,11,0,11,6,0,2,0,0,0,0,0,124,A,1684,1591,342,5.522565320665083,88.17204301075269,54.54545454545455,0.0,0.0,21.495914519170334,0,0,0,50,0,0,0
93,77,16,1,15,8,0,4,0,1,0,0,0,124,B,1684,1591,342,5.522565320665083,82.79569892473118,53.333333333333336,0.0,0.0,21.495914519170334,1,1,0,47,0,1,0
83,81,2,0,2,1,0,1,0,1,0,0,0,125,base,1684,1601,341,4.92874109263658,97.59036144578313,50.0,0.0,0.0,21.299188007495314,1,1,0,52,0,1,0
83,78,5,0,5,4,0,4,0,3,0,0,0,125,A,1684,1601,341,4.92874109263658,93.97590361445783,80.0,0.0,0.0,21.299188007495314,3,3,0,51,0,3,0
83,72,11,1,10,9,0,7,0,3,0,0,0,125,B,1684,1601,341,4.92874109263658,86.74698795180723,90.0,0.0,0.0,21.299188007495314,6,6,0,50,0,3,0
65,58,7,0,7,5,0,3,0,1,0,0,0,126,base,1684,1619,348,3.8598574821852734,89.23076923076923,71.42857142857143,0.0,0.0,21.494749845583694,2,1,1,44,0,1,0
65,55,10,0,10,7,0,5,0,3,0,0,0,126,A,1684,1619,348,3.8598574821852734,84.61538461538461,70.0,0.0,0.0,21.494749845583694,4,3,1,42,0,3,0
65,53,12,1,11,9,1,7,0,4,0,0,0,126,B,1684,1619,348,3.8598574821852734,81.53846153846153,81.81818181818181,0.0,0.0,21.494749845583694,6,5,1,41,0,4,0
95,89,6,0,6,6,0,4,0,0,0,0,0,127,base,1684,1589,341,5.641330166270784,93.6842105263158,100.0,0.0,0.0,21.46003775959723,2,1,1,48,0,0,0
95,87,8,0,8,6,0,6,1,1,0,0,0,127,A,1684,1589,341,5.641330166270784,91.57894736842105,75.0,1.0526315789473684,12.5,21.46003775959723,4,3,1,47,0,1,0
95,81,14,1,13,7,0,6,0,1,0,0,0,127,B,1684,1589,341,5.641330166270784,85.26315789473684,53.84615384615385,0.0,0.0,21.46003775959723,5,4,1,44,0,1,0
71,66,5,0,5,3,0,2,0,1,0,0,0,128,base,1684,1613,348,4.216152019002375,92.95774647887323,60.0,0.0,0.0,21.57470551766894,2,2,0,42,0,1,0
71,63,8,0,8,4,0,3,1,1,0,0,0,128,A,1684,1613,348,4.216152019002375,88.73239436619718,50.0,1.408450704225352,12.5,21.57470551766894,2,2,0,40,0,1,0
71,61,10,0,10,4,0,4,2,1,0,0,0,128,B,1684,1613,348,4.216152019002375,85.91549295774648,40.0,2.816901408450704,20.0,21.57470551766894,2,2,0,38,0,1,0
80,76,4,0,4,3,0,2,0,1,0,0,0,129,base,1684,1604,344,4.750593824228028,95.0,75.0,0.0,0.0,21.44638403990025,1,1,0,48,0,1,0
80,74,6,0,6,5,0,4,0,2,0,0,0,129,A,1684,1604,344,4.750593824228028,92.5,83.33333333333333,0.0,0.0,21.44638403990025,2,2,0,47,0,2,0
80,69,11,0,11,9,0,7,0,4,0,0,0,129,B,1684,1604,344,4.750593824228028,86.25,81.81818181818181,0.0,0.0,21.44638403990025,5,5,0,45,0,4,0
72,72,0,0,0,0,0,0,0,0,0,0,0,130,base,1684,1612,348,4.275534441805226,100.0,,0.0,,21.588089330024815,0,0,0,46,0,0,0
72,69,3,0,3,1,0,1,0,0,0,0,0,130,A,1684,1612,348,4.275534441805226,95.83333333333333,33.333333333333336,0.0,0.0,21.588089330024815,1,1,0,45,0,0,0
72,65,7,0,7,2,0,2,0,0,0,0,0,130,B,1684,1612,348,4.275534441805226,90.27777777777777,28.571428571428573,0.0,0.0,21.588089330024815,2,2,0,42,0,0,0
88,84,4,0,4,3,0,1,0,0,0,0,0,131,base,1684,1596,345,5.225653206650831,95.45454545454545,75.0,0.0,0.0,21.616541353383457,0,0,0,52,0,0,0
88,81,7,0,7,4,0,2,0,1,0,0,0,131,A,1684,1596,345,5.225653206650831,92.04545454545455,57.142857142857146,0.0,0.0,21.616541353383457,1,1,0,51,0,1,0
88,76,12,0,12,7,0,5,0,2,0,0,0,131,B,1684,1596,345,5.225653206650831,86.36363636363636,58.333333333333336,0.0,0.0,21.616541353383457,3,3,0,50,0,2,0
71,68,3,0,3,2,0,1,0,1,0,0,0,132,base,1684,1613,346,4.216152019002375,95.77464788732394,66.66666666666667,0.0,0.0,21.450712957222567,2,1,1,47,0,1,0
71,65,6,0,6,5,0,3,0,3,0,0,0,132,A,1684,1613,346,4.216152019002375,91.54929577464789,83.33333333333333,0.0,0.0,21.450712957222567,4,3,1,45,0,3,0
71,63,8,0,8,6,0,3,0,3,0,0,0,132,B,1684,1613,346,4.216152019002375,88.73239436619718,75.0,0.0,0.0,21.450712957222567,4,3,1,44,0,3,0
90,87,3,0,3,2,0,3,1,1,0,0,0,133,base,1684,1594,336,5.344418052256532,96.66666666666667,66.66666666666667,1.1111111111111112,33.333333333333336,21.07904642409034,2,1,1,54,0,1,0
90,84,6,0,6,6,0,3,0,1,0,0,0,133,A,1684,1594,336,5.344418052256532,93.33333333333333,100.0,0.0,0.0,21.07904642409034,2,1,1,54,0,1,0
90,77,13,0,13,9,0,6,0,2,0,0,0,133,B,1684,1594,336,5.344418052256532,85.55555555555556,69.23076923076923,0.0,0.0,21.07904642409034,4,3,1,49,0,2,0
82,77,5,0,5,4,0,2,0,1,0,0,0,134,base,1684,1602,344,4.869358669833729,93.90243902439025,80.0,0.0,0.0,21.473158551810236,4,2,2,50,0,1,0
82,73,9,0,9,7,0,4,0,2,0,0,0,134,A,1684,1602,344,4.869358669833729,89.02439024390245,77.77777777777777,0.0,0.0,21.473158551810236,6,4,2,49,0,2,0
82,66,16,1,15,12,1,8,0,3,0,0,0,134,B,1684,1602,344,4.869358669833729,80.48780487804878,80.0,0.0,0.0,21.473158551810236,9,7,2,43,0,3,0
75,69,6,0,6,5,0,3,0,3,0,0,0,135,base,1684,1609,348,4.453681710213777,92.0,83.33333333333333,0.0,0.0,21.6283405842138,3,3,0,49,0,3,0
75,67,8,0,8,6,0,4,0,3,0,0,0,135,A,1684,1609,348,4.453681710213777,89.33333333333333,75.0,0.0,0.0,21.6283405842138,4,4,0,48,0,3,0
75,61,14,0,14,9,0,8,1,4,0,0,0,135,B,1684,1609,348,4.453681710213777,81.33333333333333,64.28571428571429,1.3333333333333333,7.142857142857143,21.6283405842138,6,6,0,44,0,4,0
86,82,4,0,4,2,0,1,0,1,0,0,0,136,base,1684,1598,338,5.10688836104513,95.34883720930233,50.0,0.0,0.0,21.151439299123904,1,1,0,49,0,1,0
86,80,6,0,6,4,0,3,0,3,0,0,0,136,A,1684,1598,338,5.10688836104513,93.02325581395348,66.66666666666667,0.0,0.0,21.151439299123904,3,3,0,48,0,3,0
86,73,13,1,12,8,1,4,0,4,0,0,0,136,B,1684,1598,338,5.10688836104513,84.88372093023256,66.66666666666667,0.0,0.0,21.151439299123904,4,4,0,47,0,4,0
81,80,1,0,1,1,0,1,0,1,0,0,0,137,base,1684,1603,343,4.809976247030879,98.76543209876543,100.0,0.0,0.0,21.397379912663755,1,1,0,50,0,1,0
81,79,2,0,2,2,0,1,0,1,0,0,0,137,A,1684,1603,343,4.809976247030879,97.53086419753086,100.0,0.0,0.0,21.397379912663755,1,1,0,50,0,1,0
81,72,9,0,9,8,0,3,0,1,0,0,0,137,B,1684,1603,343,4.809976247030879,88.88888888888889,88.88888888888889,0.0,0.0,21.397379912663755,3,3,0,48,0,1,0
82,78,4,0,4,3,0,3,0,1,0,0,0,138,base,1684,1602,338,4.869358669833729,95.1219512195122,75.0,0.0,0.0,21.098626716604244,2,2,0,47,0,1,0
82,75,7,0,7,4,0,3,0,1,0,0,0,138,A,1684,1602,338,4.869358669833729,91.46341463414635,57.142857142857146,0.0,0.0,21.098626716604244,2,2,0,47,0,1,0
82,68,14,2,12,9,1,6,0,2,0,0,0,138,B,1684,1602,338,4.869358669833729,82.92682926829268,75.0,0.0,0.0,21.098626716604244,3,3,0,45,0,2,0
73,65,8,0,8,4,0,3,0,0,0,0,0,139,base,1684,1611,343,4.334916864608076,89.04109589041096,50.0,0.0,0.0,21.291123525760398,0,0,0,45,0,0,0
73,62,11,0,11,5,0,4,1,1,0,0,0,139,A,1684,1611,343,4.334916864608076,84.93150684931507,45.45454545454545,1.36986301369863,9.090909090909092,21.291123525760398,1,1,0,43,0,1,0
73,58,15,2,13,7,0,5,0,1,0,0,0,139,B,1684,1611,343,4.334916864608076,79.45205479452055,53.84615384615385,0.0,0.0,21.291123525760398,1,1,0,40,0,1,0
92,89,3,0,3,1,0,0,0,0,0,0,0,140,base,1684,1592,342,5.463182897862233,96.73913043478261,33.333333333333336,0.0,0.0,21.482412060301506,0,0,0,48,0,0,0
92,84,8,0,8,3,0,2,0,0,0,0,0,140,A,1684,1592,342,5.463182897862233,91.30434782608695,37.5,0.0,0.0,21.482412060301506,1,1,0,46,0,0,0
92,76,16,0,16,5,0,3,0,0,0,0,0,140,B,1684,1592,342,5.463182897862233,82.6086956521739,31.25,0.0,0.0,21.482412060301506,1,1,0,44,0,0,0
87,84,3,0,3,2,0,2,1,1,0,0,0,141,base,1684,1597,339,5.166270783847981,96.55172413793103,66.66666666666667,1.1494252873563218,33.333333333333336,21.227301189730746,2,1,1,49,0,1,0
87,80,7,0,7,3,0,4,2,2,0,0,0,141,A,1684,1597,339,5.166270783847981,91.95402298850574,42.857142857142854,2.2988505747126435,28.571428571428573,21.227301189730746,3,2,1,47,0,2,0
87,74,13,0,13,7,0,5,1,4,0,0,0,141,B,1684,1597,339,5.166270783847981,85.05747126436782,53.84615384615385,1.1494252873563218,7.6923076923076925,21.227301189730746,5,4,1,45,0,4,0
