anio,estacion,bit,delta_ppb,seleccionados,seleccionados_evaluables,mensajes_evaluables,tp,fp,fn,tn,recall_pct,precision_pct,f2_pct,fpr_pct
2024,AJM,0,1,378,378,8051,21,460,357,7213,5.555555555555555,4.365904365904366,5.268439538384345,5.995047569399192
2024,AJU,0,1,401,401,8204,43,831,358,6972,10.723192019950124,4.919908466819222,8.67635189669088,10.649750096116879
2024,ATI,0,1,330,330,6858,24,615,306,5913,7.2727272727272725,3.755868544600939,6.1255742725880555,9.420955882352942
2024,BJU,0,1,301,301,6361,20,413,281,5647,6.644518272425249,4.618937644341801,6.108735491753207,6.815181518151816
2024,CAM,0,1,347,347,6406,26,396,321,5663,7.492795389048991,6.161137440758294,7.18232044198895,6.535731968971778
2024,CCA,0,1,394,394,8166,45,855,349,6917,11.421319796954315,5.0,9.08723747980614,11.00102933607823
2024,CHO,0,1,257,257,5201,27,572,230,4372,10.505836575875486,4.507512520868113,8.297480024585125,11.56957928802589
2024,CUA,0,1,384,384,7673,25,463,359,6826,6.510416666666667,5.122950819672131,6.175889328063241,6.352037316504322
2024,CUT,0,1,367,367,7223,37,689,330,6167,10.08174386920981,5.096418732782369,8.432087511394712,10.049591598599767
2024,FAC,0,1,371,371,7560,19,364,352,6825,5.121293800539084,4.960835509138382,5.088377075522228,5.063291139240507
2024,FAR,0,1,299,299,6324,26,464,273,5561,8.695652173913043,5.3061224489795915,7.710557532621589,7.7012448132780085
2024,GAM,0,1,274,274,5250,31,437,243,4539,11.313868613138686,6.6239316239316235,9.910485933503836,8.782154340836012
2024,LPR,0,1,384,384,7437,16,409,368,6644,4.166666666666667,3.764705882352941,4.07955124936257,5.798950801077556
2024,MER,0,1,375,375,7790,22,369,353,7046,5.866666666666666,5.626598465473146,5.817028027498678,4.9763991908294
2024,NEZ,0,1,378,378,7120,17,282,361,6460,4.497354497354498,5.68561872909699,4.6935394809497515,4.182735093444082
2024,PED,0,1,374,374,7722,22,459,352,6889,5.882352941176471,4.573804573804574,5.56398583712696,6.246597713663582
2024,SAC,0,1,318,318,6935,24,504,294,6113,7.547169811320755,4.545454545454546,6.666666666666667,7.616744748375397
2024,SAG,0,1,320,320,6801,21,478,299,6003,6.5625,4.208416833667335,5.902192242833053,7.37540503008795
2024,TAH,0,1,287,287,5692,14,322,273,5083,4.878048780487805,4.166666666666667,4.716981132075472,5.957446808510638
2024,TLA,0,1,358,358,7055,19,381,339,6316,5.307262569832402,4.75,5.185589519650655,5.689114528893534
2024,TLI,0,1,401,401,7946,32,611,369,6934,7.980049875311721,4.976671850699844,7.120605251446373,8.098078197481776
2024,UIZ,0,1,404,404,7636,17,330,387,6902,4.207920792079208,4.899135446685879,4.3301069791136015,4.563053097345133
2024,MGH,0,1,390,390,8220,24,445,366,7385,6.153846153846154,5.11727078891258,5.914243469689502,5.683269476372924
2024,MPA,0,1,292,292,5562,25,440,267,4830,8.561643835616438,5.376344086021505,7.654623392529087,8.349146110056926
2024,IZT,0,1,421,421,8235,29,513,392,7301,6.888361045130641,5.350553505535055,6.51392632524708,6.565139493217302
2024,VIF,0,1,352,352,6918,41,573,311,5993,11.647727272727273,6.677524429967427,10.138476755687439,8.726774291806274
2024,HGM,0,1,345,0,0,0,0,0,0,,,,
2024,XAL,0,1,277,0,0,0,0,0,0,,,,
2024,MON,0,1,334,334,6935,15,339,319,6262,4.491017964071856,4.237288135593221,4.437869822485207,5.135585517345857
2024,LLA,0,1,317,317,7061,23,563,294,6181,7.255520504731861,3.9249146757679183,6.202804746494067,8.348161328588375
2024,UAX,0,1,280,280,6171,15,355,265,5536,5.357142857142857,4.054054054054054,5.033557046979865,6.0261415718893225
2024,INN,0,1,355,355,6725,31,637,324,5733,8.732394366197184,4.640718562874252,7.423371647509579,10.0
2024,AJM,1,2,378,378,8051,25,460,353,7213,6.613756613756614,5.154639175257732,6.259389083625438,5.995047569399192
2024,AJU,1,2,401,401,8204,43,831,358,6972,10.723192019950124,4.919908466819222,8.67635189669088,10.649750096116879
2024,ATI,1,2,330,330,6858,27,615,303,5913,8.181818181818182,4.205607476635514,6.8807339449541285,9.420955882352942
2024,BJU,1,2,301,301,6361,23,413,278,5647,7.641196013289036,5.275229357798165,7.012195121951219,6.815181518151816
2024,CAM,1,2,347,347,6406,25,396,322,5663,7.204610951008646,5.938242280285036,6.909894969596462,6.535731968971778
2024,CCA,1,2,394,394,8166,43,855,351,6917,10.913705583756345,4.788418708240535,8.690379951495554,11.00102933607823
2024,CHO,1,2,257,257,5201,25,572,232,4372,9.727626459143968,4.187604690117253,7.6923076923076925,11.56957928802589
2024,CUA,1,2,384,384,7673,26,463,358,6826,6.770833333333333,5.316973415132924,6.419753086419753,6.352037316504322
2024,CUT,1,2,367,367,7223,38,689,329,6167,10.354223433242506,5.226960110041265,8.656036446469248,10.049591598599767
2024,FAC,1,2,371,371,7560,19,364,352,6825,5.121293800539084,4.960835509138382,5.088377075522228,5.063291139240507
2024,FAR,1,2,299,299,6324,32,464,267,5561,10.702341137123746,6.451612903225806,9.456264775413711,7.7012448132780085
2024,GAM,1,2,274,274,5250,30,437,244,4539,10.94890510948905,6.423982869379015,9.596928982725528,8.782154340836012
2024,LPR,1,2,384,384,7437,16,409,368,6644,4.166666666666667,3.764705882352941,4.07955124936257,5.798950801077556
2024,MER,1,2,375,375,7790,26,369,349,7046,6.933333333333334,6.582278481012659,6.860158311345646,4.9763991908294
2024,NEZ,1,2,378,378,7120,15,282,363,6460,3.9682539682539684,5.05050505050505,4.1459369817578775,4.182735093444082
2024,PED,1,2,374,374,7722,21,459,353,6889,5.614973262032086,4.375,5.313765182186235,6.246597713663582
2024,SAC,1,2,318,318,6935,21,504,297,6113,6.60377358490566,4.0,5.843071786310517,7.616744748375397
2024,SAG,1,2,320,320,6801,21,478,299,6003,6.5625,4.208416833667335,5.902192242833053,7.37540503008795
2024,TAH,1,2,287,287,5692,16,322,271,5083,5.574912891986063,4.733727810650888,5.383580080753701,5.957446808510638
2024,TLA,1,2,358,358,7055,19,381,339,6316,5.307262569832402,4.75,5.185589519650655,5.689114528893534
2024,TLI,1,2,401,401,7946,36,611,365,6934,8.977556109725686,5.564142194744977,7.996446023989338,8.098078197481776
2024,UIZ,1,2,404,404,7636,21,330,383,6902,5.198019801980198,5.982905982905983,5.338078291814947,4.563053097345133
2024,MGH,1,2,390,390,8220,25,445,365,7385,6.410256410256411,5.319148936170213,6.157635467980295,5.683269476372924
2024,MPA,1,2,292,292,5562,25,440,267,4830,8.561643835616438,5.376344086021505,7.654623392529087,8.349146110056926
2024,IZT,1,2,421,421,8235,30,513,391,7301,7.1258907363420425,5.524861878453039,6.73551863493489,6.565139493217302
2024,VIF,1,2,352,352,6918,41,573,311,5993,11.647727272727273,6.677524429967427,10.138476755687439,8.726774291806274
2024,HGM,1,2,345,0,0,0,0,0,0,,,,
2024,XAL,1,2,277,0,0,0,0,0,0,,,,
2024,MON,1,2,334,334,6935,13,339,321,6262,3.8922155688622753,3.6931818181818183,3.8507109004739335,5.135585517345857
2024,LLA,1,2,317,317,7061,22,563,295,6181,6.94006309148265,3.7606837606837606,5.936319481921209,8.348161328588375
2024,UAX,1,2,280,280,6171,19,355,261,5536,6.785714285714286,5.080213903743315,6.358768406961178,6.0261415718893225
2024,INN,1,2,355,355,6725,36,637,319,5733,10.140845070422536,5.349182763744428,8.600095556617296,10.0
2024,AJM,2,4,378,378,8051,31,460,347,7213,8.201058201058201,6.313645621181263,7.738392411382925,5.995047569399192
2024,AJU,2,4,401,401,8204,46,831,355,6972,11.471321695760599,5.24515393386545,9.270455461507456,10.649750096116879
2024,ATI,2,4,330,330,6858,26,615,304,5913,7.878787878787879,4.056162246489859,6.629270780214177,9.420955882352942
2024,BJU,2,4,301,301,6361,31,413,270,5647,10.299003322259136,6.981981981981982,9.405339805825243,6.815181518151816
2024,CAM,2,4,347,347,6406,31,396,316,5663,8.93371757925072,7.259953161592506,8.539944903581267,6.535731968971778
2024,CCA,2,4,394,394,8166,46,855,348,6917,11.6751269035533,5.105438401775805,9.285425918449738,11.00102933607823
2024,CHO,2,4,257,257,5201,32,572,225,4372,12.45136186770428,5.298013245033113,9.803921568627452,11.56957928802589
2024,CUA,2,4,384,384,7673,26,463,358,6826,6.770833333333333,5.316973415132924,6.419753086419753,6.352037316504322
2024,CUT,2,4,367,367,7223,38,689,329,6167,10.354223433242506,5.226960110041265,8.656036446469248,10.049591598599767
2024,FAC,2,4,371,371,7560,20,364,351,6825,5.390835579514825,5.208333333333333,5.353319057815845,5.063291139240507
2024,FAR,2,4,299,299,6324,30,464,269,5561,10.033444816053512,6.0728744939271255,8.875739644970414,7.7012448132780085
2024,GAM,2,4,274,274,5250,31,437,243,4539,11.313868613138686,6.6239316239316235,9.910485933503836,8.782154340836012
2024,LPR,2,4,384,384,7437,16,409,368,6644,4.166666666666667,3.764705882352941,4.07955124936257,5.798950801077556
2024,MER,2,4,375,375,7790,28,369,347,7046,7.466666666666667,7.052896725440806,7.380073800738008,4.9763991908294
2024,NEZ,2,4,378,378,7120,13,282,365,6460,3.439153439153439,4.406779661016949,3.597122302158273,4.182735093444082
2024,PED,2,4,374,374,7722,28,459,346,6889,7.4866310160427805,5.749486652977413,7.060010085728694,6.246597713663582
2024,SAC,2,4,318,318,6935,24,504,294,6113,7.547169811320755,4.545454545454546,6.666666666666667,7.616744748375397
2024,SAG,2,4,320,320,6801,24,478,296,6003,7.5,4.780876494023905,6.734006734006734,7.37540503008795
2024,TAH,2,4,287,287,5692,19,322,268,5083,6.620209059233449,5.571847507331379,6.3801208865010075,5.957446808510638
2024,TLA,2,4,358,358,7055,19,381,339,6316,5.307262569832402,4.75,5.185589519650655,5.689114528893534
2024,TLI,2,4,401,401,7946,39,611,362,6934,9.72568578553616,6.0,8.65128660159716,8.098078197481776
2024,UIZ,2,4,404,404,7636,20,330,384,6902,4.9504950495049505,5.714285714285714,5.0864699898270604,4.563053097345133
2024,MGH,2,4,390,390,8220,29,445,361,7385,7.435897435897436,6.118143459915612,7.128810226155359,5.683269476372924
2024,MPA,2,4,292,292,5562,32,440,260,4830,10.95890410958904,6.779661016949152,9.75609756097561,8.349146110056926
2024,IZT,2,4,421,421,8235,36,513,385,7301,8.551068883610451,6.557377049180328,8.06090461262875,6.565139493217302
2024,VIF,2,4,352,352,6918,43,573,309,5993,12.215909090909092,6.98051948051948,10.622529644268775,8.726774291806274
2024,HGM,2,4,345,0,0,0,0,0,0,,,,
2024,XAL,2,4,277,0,0,0,0,0,0,,,,
2024,MON,2,4,334,334,6935,18,339,316,6262,5.389221556886228,5.042016806722689,5.31600708800945,5.135585517345857
2024,LLA,2,4,317,317,7061,31,563,286,6181,9.779179810725552,5.218855218855219,8.324382384532761,8.348161328588375
2024,UAX,2,4,280,280,6171,13,355,267,5536,4.642857142857143,3.532608695652174,4.368279569892473,6.0261415718893225
2024,INN,2,4,355,355,6725,43,637,312,5733,12.112676056338028,6.323529411764706,10.238095238095237,10.0
2024,AJM,3,8,378,378,8051,33,460,345,7213,8.73015873015873,6.693711967545639,8.229426433915211,5.995047569399192
2024,AJU,3,8,401,401,8204,55,831,346,6972,13.71571072319202,6.207674943566591,11.04417670682731,10.649750096116879
2024,ATI,3,8,330,330,6858,45,615,285,5913,13.636363636363637,6.818181818181818,11.363636363636363,9.420955882352942
2024,BJU,3,8,301,301,6361,41,413,260,5647,13.621262458471762,9.030837004405287,12.364294330518698,6.815181518151816
2024,CAM,3,8,347,347,6406,36,396,311,5663,10.37463976945245,8.333333333333334,9.89010989010989,6.535731968971778
2024,CCA,3,8,394,394,8166,54,855,340,6917,13.705583756345177,5.9405940594059405,10.865191146881287,11.00102933607823
2024,CHO,3,8,257,257,5201,35,572,222,4372,13.618677042801556,5.766062602965404,10.703363914373089,11.56957928802589
2024,CUA,3,8,384,384,7673,36,463,348,6826,9.375,7.214428857715431,8.845208845208845,6.352037316504322
2024,CUT,3,8,367,367,7223,53,689,314,6167,14.44141689373297,7.142857142857143,11.990950226244344,10.049591598599767
2024,FAC,3,8,371,371,7560,26,364,345,6825,7.008086253369272,6.666666666666667,6.937033084311633,5.063291139240507
2024,FAR,3,8,299,299,6324,47,464,252,5561,15.719063545150501,9.197651663405088,13.766842413591096,7.7012448132780085
2024,GAM,3,8,274,274,5250,40,437,234,4539,14.598540145985401,8.385744234800839,12.714558169103624,8.782154340836012
2024,LPR,3,8,384,384,7437,33,409,351,6644,8.59375,7.46606334841629,8.341759352881699,5.798950801077556
2024,MER,3,8,375,375,7790,36,369,339,7046,9.6,8.88888888888889,9.448818897637794,4.9763991908294
2024,NEZ,3,8,378,378,7120,24,282,354,6460,6.349206349206349,7.8431372549019605,6.600660066006601,4.182735093444082
2024,PED,3,8,374,374,7722,34,459,340,6889,9.090909090909092,6.896551724137931,8.547008547008547,6.246597713663582
2024,SAC,3,8,318,318,6935,30,504,288,6113,9.433962264150944,5.617977528089888,8.305647840531561,7.616744748375397
2024,SAG,3,8,320,320,6801,35,478,285,6003,10.9375,6.822612085769981,9.760178471834914,7.37540503008795
2024,TAH,3,8,287,287,5692,24,322,263,5083,8.362369337979095,6.936416184971098,8.032128514056225,5.957446808510638
2024,TLA,3,8,358,358,7055,20,381,338,6316,5.58659217877095,4.987531172069826,5.455537370430988,5.689114528893534
2024,TLI,3,8,401,401,7946,36,611,365,6934,8.977556109725686,5.564142194744977,7.996446023989338,8.098078197481776
2024,UIZ,3,8,404,404,7636,24,330,380,6902,5.9405940594059405,6.779661016949152,6.091370558375634,4.563053097345133
2024,MGH,3,8,390,390,8220,32,445,358,7385,8.205128205128204,6.7085953878406706,7.854688267059401,5.683269476372924
2024,MPA,3,8,292,292,5562,42,440,250,4830,14.383561643835616,8.71369294605809,12.727272727272727,8.349146110056926
2024,IZT,3,8,421,421,8235,41,513,380,7301,9.738717339667458,7.40072202166065,9.159964253798034,6.565139493217302
2024,VIF,3,8,352,352,6918,54,573,298,5993,15.340909090909092,8.61244019138756,13.267813267813267,8.726774291806274
2024,HGM,3,8,345,0,0,0,0,0,0,,,,
2024,XAL,3,8,277,0,0,0,0,0,0,,,,
2024,MON,3,8,334,334,6935,26,339,308,6262,7.7844311377245505,7.123287671232877,7.642563198118753,5.135585517345857
2024,LLA,3,8,317,317,7061,40,563,277,6181,12.618296529968454,6.633499170812604,10.689470871191876,8.348161328588375
2024,UAX,3,8,280,280,6171,25,355,255,5536,8.928571428571429,6.578947368421052,8.333333333333334,6.0261415718893225
2024,INN,3,8,355,355,6725,63,637,292,5733,17.746478873239436,9.0,14.858490566037736,10.0
2024,AJM,4,16,378,378,8051,57,460,321,7213,15.079365079365079,11.02514506769826,14.046328240512567,5.995047569399192
2024,AJU,4,16,401,401,8204,110,831,291,6972,27.43142144638404,11.689691817215728,21.611001964636543,10.649750096116879
2024,ATI,4,16,330,330,6858,96,615,234,5913,29.09090909090909,13.50210970464135,23.633677991137372,9.420955882352942
2024,BJU,4,16,301,301,6361,74,413,227,5647,24.58471760797342,15.195071868583161,21.880544056771143,6.815181518151816
2024,CAM,4,16,347,347,6406,57,396,290,5663,16.42651296829971,12.582781456953642,15.480717001629548,6.535731968971778
2024,CCA,4,16,394,394,8166,89,855,305,6917,22.588832487309645,9.427966101694915,17.658730158730158,11.00102933607823
2024,CHO,4,16,257,257,5201,73,572,184,4372,28.404669260700388,11.317829457364342,21.81709503885236,11.56957928802589
2024,CUA,4,16,384,384,7673,75,463,309,6826,19.53125,13.940520446096654,18.081002892960463,6.352037316504322
2024,CUT,4,16,367,367,7223,122,689,245,6167,33.2425068119891,15.04315659679408,26.76612549363756,10.049591598599767
2024,FAC,4,16,371,371,7560,68,364,303,6825,18.328840970350406,15.74074074074074,17.745302713987474,5.063291139240507
2024,FAR,4,16,299,299,6324,93,464,206,5561,31.103678929765888,16.696588868940754,26.52595550484883,7.7012448132780085
2024,GAM,4,16,274,274,5250,69,437,205,4539,25.182481751824817,13.636363636363637,21.53558052434457,8.782154340836012
2024,LPR,4,16,384,384,7437,75,409,309,6644,19.53125,15.49586776859504,18.564356435643564,5.798950801077556
2024,MER,4,16,375,375,7790,73,369,302,7046,19.466666666666665,16.5158371040724,18.795056642636457,4.9763991908294
2024,NEZ,4,16,378,378,7120,78,282,300,6460,20.634920634920636,21.666666666666668,20.833333333333332,4.182735093444082
2024,PED,4,16,374,374,7722,74,459,300,6889,19.78609625668449,13.883677298311445,18.235584031542633,6.246597713663582
2024,SAC,4,16,318,318,6935,61,504,257,6113,19.18238993710692,10.79646017699115,16.603157321720197,7.616744748375397
2024,SAG,4,16,320,320,6801,75,478,245,6003,23.4375,13.5623869801085,20.458265139116204,7.37540503008795
2024,TAH,4,16,287,287,5692,96,322,191,5083,33.44947735191638,22.966507177033492,30.65134099616858,5.957446808510638
2024,TLA,4,16,358,358,7055,67,381,291,6316,18.71508379888268,14.955357142857142,17.819148936170212,5.689114528893534
2024,TLI,4,16,401,401,7946,75,611,326,6934,18.703241895261847,10.932944606413994,16.375545851528383,8.098078197481776
2024,UIZ,4,16,404,404,7636,61,330,343,6902,15.099009900990099,15.601023017902813,15.196811160936722,4.563053097345133
2024,MGH,4,16,390,390,8220,64,445,326,7385,16.41025641025641,12.573673870333987,15.466408893185113,5.683269476372924
2024,MPA,4,16,292,292,5562,105,440,187,4830,35.95890410958904,19.26605504587156,30.64798598949212,8.349146110056926
2024,IZT,4,16,421,421,8235,89,513,332,7301,21.140142517814727,14.784053156146179,19.4663167104112,6.565139493217302
2024,VIF,4,16,352,352,6918,105,573,247,5993,29.829545454545453,15.486725663716815,25.16778523489933,8.726774291806274
2024,HGM,4,16,345,0,0,0,0,0,0,,,,
2024,XAL,4,16,277,0,0,0,0,0,0,,,,
2024,MON,4,16,334,334,6935,75,339,259,6262,22.45508982035928,18.115942028985508,21.428571428571427,5.135585517345857
2024,LLA,4,16,317,317,7061,91,563,226,6181,28.706624605678233,13.914373088685016,23.673257023933402,8.348161328588375
2024,UAX,4,16,280,280,6171,50,355,230,5536,17.857142857142858,12.345679012345679,16.39344262295082,6.0261415718893225
2024,INN,4,16,355,355,6725,156,637,199,5733,43.943661971830984,19.672131147540984,35.24627202892002,10.0
2024,AJM,5,32,378,378,8051,173,460,205,7213,45.767195767195766,27.330173775671405,40.32634032634033,5.995047569399192
2024,AJU,5,32,401,401,8204,272,831,129,6972,67.83042394014963,24.660018132366275,50.24011821204285,10.649750096116879
2024,ATI,5,32,330,330,6858,274,615,56,5913,83.03030303030303,30.82114735658043,62.01901312811227,9.420955882352942
2024,BJU,5,32,301,301,6361,259,413,42,5647,86.04651162790698,38.541666666666664,69.02985074626865,6.815181518151816
2024,CAM,5,32,347,347,6406,283,396,64,5663,81.55619596541787,41.67893961708395,68.45670053217223,6.535731968971778
2024,CCA,5,32,394,394,8166,309,855,85,6917,78.42639593908629,26.54639175257732,56.386861313868614,11.00102933607823
2024,CHO,5,32,257,257,5201,217,572,40,4372,84.43579766536965,27.50316856780735,59.7138139790864,11.56957928802589
2024,CUA,5,32,384,384,7673,248,463,136,6826,64.58333333333333,34.88045007032349,55.18469069870939,6.352037316504322
2024,CUT,5,32,367,367,7223,319,689,48,6167,86.92098092643052,31.646825396825395,64.41841680129241,10.049591598599767
2024,FAC,5,32,371,371,7560,285,364,86,6825,76.81940700808626,43.91371340523883,66.80731364275668,5.063291139240507
2024,FAR,5,32,299,299,6324,260,464,39,5561,86.95652173913044,35.91160220994475,67.70833333333333,7.7012448132780085
2024,GAM,5,32,274,274,5250,207,437,67,4539,75.54744525547446,32.142857142857146,59.48275862068966,8.782154340836012
2024,LPR,5,32,384,384,7437,289,409,95,6644,75.26041666666667,41.40401146131805,64.68218442256043,5.798950801077556
2024,MER,5,32,375,375,7790,307,369,68,7046,81.86666666666666,45.414201183431956,70.54227941176471,4.9763991908294
2024,NEZ,5,32,378,378,7120,325,282,53,6460,85.97883597883597,53.54200988467875,76.68711656441718,4.182735093444082
2024,PED,5,32,374,374,7722,283,459,91,6889,75.66844919786097,38.14016172506739,63.22609472743521,6.246597713663582
2024,SAC,5,32,318,318,6935,212,504,106,6113,66.66666666666667,29.608938547486034,53.31991951710262,7.616744748375397
2024,SAG,5,32,320,320,6801,283,478,37,6003,88.4375,37.187910643889616,69.32876041156295,7.37540503008795
2024,TAH,5,32,287,287,5692,259,322,28,5083,90.2439024390244,44.57831325301205,74.89878542510121,5.957446808510638
2024,TLA,5,32,358,358,7055,301,381,57,6316,84.07821229050279,44.13489736070381,71.19205298013244,5.689114528893534
2024,TLI,5,32,401,401,7946,331,611,70,6934,82.54364089775561,35.1380042462845,65.00392772977219,8.098078197481776
2024,UIZ,5,32,404,404,7636,323,330,81,6902,79.95049504950495,49.464012251148546,71.17672983693257,4.563053097345133
2024,MGH,5,32,390,390,8220,339,445,51,7385,86.92307692307692,43.23979591836735,72.31228668941979,5.683269476372924
2024,MPA,5,32,292,292,5562,220,440,72,4830,75.34246575342466,33.333333333333336,60.17505470459518,8.349146110056926
2024,IZT,5,32,421,421,8235,354,513,67,7301,84.08551068883611,40.83044982698962,69.3845550764406,6.565139493217302
2024,VIF,5,32,352,352,6918,300,573,52,5993,85.22727272727273,34.36426116838488,65.7606313020605,8.726774291806274
2024,HGM,5,32,345,0,0,0,0,0,0,,,,
2024,XAL,5,32,277,0,0,0,0,0,0,,,,
2024,MON,5,32,334,334,6935,276,339,58,6262,82.63473053892216,44.8780487804878,70.732957457714,5.135585517345857
2024,LLA,5,32,317,317,7061,274,563,43,6181,86.43533123028391,32.73596176821983,65.08313539192399,8.348161328588375
2024,UAX,5,32,280,280,6171,226,355,54,5536,80.71428571428571,38.89845094664372,66.43151087595533,6.0261415718893225
2024,INN,5,32,355,355,6725,310,637,45,5733,87.32394366197182,32.734952481520594,65.4837346852556,10.0
2024,AJM,6,64,378,378,8051,368,460,10,7213,97.35449735449735,44.44444444444444,78.63247863247864,5.995047569399192
2024,AJU,6,64,401,401,8204,398,831,3,6972,99.25187032418953,32.38405207485761,70.24355806565478,10.649750096116879
2024,ATI,6,64,330,330,6858,329,615,1,5913,99.6969696969697,34.851694915254235,72.65901060070671,9.420955882352942
2024,BJU,6,64,301,301,6361,301,413,0,5647,100.0,42.15686274509804,78.46715328467154,6.815181518151816
2024,CAM,6,64,347,347,6406,347,396,0,5663,100.0,46.70255720053836,81.41717503519475,6.535731968971778
2024,CCA,6,64,394,394,8166,392,855,2,6917,99.49238578680203,31.43544506816359,69.42968473255402,11.00102933607823
2024,CHO,6,64,257,257,5201,256,572,1,4372,99.61089494163424,30.917874396135264,68.96551724137932,11.56957928802589
2024,CUA,6,64,384,384,7673,377,463,7,6826,98.17708333333333,44.88095238095238,79.33501683501683,6.352037316504322
2024,CUT,6,64,367,367,7223,366,689,1,6167,99.7275204359673,34.691943127962084,72.53269916765755,10.049591598599767
2024,FAC,6,64,371,371,7560,370,364,1,6825,99.73045822102426,50.40871934604905,83.40847610459873,5.063291139240507
2024,FAR,6,64,299,299,6324,299,464,0,5561,100.0,39.18741808650066,76.31444614599285,7.7012448132780085
2024,GAM,6,64,274,274,5250,269,437,5,4539,98.17518248175182,38.10198300283286,74.6392896781354,8.782154340836012
2024,LPR,6,64,384,384,7437,383,409,1,6644,99.73958333333333,48.35858585858586,82.2594501718213,5.798950801077556
2024,MER,6,64,375,375,7790,374,369,1,7046,99.73333333333333,50.33647375504711,83.37048595630851,4.9763991908294
2024,NEZ,6,64,378,378,7120,378,282,0,6460,100.0,57.27272727272727,87.01657458563535,4.182735093444082
2024,PED,6,64,374,374,7722,371,459,3,6889,99.19786096256685,44.69879518072289,79.7506448839209,6.246597713663582
2024,SAC,6,64,318,318,6935,318,504,0,6113,100.0,38.68613138686131,75.93123209169055,7.616744748375397
2024,SAG,6,64,320,320,6801,320,478,0,6003,100.0,40.100250626566414,76.99711260827719,7.37540503008795
2024,TAH,6,64,287,287,5692,287,322,0,5083,100.0,47.12643678160919,81.67330677290836,5.957446808510638
2024,TLA,6,64,358,358,7055,358,381,0,6316,100.0,48.44384303112314,82.45048364808844,5.689114528893534
2024,TLI,6,64,401,401,7946,400,611,1,6934,99.75062344139651,39.56478733926805,76.48183556405354,8.098078197481776
2024,UIZ,6,64,404,404,7636,403,330,1,6902,99.75247524752476,54.979536152796726,85.7811834823329,4.563053097345133
2024,MGH,6,64,390,390,8220,387,445,3,7385,99.23076923076923,46.51442307692308,80.89464882943143,5.683269476372924
2024,MPA,6,64,292,292,5562,291,440,1,4830,99.65753424657534,39.808481532147745,76.61927330173776,8.349146110056926
2024,IZT,6,64,421,421,8235,420,513,1,7301,99.7624703087886,45.01607717041801,80.24455483377913,6.565139493217302
2024,VIF,6,64,352,352,6918,352,573,0,5993,100.0,38.054054054054056,75.43934847835405,8.726774291806274
2024,HGM,6,64,345,0,0,0,0,0,0,,,,
2024,XAL,6,64,277,0,0,0,0,0,0,,,,
2024,MON,6,64,334,334,6935,334,339,0,6262,100.0,49.62852897473997,83.12593330014933,5.135585517345857
2024,LLA,6,64,317,317,7061,316,563,1,6181,99.6845425867508,35.94994311717861,73.5910572892408,8.348161328588375
2024,UAX,6,64,280,280,6171,279,355,1,5536,99.64285714285714,44.00630914826498,79.53249714937286,6.0261415718893225
2024,INN,6,64,355,355,6725,353,637,2,5733,99.43661971830986,35.656565656565654,73.23651452282158,10.0
2024,AJM,7,128,378,378,8051,378,460,0,7213,100.0,45.10739856801909,80.42553191489361,5.995047569399192
2024,AJU,7,128,401,401,8204,401,831,0,6972,100.0,32.548701298701296,70.69816643159379,10.649750096116879
2024,ATI,7,128,330,330,6858,330,615,0,5913,100.0,34.92063492063492,72.8476821192053,9.420955882352942
2024,BJU,7,128,301,301,6361,301,413,0,5647,100.0,42.15686274509804,78.46715328467154,6.815181518151816
2024,CAM,7,128,347,347,6406,347,396,0,5663,100.0,46.70255720053836,81.41717503519475,6.535731968971778
2024,CCA,7,128,394,394,8166,394,855,0,6917,100.0,31.54523618895116,69.73451327433628,11.00102933607823
2024,CHO,7,128,257,257,5201,257,572,0,4372,100.0,31.001206272617612,69.19763058696823,11.56957928802589
2024,CUA,7,128,384,384,7673,384,463,0,6826,100.0,45.336481700118064,80.57070919009652,6.352037316504322
2024,CUT,7,128,367,367,7223,367,689,0,6167,100.0,34.753787878787875,72.70206022187004,10.049591598599767
2024,FAC,7,128,371,371,7560,371,364,0,6825,100.0,50.476190476190474,83.59621451104101,5.063291139240507
2024,FAR,7,128,299,299,6324,299,464,0,5561,100.0,39.18741808650066,76.31444614599285,7.7012448132780085
2024,GAM,7,128,274,274,5250,274,437,0,4539,100.0,38.53727144866385,75.81627006087437,8.782154340836012
2024,LPR,7,128,384,384,7437,384,409,0,6644,100.0,48.423707440100884,82.43881494203521,5.798950801077556
2024,MER,7,128,375,375,7790,375,369,0,7046,100.0,50.403225806451616,83.55614973262033,4.9763991908294
2024,NEZ,7,128,378,378,7120,378,282,0,6460,100.0,57.27272727272727,87.01657458563535,4.182735093444082
2024,PED,7,128,374,374,7722,374,459,0,6889,100.0,44.89795918367347,80.2919708029197,6.246597713663582
2024,SAC,7,128,318,318,6935,318,504,0,6113,100.0,38.68613138686131,75.93123209169055,7.616744748375397
2024,SAG,7,128,320,320,6801,320,478,0,6003,100.0,40.100250626566414,76.99711260827719,7.37540503008795
2024,TAH,7,128,287,287,5692,287,322,0,5083,100.0,47.12643678160919,81.67330677290836,5.957446808510638
2024,TLA,7,128,358,358,7055,358,381,0,6316,100.0,48.44384303112314,82.45048364808844,5.689114528893534
2024,TLI,7,128,401,401,7946,401,611,0,6934,100.0,39.62450592885376,76.64373088685015,8.098078197481776
2024,UIZ,7,128,404,404,7636,404,330,0,6902,100.0,55.0408719346049,85.95744680851064,4.563053097345133
2024,MGH,7,128,390,390,8220,390,445,0,7385,100.0,46.706586826347305,81.419624217119,5.683269476372924
2024,MPA,7,128,292,292,5562,292,440,0,4830,100.0,39.89071038251366,76.84210526315789,8.349146110056926
2024,IZT,7,128,421,421,8235,421,513,0,7301,100.0,45.07494646680942,80.40488922841864,6.565139493217302
2024,VIF,7,128,352,352,6918,352,573,0,5993,100.0,38.054054054054056,75.43934847835405,8.726774291806274
2024,HGM,7,128,345,0,0,0,0,0,0,,,,
2024,XAL,7,128,277,0,0,0,0,0,0,,,,
2024,MON,7,128,334,334,6935,334,339,0,6262,100.0,49.62852897473997,83.12593330014933,5.135585517345857
2024,LLA,7,128,317,317,7061,317,563,0,6181,100.0,36.02272727272727,73.78957169459963,8.348161328588375
2024,UAX,7,128,280,280,6171,280,355,0,5536,100.0,44.09448818897638,79.77207977207978,6.0261415718893225
2024,INN,7,128,355,355,6725,355,637,0,5733,100.0,35.78629032258065,73.59038142620233,10.0
2025,AJM,0,1,373,373,7765,16,271,357,7121,4.289544235924933,5.574912891986063,4.4969083754918495,3.6661255411255413
2025,AJU,0,1,136,136,2422,6,94,130,2192,4.411764705882353,6.0,4.658385093167702,4.111986001749782
2025,ATI,0,1,389,389,7585,38,619,351,6577,9.768637532133676,5.783866057838661,8.585630366018979,8.602001111728738
2025,CAM,0,1,370,370,7923,32,662,338,6891,8.64864864864865,4.610951008645533,7.359705611775529,8.764729246656957
2025,CCA,0,1,417,417,8491,35,625,382,7449,8.393285371702637,5.303030303030303,7.517182130584192,7.740896705474362
2025,CHO,0,1,152,152,3008,11,289,141,2567,7.2368421052631575,3.6666666666666665,6.057268722466961,10.119047619047619
2025,CUA,0,1,217,217,4361,14,283,203,3861,6.451612903225806,4.713804713804714,6.008583690987124,6.829150579150579
2025,CUT,0,1,382,382,8094,29,688,353,7024,7.591623036649215,4.044630404463041,6.458797327394209,8.921161825726141
2025,FAC,0,1,363,363,7567,20,438,343,6766,5.509641873278237,4.366812227074236,5.2356020942408374,6.079955580233204
2025,HGM,0,1,412,0,0,0,0,0,0,,,,
2025,INN,0,1,391,391,7606,26,747,365,6468,6.649616368286445,3.3635187580853816,5.562687205819427,10.353430353430353
2025,IZT,0,1,234,234,4662,14,283,220,4145,5.982905982905983,4.713804713804714,5.6772100567721,6.391147244805781
2025,LLA,0,1,368,368,7799,22,531,346,6900,5.978260869565218,3.9783001808318263,5.432098765432099,7.1457408155026245
2025,LPR,0,1,379,379,7764,18,438,361,6947,4.74934036939314,3.9473684210526314,4.563894523326572,5.930941096817874
2025,MER,0,1,370,370,7373,22,613,348,6390,5.945945945945946,3.4645669291338583,5.200945626477542,8.753391403684136
2025,MGH,0,1,397,397,7918,21,504,376,7017,5.289672544080605,4.0,4.969238050165641,6.701236537694456
2025,MON,0,1,257,257,5301,16,366,241,4678,6.22568093385214,4.18848167539267,5.673758865248227,7.25614591593973
2025,NEZ,0,1,302,302,6451,13,345,289,5804,4.304635761589404,3.631284916201117,4.150702426564496,5.610668401366076
2025,PED,0,1,393,393,8157,25,515,368,7249,6.361323155216285,4.62962962962963,5.918560606060606,6.6331787738279235
2025,SAC,0,1,240,240,4866,4,180,236,4446,1.6666666666666667,2.1739130434782608,1.7482517482517483,3.8910505836575875
2025,TAH,0,1,261,261,5584,26,377,235,4946,9.96168582375479,6.451612903225806,8.984105044920526,7.082472290061995
2025,TLA,0,1,396,396,8081,28,336,368,7349,7.070707070707071,7.6923076923076925,7.186858316221766,4.372153545868575
2025,TLI,0,1,403,403,7666,30,525,373,6738,7.444168734491315,5.405405405405405,6.92201199815413,7.228418009087154
2025,UAX,0,1,358,358,6796,30,544,328,5894,8.379888268156424,5.2264808362369335,7.477567298105683,8.449829139484311
2025,UIZ,0,1,373,373,7717,31,459,342,6885,8.310991957104557,6.326530612244898,7.820383451059536,6.25
2025,VIF,0,1,405,405,7653,33,474,372,6774,8.148148148148149,6.508875739644971,7.757404795486601,6.539735099337748
2025,SAG,0,1,389,389,7865,35,546,354,6930,8.997429305912597,6.024096385542169,8.189050070191858,7.303370786516854
2025,FAR,0,1,300,300,6210,28,578,272,5332,9.333333333333334,4.62046204620462,7.751937984496124,9.780033840947546
2025,GAM,0,1,324,324,6420,35,465,289,5631,10.802469135802468,7.0,9.743875278396436,7.627952755905512
2025,XAL,0,1,265,0,0,0,0,0,0,,,,
2025,MPA,0,1,266,266,5728,26,560,240,4902,9.774436090225564,4.436860068259386,7.878787878787879,10.252654705236177
2025,ACO,0,1,251,251,5710,30,552,221,4907,11.952191235059761,5.154639175257732,9.457755359394703,10.111742077303536
2025,BJU,0,1,229,229,4804,20,517,209,4058,8.733624454148472,3.7243947858473,6.882312456985547,11.300546448087431
2025,AJM,1,2,373,373,7765,15,271,358,7121,4.021447721179625,5.244755244755245,4.21822272215973,3.6661255411255413
2025,AJU,1,2,136,136,2422,8,94,128,2192,5.882352941176471,7.8431372549019605,6.191950464396285,4.111986001749782
2025,ATI,1,2,389,389,7585,38,619,351,6577,9.768637532133676,5.783866057838661,8.585630366018979,8.602001111728738
2025,CAM,1,2,370,370,7923,32,662,338,6891,8.64864864864865,4.610951008645533,7.359705611775529,8.764729246656957
2025,CCA,1,2,417,417,8491,35,625,382,7449,8.393285371702637,5.303030303030303,7.517182130584192,7.740896705474362
2025,CHO,1,2,152,152,3008,10,289,142,2567,6.578947368421052,3.3444816053511706,5.512679162072767,10.119047619047619
2025,CUA,1,2,217,217,4361,13,283,204,3861,5.990783410138249,4.391891891891892,5.584192439862543,6.829150579150579
2025,CUT,1,2,382,382,8094,27,688,355,7024,7.0680628272251305,3.7762237762237763,6.018724921979492,8.921161825726141
2025,FAC,1,2,363,363,7567,18,438,345,6766,4.958677685950414,3.9473684210526314,4.716981132075472,6.079955580233204
2025,HGM,1,2,412,0,0,0,0,0,0,,,,
2025,INN,1,2,391,391,7606,31,747,360,6468,7.928388746803069,3.9845758354755785,6.618274978650726,10.353430353430353
2025,IZT,1,2,234,234,4662,16,283,218,4145,6.837606837606837,5.351170568561873,6.477732793522267,6.391147244805781
2025,LLA,1,2,368,368,7799,26,531,342,6900,7.065217391304348,4.667863554757631,6.407097092163627,7.1457408155026245
2025,LPR,1,2,379,379,7764,18,438,361,6947,4.74934036939314,3.9473684210526314,4.563894523326572,5.930941096817874
2025,MER,1,2,370,370,7373,23,613,347,6390,6.216216216216216,3.6163522012578615,5.434782608695652,8.753391403684136
2025,MGH,1,2,397,397,7918,24,504,373,7017,6.045340050377834,4.545454545454546,5.671077504725898,6.701236537694456
2025,MON,1,2,257,257,5301,16,366,241,4678,6.22568093385214,4.18848167539267,5.673758865248227,7.25614591593973
2025,NEZ,1,2,302,302,6451,18,345,284,5804,5.960264900662252,4.958677685950414,5.728835136855506,5.610668401366076
2025,PED,1,2,393,393,8157,27,515,366,7249,6.870229007633588,4.981549815498155,6.385998107852412,6.6331787738279235
2025,SAC,1,2,240,240,4866,4,180,236,4446,1.6666666666666667,2.1739130434782608,1.7482517482517483,3.8910505836575875
2025,TAH,1,2,261,261,5584,28,377,233,4946,10.727969348659004,6.91358024691358,9.66183574879227,7.082472290061995
2025,TLA,1,2,396,396,8081,23,336,373,7349,5.808080808080808,6.406685236768802,5.918682449819866,4.372153545868575
2025,TLI,1,2,403,403,7666,33,525,370,6738,8.188585607940446,5.913978494623656,7.6036866359447,7.228418009087154
2025,UAX,1,2,358,358,6796,30,544,328,5894,8.379888268156424,5.2264808362369335,7.477567298105683,8.449829139484311
2025,UIZ,1,2,373,373,7717,29,459,344,6885,7.774798927613941,5.942622950819672,7.3232323232323235,6.25
2025,VIF,1,2,405,405,7653,34,474,371,6774,8.395061728395062,6.692913385826771,7.988721804511278,6.539735099337748
2025,SAG,1,2,389,389,7865,31,546,358,6930,7.969151670951157,5.37261698440208,7.266760431317393,7.303370786516854
2025,FAR,1,2,300,300,6210,29,578,271,5332,9.666666666666666,4.7775947281713345,8.024349750968456,9.780033840947546
2025,GAM,1,2,324,324,6420,38,465,286,5631,11.728395061728396,7.5546719681908545,10.56142301278488,7.627952755905512
2025,XAL,1,2,265,0,0,0,0,0,0,,,,
2025,MPA,1,2,266,266,5728,26,560,240,4902,9.774436090225564,4.436860068259386,7.878787878787879,10.252654705236177
2025,ACO,1,2,251,251,5710,30,552,221,4907,11.952191235059761,5.154639175257732,9.457755359394703,10.111742077303536
2025,BJU,1,2,229,229,4804,21,517,208,4058,9.170305676855895,3.903345724907063,7.2214580467675376,11.300546448087431
2025,AJM,2,4,373,373,7765,20,271,353,7121,5.361930294906166,6.8728522336769755,5.608524957936063,3.6661255411255413
2025,AJU,2,4,136,136,2422,6,94,130,2192,4.411764705882353,6.0,4.658385093167702,4.111986001749782
2025,ATI,2,4,389,389,7585,39,619,350,6577,10.025706940874036,5.927051671732523,8.807588075880759,8.602001111728738
2025,CAM,2,4,370,370,7923,33,662,337,6891,8.91891891891892,4.748201438848921,7.586206896551724,8.764729246656957
2025,CCA,2,4,417,417,8491,32,625,385,7449,7.6738609112709835,4.87062404870624,6.881720430107527,7.740896705474362
2025,CHO,2,4,152,152,3008,11,289,141,2567,7.2368421052631575,3.6666666666666665,6.057268722466961,10.119047619047619
2025,CUA,2,4,217,217,4361,16,283,201,3861,7.373271889400922,5.351170568561873,6.855184233076264,6.829150579150579
2025,CUT,2,4,382,382,8094,36,688,346,7024,9.424083769633508,4.972375690607735,7.992895204262878,8.921161825726141
2025,FAC,2,4,363,363,7567,23,438,340,6766,6.336088154269972,4.989154013015185,6.0115002613695765,6.079955580233204
2025,HGM,2,4,412,0,0,0,0,0,0,,,,
2025,INN,2,4,391,391,7606,36,747,355,6468,9.207161125319693,4.597701149425287,7.6693651469961654,10.353430353430353
2025,IZT,2,4,234,234,4662,19,283,215,4145,8.11965811965812,6.291390728476821,7.673667205169629,6.391147244805781
2025,LLA,2,4,368,368,7799,32,531,336,6900,8.695652173913043,5.683836589698046,7.862407862407863,7.1457408155026245
2025,LPR,2,4,379,379,7764,21,438,358,6947,5.54089709762533,4.57516339869281,5.3164556962025316,5.930941096817874
2025,MER,2,4,370,370,7373,27,613,343,6390,7.297297297297297,4.21875,6.367924528301887,8.753391403684136
2025,MGH,2,4,397,397,7918,24,504,373,7017,6.045340050377834,4.545454545454546,5.671077504725898,6.701236537694456
2025,MON,2,4,257,257,5301,23,366,234,4678,8.949416342412452,5.912596401028278,8.115737473535638,7.25614591593973
2025,NEZ,2,4,302,302,6451,22,345,280,5804,7.28476821192053,5.994550408719346,6.984126984126984,5.610668401366076
2025,PED,2,4,393,393,8157,28,515,365,7249,7.124681933842239,5.156537753222836,6.619385342789598,6.6331787738279235
2025,SAC,2,4,240,240,4866,6,180,234,4446,2.5,3.225806451612903,2.6178010471204187,3.8910505836575875
2025,TAH,2,4,261,261,5584,30,377,231,4946,11.494252873563218,7.371007371007371,10.337698139214336,7.082472290061995
2025,TLA,2,4,396,396,8081,28,336,368,7349,7.070707070707071,7.6923076923076925,7.186858316221766,4.372153545868575
2025,TLI,2,4,403,403,7666,33,525,370,6738,8.188585607940446,5.913978494623656,7.6036866359447,7.228418009087154
2025,UAX,2,4,358,358,6796,30,544,328,5894,8.379888268156424,5.2264808362369335,7.477567298105683,8.449829139484311
2025,UIZ,2,4,373,373,7717,27,459,346,6885,7.238605898123325,5.555555555555555,6.825075834175935,6.25
2025,VIF,2,4,405,405,7653,36,474,369,6774,8.88888888888889,7.0588235294117645,8.450704225352112,6.539735099337748
2025,SAG,2,4,389,389,7865,33,546,356,6930,8.483290488431876,5.699481865284974,7.7283372365339575,7.303370786516854
2025,FAR,2,4,300,300,6210,28,578,272,5332,9.333333333333334,4.62046204620462,7.751937984496124,9.780033840947546
2025,GAM,2,4,324,324,6420,42,465,282,5631,12.962962962962964,8.284023668639053,11.647254575707155,7.627952755905512
2025,XAL,2,4,265,0,0,0,0,0,0,,,,
2025,MPA,2,4,266,266,5728,31,560,235,4902,11.654135338345865,5.2453468697123515,9.365558912386707,10.252654705236177
2025,ACO,2,4,251,251,5710,29,552,222,4907,11.55378486055777,4.991394148020654,9.14826498422713,10.111742077303536
2025,BJU,2,4,229,229,4804,19,517,210,4058,8.296943231441048,3.544776119402985,6.542699724517906,11.300546448087431
2025,AJM,3,8,373,373,7765,23,271,350,7121,6.166219839142091,7.8231292517006805,6.438969764837626,3.6661255411255413
2025,AJU,3,8,136,136,2422,11,94,125,2192,8.088235294117647,10.476190476190476,8.474576271186441,4.111986001749782
2025,ATI,3,8,389,389,7585,59,619,330,6577,15.167095115681233,8.702064896755163,13.205013428827217,8.602001111728738
2025,CAM,3,8,370,370,7923,35,662,335,6891,9.45945945945946,5.0215208034433285,8.038585209003216,8.764729246656957
2025,CCA,3,8,417,417,8491,46,625,371,7449,11.031175059952039,6.855439642324888,9.83326207781103,7.740896705474362
2025,CHO,3,8,152,152,3008,25,289,127,2567,16.44736842105263,7.961783439490445,13.557483731019524,10.119047619047619
2025,CUA,3,8,217,217,4361,21,283,196,3861,9.67741935483871,6.907894736842105,8.959044368600683,6.829150579150579
2025,CUT,3,8,382,382,8094,43,688,339,7024,11.256544502617801,5.882352941176471,9.517485613103142,8.921161825726141
2025,FAC,3,8,363,363,7567,29,438,334,6766,7.988980716253444,6.209850107066381,7.556018759770714,6.079955580233204
2025,HGM,3,8,412,0,0,0,0,0,0,,,,
2025,INN,3,8,391,391,7606,61,747,330,6468,15.601023017902813,7.5495049504950495,12.858347386172007,10.353430353430353
2025,IZT,3,8,234,234,4662,23,283,211,4145,9.82905982905983,7.516339869281046,9.25925925925926,6.391147244805781
2025,LLA,3,8,368,368,7799,40,531,328,6900,10.869565217391305,7.005253940455342,9.789525208027412,7.1457408155026245
2025,LPR,3,8,379,379,7764,32,438,347,6947,8.443271767810026,6.808510638297872,8.056394763343404,5.930941096817874
2025,MER,3,8,370,370,7373,37,613,333,6390,10.0,5.6923076923076925,8.685446009389672,8.753391403684136
2025,MGH,3,8,397,397,7918,37,504,360,7017,9.319899244332493,6.839186691312385,8.68952559887271,6.701236537694456
2025,MON,3,8,257,257,5301,29,366,228,4678,11.284046692607005,7.341772151898734,10.189739985945186,7.25614591593973
2025,NEZ,3,8,302,302,6451,27,345,275,5804,8.940397350993377,7.258064516129032,8.544303797468354,5.610668401366076
2025,PED,3,8,393,393,8157,34,515,359,7249,8.651399491094148,6.193078324225866,8.015087223008015,6.6331787738279235
2025,SAC,3,8,240,240,4866,15,180,225,4446,6.25,7.6923076923076925,6.4935064935064934,3.8910505836575875
2025,TAH,3,8,261,261,5584,29,377,232,4946,11.11111111111111,7.142857142857143,10.0,7.082472290061995
2025,TLA,3,8,396,396,8081,39,336,357,7349,9.848484848484848,10.4,9.95405819295559,4.372153545868575
2025,TLI,3,8,403,403,7666,53,525,350,6738,13.15136476426799,9.16955017301038,12.100456621004566,7.228418009087154
2025,UAX,3,8,358,358,6796,44,544,314,5894,12.29050279329609,7.482993197278912,10.891089108910892,8.449829139484311
2025,UIZ,3,8,373,373,7717,35,459,338,6885,9.383378016085791,7.08502024291498,8.811681772406848,6.25
2025,VIF,3,8,405,405,7653,48,474,357,6774,11.851851851851851,9.195402298850574,11.204481792717086,6.539735099337748
2025,SAG,3,8,389,389,7865,50,546,339,6930,12.853470437017995,8.389261744966444,11.617100371747211,7.303370786516854
2025,FAR,3,8,300,300,6210,44,578,256,5332,14.666666666666666,7.07395498392283,12.074643249176729,9.780033840947546
2025,GAM,3,8,324,324,6420,40,465,284,5631,12.345679012345679,7.920792079207921,11.10494169905608,7.627952755905512
2025,XAL,3,8,265,0,0,0,0,0,0,,,,
2025,MPA,3,8,266,266,5728,38,560,228,4902,14.285714285714286,6.354515050167224,11.432009626955475,10.252654705236177
2025,ACO,3,8,251,251,5710,38,552,213,4907,15.139442231075698,6.440677966101695,11.91969887076537,10.111742077303536
2025,BJU,3,8,229,229,4804,29,517,200,4058,12.663755458515285,5.311355311355311,9.917920656634747,11.300546448087431
2025,AJM,4,16,373,373,7765,38,271,335,7121,10.187667560321715,12.297734627831716,10.549694614103275,3.6661255411255413
2025,AJU,4,16,136,136,2422,22,94,114,2192,16.176470588235293,18.96551724137931,16.666666666666668,4.111986001749782
2025,ATI,4,16,389,389,7585,90,619,299,6577,23.13624678663239,12.693935119887165,19.867549668874172,8.602001111728738
2025,CAM,4,16,370,370,7923,84,662,286,6891,22.7027027027027,11.26005361930295,18.867924528301888,8.764729246656957
2025,CCA,4,16,417,417,8491,118,625,299,7449,28.297362110311752,15.88156123822342,24.471173786810454,7.740896705474362
2025,CHO,4,16,152,152,3008,56,289,96,2567,36.8421052631579,16.231884057971016,29.38090241343127,10.119047619047619
2025,CUA,4,16,217,217,4361,41,283,176,3861,18.89400921658986,12.654320987654321,17.197986577181208,6.829150579150579
2025,CUT,4,16,382,382,8094,111,688,271,7024,29.05759162303665,13.892365456821027,23.850451224752902,8.921161825726141
2025,FAC,4,16,363,363,7567,66,438,297,6766,18.181818181818183,13.095238095238095,16.87116564417178,6.079955580233204
2025,HGM,4,16,412,0,0,0,0,0,0,,,,
2025,INN,4,16,391,391,7606,158,747,233,6468,40.40920716112532,17.4585635359116,31.9967598217902,10.353430353430353
2025,IZT,4,16,234,234,4662,46,283,188,4145,19.65811965811966,13.98176291793313,18.181818181818183,6.391147244805781
2025,LLA,4,16,368,368,7799,114,531,254,6900,30.97826086956522,17.674418604651162,26.9248937175248,7.1457408155026245
2025,LPR,4,16,379,379,7764,77,438,302,6947,20.316622691292874,14.951456310679612,18.9561792220581,5.930941096817874
2025,MER,4,16,370,370,7373,69,613,301,6390,18.64864864864865,10.117302052785924,15.957446808510639,8.753391403684136
2025,MGH,4,16,397,397,7918,81,504,316,7017,20.403022670025187,13.846153846153847,18.637827887712838,6.701236537694456
2025,MON,4,16,257,257,5301,53,366,204,4678,20.622568093385215,12.649164677804295,18.313752591568765,7.25614591593973
2025,NEZ,4,16,302,302,6451,61,345,241,5804,20.198675496688743,15.024630541871922,18.89714993804213,5.610668401366076
2025,PED,4,16,393,393,8157,92,515,301,7249,23.40966921119593,15.156507413509061,21.110601193207895,6.6331787738279235
2025,SAC,4,16,240,240,4866,37,180,203,4446,15.416666666666666,17.05069124423963,15.717926932880204,3.8910505836575875
2025,TAH,4,16,261,261,5584,93,377,168,4946,35.632183908045974,19.78723404255319,30.71334214002642,7.082472290061995
2025,TLA,4,16,396,396,8081,90,336,306,7349,22.727272727272727,21.12676056338028,22.388059701492537,4.372153545868575
2025,TLI,4,16,403,403,7666,88,525,315,6738,21.83622828784119,14.35562805872757,19.775280898876403,7.228418009087154
2025,UAX,4,16,358,358,6796,67,544,291,5894,18.71508379888268,10.965630114566284,16.397454723445914,8.449829139484311
2025,UIZ,4,16,373,373,7717,71,459,302,6885,19.03485254691689,13.39622641509434,17.5568743818002,6.25
2025,VIF,4,16,405,405,7653,108,474,297,6774,26.666666666666668,18.556701030927837,24.52316076294278,6.539735099337748
2025,SAG,4,16,389,389,7865,98,546,291,6930,25.19280205655527,15.217391304347826,22.272727272727273,7.303370786516854
2025,FAR,4,16,300,300,6210,87,578,213,5332,29.0,13.082706766917294,23.324396782841823,9.780033840947546
2025,GAM,4,16,324,324,6420,81,465,243,5631,25.0,14.835164835164836,21.98697068403909,7.627952755905512
2025,XAL,4,16,265,0,0,0,0,0,0,,,,
2025,MPA,4,16,266,266,5728,82,560,184,4902,30.827067669172934,12.77258566978193,24.03282532239156,10.252654705236177
2025,ACO,4,16,251,251,5710,80,552,171,4907,31.872509960159363,12.658227848101266,24.449877750611247,10.111742077303536
2025,BJU,4,16,229,229,4804,67,517,162,4058,29.25764192139738,11.472602739726028,22.333333333333332,11.300546448087431
2025,AJM,5,32,373,373,7765,165,271,208,7121,44.23592493297587,37.84403669724771,42.79045643153527,3.6661255411255413
2025,AJU,5,32,136,136,2422,101,94,35,2192,74.26470588235294,51.794871794871796,68.33558863328822,4.111986001749782
2025,ATI,5,32,389,389,7585,331,619,58,6577,85.08997429305913,34.8421052631579,66.04150039904229,8.602001111728738
2025,CAM,5,32,370,370,7923,306,662,64,6891,82.70270270270271,31.611570247933884,62.5,8.764729246656957
2025,CCA,5,32,417,417,8491,344,625,73,7449,82.49400479616307,35.500515995872036,65.2256351915055,7.740896705474362
2025,CHO,5,32,152,152,3008,127,289,25,2567,83.55263157894737,30.528846153846153,62.01171875,10.119047619047619
2025,CUA,5,32,217,217,4361,122,283,95,3861,56.22119815668203,30.123456790123456,47.918303220738416,6.829150579150579
2025,CUT,5,32,382,382,8094,322,688,60,7024,84.29319371727749,31.88118811881188,63.435776201733646,8.921161825726141
2025,FAC,5,32,363,363,7567,276,438,87,6766,76.03305785123968,38.65546218487395,63.71191135734072,6.079955580233204
2025,HGM,5,32,412,0,0,0,0,0,0,,,,
2025,INN,5,32,391,391,7606,349,747,42,6468,89.25831202046035,31.843065693430656,65.6015037593985,10.353430353430353
2025,IZT,5,32,234,234,4662,205,283,29,4145,87.6068376068376,42.00819672131148,71.98033707865169,6.391147244805781
2025,LLA,5,32,368,368,7799,324,531,44,6900,88.04347826086956,37.89473684210526,69.61753330468414,7.1457408155026245
2025,LPR,5,32,379,379,7764,311,438,68,6947,82.05804749340369,41.52202937249666,68.65342163355409,5.930941096817874
2025,MER,5,32,370,370,7373,318,613,52,6390,85.94594594594595,34.15682062298604,65.94773952716714,8.753391403684136
2025,MGH,5,32,397,397,7918,331,504,66,7017,83.37531486146096,39.64071856287425,68.30375567478333,6.701236537694456
2025,MON,5,32,257,257,5301,204,366,53,4678,79.37743190661479,35.78947368421053,63.829787234042556,7.25614591593973
2025,NEZ,5,32,302,302,6451,253,345,49,5804,83.7748344370861,42.30769230769231,70.04429678848284,5.610668401366076
2025,PED,5,32,393,393,8157,299,515,94,7249,76.08142493638677,36.73218673218673,62.6571668063705,6.6331787738279235
2025,SAC,5,32,240,240,4866,179,180,61,4446,74.58333333333333,49.860724233983284,67.85443517816528,3.8910505836575875
2025,TAH,5,32,261,261,5584,231,377,30,4946,88.50574712643679,37.99342105263158,69.91525423728814,7.082472290061995
2025,TLA,5,32,396,396,8081,324,336,72,7349,81.81818181818181,49.09090909090909,72.19251336898395,4.372153545868575
2025,TLI,5,32,403,403,7666,324,525,79,6738,80.3970223325062,38.16254416961131,65.826899634295,7.228418009087154
2025,UAX,5,32,358,358,6796,262,544,96,5894,73.18435754189944,32.50620347394541,58.53440571939232,8.449829139484311
2025,UIZ,5,32,373,373,7717,293,459,80,6885,78.55227882037534,38.962765957446805,65.28520499108734,6.25
2025,VIF,5,32,405,405,7653,360,474,45,6774,88.88888888888889,43.16546762589928,73.34963325183374,6.539735099337748
2025,SAG,5,32,389,389,7865,343,546,46,6930,88.17480719794345,38.58267716535433,70.14314928425358,7.303370786516854
2025,FAR,5,32,300,300,6210,262,578,38,5332,87.33333333333333,31.19047619047619,64.2156862745098,9.780033840947546
2025,GAM,5,32,324,324,6420,255,465,69,5631,78.70370370370371,35.416666666666664,63.24404761904762,7.627952755905512
2025,XAL,5,32,265,0,0,0,0,0,0,,,,
2025,MPA,5,32,266,266,5728,208,560,58,4902,78.19548872180451,27.083333333333332,56.76855895196506,10.252654705236177
2025,ACO,5,32,251,251,5710,208,552,43,4907,82.86852589641434,27.36842105263158,58.956916099773245,10.111742077303536
2025,BJU,5,32,229,229,4804,191,517,38,4058,83.4061135371179,26.9774011299435,58.80541871921182,11.300546448087431
2025,AJM,6,64,373,373,7765,362,271,11,7121,97.05093833780161,57.187993680884674,85.17647058823529,3.6661255411255413
2025,AJU,6,64,136,136,2422,136,94,0,2192,100.0,59.130434782608695,87.85529715762274,4.111986001749782
2025,ATI,6,64,389,389,7585,389,619,0,6577,100.0,38.59126984126984,75.85803432137286,8.602001111728738
2025,CAM,6,64,370,370,7923,369,662,1,6891,99.72972972972973,35.79049466537342,73.47670250896057,8.764729246656957
2025,CCA,6,64,417,417,8491,417,625,0,7449,100.0,40.01919385796545,76.93726937269372,7.740896705474362
2025,CHO,6,64,152,152,3008,152,289,0,2567,100.0,34.467120181405896,72.44995233555767,10.119047619047619
2025,CUA,6,64,217,217,4361,213,283,4,3861,98.15668202764977,42.943548387096776,78.0791788856305,6.829150579150579
2025,CUT,6,64,382,382,8094,382,688,0,7024,100.0,35.700934579439256,73.518090839107,8.921161825726141
2025,FAC,6,64,363,363,7567,360,438,3,6766,99.17355371900827,45.11278195488722,80.0,6.079955580233204
2025,HGM,6,64,412,0,0,0,0,0,0,,,,
2025,INN,6,64,391,391,7606,390,747,1,6468,99.74424552429667,34.300791556728235,72.19548315438726,10.353430353430353
2025,IZT,6,64,234,234,4662,232,283,2,4145,99.14529914529915,45.04854368932039,79.9448656099242,6.391147244805781
2025,LLA,6,64,368,368,7799,368,531,0,6900,100.0,40.93437152391546,77.60438633487979,7.1457408155026245
2025,LPR,6,64,379,379,7764,379,438,0,6947,100.0,46.38922888616891,81.22588941277326,5.930941096817874
2025,MER,6,64,370,370,7373,369,613,1,6390,99.72972972972973,37.57637474541752,74.93907392363931,8.753391403684136
2025,MGH,6,64,397,397,7918,394,504,3,7017,99.24433249370277,43.87527839643653,79.24376508447305,6.701236537694456
2025,MON,6,64,257,257,5301,256,366,1,4678,99.61089494163424,41.157556270096464,77.57575757575758,7.25614591593973
2025,NEZ,6,64,302,302,6451,301,345,1,5804,99.66887417218543,46.59442724458204,81.17583603020496,5.610668401366076
2025,PED,6,64,393,393,8157,392,515,1,7249,99.74554707379134,43.219404630650494,79.0641387656313,6.6331787738279235
2025,SAC,6,64,240,240,4866,240,180,0,4446,100.0,57.142857142857146,86.95652173913044,3.8910505836575875
2025,TAH,6,64,261,261,5584,260,377,1,4946,99.61685823754789,40.816326530612244,77.33491969066033,7.082472290061995
2025,TLA,6,64,396,396,8081,395,336,1,7349,99.74747474747475,54.03556771545828,85.31317494600432,4.372153545868575
2025,TLI,6,64,403,403,7666,402,525,1,6738,99.75186104218362,43.36569579288026,79.16502560063017,7.228418009087154
2025,UAX,6,64,358,358,6796,350,544,8,5894,97.76536312849161,39.14988814317673,75.23645743766122,8.449829139484311
2025,UIZ,6,64,373,373,7717,370,459,3,6885,99.19571045576407,44.632086851628465,79.70702283498493,6.25
2025,VIF,6,64,405,405,7653,405,474,0,6774,100.0,46.075085324232084,81.03241296518607,6.539735099337748
2025,SAG,6,64,389,389,7865,389,546,0,6930,100.0,41.60427807486631,78.08109193095143,7.303370786516854
2025,FAR,6,64,300,300,6210,300,578,0,5332,100.0,34.16856492027335,72.18479307025987,9.780033840947546
2025,GAM,6,64,324,324,6420,322,465,2,5631,99.38271604938272,40.9148665819568,77.2923667786846,7.627952755905512
2025,XAL,6,64,265,0,0,0,0,0,0,,,,
2025,MPA,6,64,266,266,5728,266,560,0,4902,100.0,32.20338983050848,70.37037037037037,10.252654705236177
2025,ACO,6,64,251,251,5710,251,552,0,4907,100.0,31.257783312577832,69.45213060320974,10.111742077303536
2025,BJU,6,64,229,229,4804,226,517,3,4058,98.68995633187772,30.417227456258413,68.11332127787824,11.300546448087431
2025,AJM,7,128,373,373,7765,373,271,0,7121,100.0,57.91925465838509,87.312734082397,3.6661255411255413
2025,AJU,7,128,136,136,2422,136,94,0,2192,100.0,59.130434782608695,87.85529715762274,4.111986001749782
2025,ATI,7,128,389,389,7585,389,619,0,6577,100.0,38.59126984126984,75.85803432137286,8.602001111728738
2025,CAM,7,128,370,370,7923,370,662,0,6891,100.0,35.85271317829457,73.64649681528662,8.764729246656957
2025,CCA,7,128,417,417,8491,417,625,0,7449,100.0,40.01919385796545,76.93726937269372,7.740896705474362
2025,CHO,7,128,152,152,3008,152,289,0,2567,100.0,34.467120181405896,72.44995233555767,10.119047619047619
2025,CUA,7,128,217,217,4361,217,283,0,3861,100.0,43.4,79.31286549707602,6.829150579150579
2025,CUT,7,128,382,382,8094,382,688,0,7024,100.0,35.700934579439256,73.518090839107,8.921161825726141
2025,FAC,7,128,363,363,7567,363,438,0,6766,100.0,45.3183520599251,80.55925432756325,6.079955580233204
2025,HGM,7,128,412,0,0,0,0,0,0,,,,
2025,INN,7,128,391,391,7606,391,747,0,6468,100.0,34.3585237258348,72.3538119911177,10.353430353430353
2025,IZT,7,128,234,234,4662,234,283,0,4145,100.0,45.26112185686654,80.5230557467309,6.391147244805781
2025,LLA,7,128,368,368,7799,368,531,0,6900,100.0,40.93437152391546,77.60438633487979,7.1457408155026245
2025,LPR,7,128,379,379,7764,379,438,0,6947,100.0,46.38922888616891,81.22588941277326,5.930941096817874
2025,MER,7,128,370,370,7373,370,613,0,6390,100.0,37.639877924720246,75.11165245635404,8.753391403684136
2025,MGH,7,128,397,397,7918,397,504,0,7017,100.0,44.062153163152054,79.75090397750101,6.701236537694456
2025,MON,7,128,257,257,5301,257,366,0,4678,100.0,41.25200642054575,77.83161720169595,7.25614591593973
2025,NEZ,7,128,302,302,6451,302,345,0,5804,100.0,46.67697063369397,81.40161725067385,5.610668401366076
2025,PED,7,128,393,393,8157,393,515,0,7249,100.0,43.28193832599119,79.23387096774194,6.6331787738279235
2025,SAC,7,128,240,240,4866,240,180,0,4446,100.0,57.142857142857146,86.95652173913044,3.8910505836575875
2025,TAH,7,128,261,261,5584,261,377,0,4946,100.0,40.90909090909091,77.58620689655173,7.082472290061995
2025,TLA,7,128,396,396,8081,396,336,0,7349,100.0,54.09836065573771,85.49222797927462,4.372153545868575
2025,TLI,7,128,403,403,7666,403,525,0,6738,100.0,43.42672413793103,79.33070866141732,7.228418009087154
2025,UAX,7,128,358,358,6796,358,544,0,5894,100.0,39.689578713968956,76.6923736075407,8.449829139484311
2025,UIZ,7,128,373,373,7717,373,459,0,6885,100.0,44.83173076923077,80.24956970740104,6.25
2025,VIF,7,128,405,405,7653,405,474,0,6774,100.0,46.075085324232084,81.03241296518607,6.539735099337748
2025,SAG,7,128,389,389,7865,389,546,0,6930,100.0,41.60427807486631,78.08109193095143,7.303370786516854
2025,FAR,7,128,300,300,6210,300,578,0,5332,100.0,34.16856492027335,72.18479307025987,9.780033840947546
2025,GAM,7,128,324,324,6420,324,465,0,5631,100.0,41.06463878326996,77.6978417266187,7.627952755905512
2025,XAL,7,128,265,0,0,0,0,0,0,,,,
2025,MPA,7,128,266,266,5728,266,560,0,4902,100.0,32.20338983050848,70.37037037037037,10.252654705236177
2025,ACO,7,128,251,251,5710,251,552,0,4907,100.0,31.257783312577832,69.45213060320974,10.111742077303536
2025,BJU,7,128,229,229,4804,229,517,0,4058,100.0,30.697050938337803,68.89290012033695,11.300546448087431
2026,AJM,0,1,222,222,4092,9,93,213,3777,4.054054054054054,8.823529411764707,4.545454545454546,2.4031007751937983
2026,ATI,0,1,220,220,4617,24,388,196,4009,10.909090909090908,5.825242718446602,9.287925696594428,8.824198317034341
2026,BJU,0,1,227,227,4387,20,434,207,3726,8.810572687224669,4.405286343612334,7.342143906020558,10.432692307692308
2026,CAM,0,1,177,177,3342,11,169,166,2996,6.214689265536723,6.111111111111111,6.193693693693693,5.339652448657188
2026,CCA,0,1,226,226,4727,17,269,209,4232,7.522123893805309,5.944055944055944,7.142857142857143,5.9764496778493665
2026,CUA,0,1,173,173,3391,8,167,165,3051,4.624277456647399,4.571428571428571,4.61361014994233,5.189558732131759
2026,CUT,0,1,219,219,4685,12,286,207,4180,5.47945205479452,4.026845637583893,5.1107325383304945,6.403940886699507
2026,FAC,0,1,236,236,4685,12,246,224,4203,5.084745762711864,4.651162790697675,4.9916805324459235,5.529332434254889
2026,GAM,0,1,252,252,4805,8,169,244,4384,3.1746031746031744,4.519774011299435,3.3755274261603376,3.7118383483417525
2026,HGM,0,1,239,0,0,0,0,0,0,,,,
2026,INN,0,1,239,239,4287,15,283,224,3765,6.2761506276150625,5.033557046979865,5.980861244019139,6.991106719367589
2026,LLA,0,1,233,233,4668,15,272,218,4163,6.437768240343348,5.2264808362369335,6.152584085315833,6.133032694475761
2026,LPR,0,1,218,218,4572,9,238,209,4116,4.128440366972477,3.6437246963562755,4.021447721179625,5.466237942122186
2026,MER,0,1,212,212,4704,21,372,191,4120,9.90566037735849,5.343511450381679,8.460918614020951,8.281389136242208
2026,MGH,0,1,237,237,4881,8,265,229,4379,3.3755274261603376,2.93040293040293,3.276003276003276,5.706287683031869
2026,NEZ,0,1,217,217,4316,15,267,202,3832,6.912442396313364,5.319148936170213,6.521739130434782,6.513783849719443
2026,PED,0,1,224,224,4743,8,243,216,4276,3.5714285714285716,3.187250996015936,3.4873583260680037,5.377295861916354
2026,SAC,0,1,179,179,3629,7,121,172,3329,3.910614525139665,5.46875,4.1469194312796205,3.5072463768115942
2026,SAG,0,1,146,146,3098,10,217,136,2735,6.8493150684931505,4.405286343612334,6.165228113440198,7.350948509485095
2026,TLA,0,1,233,233,4233,8,214,225,3786,3.4334763948497855,3.6036036036036037,3.466204506065858,5.35
2026,TLI,0,1,219,219,4139,8,171,211,3749,3.65296803652968,4.4692737430167595,3.7914691943127963,4.362244897959184
2026,UAX,0,1,257,257,4679,6,177,251,4245,2.3346303501945527,3.278688524590164,2.477291494632535,4.002713704206242
2026,UIZ,0,1,230,230,4860,5,186,225,4444,2.1739130434782608,2.6178010471204187,2.25022502250225,4.017278617710583
2026,VIF,0,1,226,226,4299,12,122,214,3951,5.3097345132743365,8.955223880597014,5.780346820809249,2.995335133808004
2026,XAL,0,1,167,0,0,0,0,0,0,,,,
2026,ACO,0,1,217,217,3922,12,216,205,3489,5.529953917050691,5.2631578947368425,5.474452554744525,5.82995951417004
2026,MON,0,1,199,199,3907,19,335,180,3373,9.547738693467336,5.367231638418079,8.26086956521739,9.034519956850055
2026,TAH,0,1,187,187,3974,18,325,169,3462,9.62566844919786,5.247813411078718,8.249312557286892,8.581991021917085
2026,IZT,0,1,151,151,3116,7,191,144,2774,4.635761589403973,3.5353535353535355,4.364089775561097,6.441821247892074
2026,MPA,0,1,126,126,2306,6,156,120,2024,4.761904761904762,3.7037037037037037,4.504504504504505,7.155963302752293
2026,AJM,1,2,222,222,4092,8,93,214,3777,3.6036036036036037,7.920792079207921,4.044489383215369,2.4031007751937983
2026,ATI,1,2,220,220,4617,24,388,196,4009,10.909090909090908,5.825242718446602,9.287925696594428,8.824198317034341
2026,BJU,1,2,227,227,4387,21,434,206,3726,9.251101321585903,4.615384615384615,7.703595011005135,10.432692307692308
2026,CAM,1,2,177,177,3342,11,169,166,2996,6.214689265536723,6.111111111111111,6.193693693693693,5.339652448657188
2026,CCA,1,2,226,226,4727,16,269,210,4232,7.079646017699115,5.614035087719298,6.72834314550042,5.9764496778493665
2026,CUA,1,2,173,173,3391,9,167,164,3051,5.202312138728324,5.113636363636363,5.184331797235023,5.189558732131759
2026,CUT,1,2,219,219,4685,14,286,205,4180,6.392694063926941,4.666666666666667,5.9523809523809526,6.403940886699507
2026,FAC,1,2,236,236,4685,12,246,224,4203,5.084745762711864,4.651162790697675,4.9916805324459235,5.529332434254889
2026,GAM,1,2,252,252,4805,7,169,245,4384,2.7777777777777777,3.977272727272727,2.956081081081081,3.7118383483417525
2026,HGM,1,2,239,0,0,0,0,0,0,,,,
2026,INN,1,2,239,239,4287,19,283,220,3765,7.949790794979079,6.291390728476821,7.5516693163751984,6.991106719367589
2026,LLA,1,2,233,233,4668,19,272,214,4163,8.15450643776824,6.529209621993127,7.76778413736713,6.133032694475761
2026,LPR,1,2,218,218,4572,12,238,206,4116,5.504587155963303,4.8,5.347593582887701,5.466237942122186
2026,MER,1,2,212,212,4704,21,372,191,4120,9.90566037735849,5.343511450381679,8.460918614020951,8.281389136242208
2026,MGH,1,2,237,237,4881,7,265,230,4379,2.9535864978902953,2.573529411764706,2.8688524590163933,5.706287683031869
2026,NEZ,1,2,217,217,4316,15,267,202,3832,6.912442396313364,5.319148936170213,6.521739130434782,6.513783849719443
2026,PED,1,2,224,224,4743,15,243,209,4276,6.696428571428571,5.813953488372093,6.499133448873484,5.377295861916354
2026,SAC,1,2,179,179,3629,10,121,169,3329,5.58659217877095,7.633587786259542,5.903187721369539,3.5072463768115942
2026,SAG,1,2,146,146,3098,9,217,137,2735,6.164383561643835,3.982300884955752,5.555555555555555,7.350948509485095
2026,TLA,1,2,233,233,4233,10,214,223,3786,4.291845493562231,4.464285714285714,4.325259515570934,5.35
2026,TLI,1,2,219,219,4139,11,171,208,3749,5.0228310502283104,6.043956043956044,5.198487712665407,4.362244897959184
2026,UAX,1,2,257,257,4679,11,177,246,4245,4.280155642023346,5.851063829787234,4.5230263157894735,4.002713704206242
2026,UIZ,1,2,230,230,4860,9,186,221,4444,3.9130434782608696,4.615384615384615,4.0358744394618835,4.017278617710583
2026,VIF,1,2,226,226,4299,9,122,217,3951,3.982300884955752,6.870229007633588,4.3478260869565215,2.995335133808004
2026,XAL,1,2,167,0,0,0,0,0,0,,,,
2026,ACO,1,2,217,217,3922,13,216,204,3489,5.990783410138249,5.676855895196507,5.925250683682771,5.82995951417004
2026,MON,1,2,199,199,3907,20,335,179,3373,10.050251256281408,5.633802816901408,8.688097306689835,9.034519956850055
2026,TAH,1,2,187,187,3974,15,325,172,3462,8.02139037433155,4.411764705882353,6.893382352941177,8.581991021917085
2026,IZT,1,2,151,151,3116,5,191,146,2774,3.3112582781456954,2.5510204081632653,3.125,6.441821247892074
2026,MPA,1,2,126,126,2306,6,156,120,2024,4.761904761904762,3.7037037037037037,4.504504504504505,7.155963302752293
2026,AJM,2,4,222,222,4092,6,93,216,3777,2.7027027027027026,6.0606060606060606,3.0395136778115504,2.4031007751937983
2026,ATI,2,4,220,220,4617,32,388,188,4009,14.545454545454545,7.619047619047619,12.307692307692308,8.824198317034341
2026,BJU,2,4,227,227,4387,22,434,205,3726,9.691629955947137,4.824561403508772,8.064516129032258,10.432692307692308
2026,CAM,2,4,177,177,3342,16,169,161,2996,9.03954802259887,8.64864864864865,8.958566629339305,5.339652448657188
2026,CCA,2,4,226,226,4727,19,269,207,4232,8.4070796460177,6.597222222222222,7.969798657718121,5.9764496778493665
2026,CUA,2,4,173,173,3391,12,167,161,3051,6.936416184971098,6.70391061452514,6.888633754305396,5.189558732131759
2026,CUT,2,4,219,219,4685,17,286,202,4180,7.762557077625571,5.6105610561056105,7.2094995759117895,6.403940886699507
2026,FAC,2,4,236,236,4685,16,246,220,4203,6.779661016949152,6.106870229007634,6.633499170812604,5.529332434254889
2026,GAM,2,4,252,252,4805,7,169,245,4384,2.7777777777777777,3.977272727272727,2.956081081081081,3.7118383483417525
2026,HGM,2,4,239,0,0,0,0,0,0,,,,
2026,INN,2,4,239,239,4287,16,283,223,3765,6.694560669456067,5.351170568561873,6.374501992031872,6.991106719367589
2026,LLA,2,4,233,233,4668,22,272,211,4163,9.44206008583691,7.482993197278912,8.97226753670473,6.133032694475761
2026,LPR,2,4,218,218,4572,11,238,207,4116,5.045871559633028,4.417670682730924,4.906333630686887,5.466237942122186
2026,MER,2,4,212,212,4704,28,372,184,4120,13.20754716981132,7.0,11.217948717948717,8.281389136242208
2026,MGH,2,4,237,237,4881,12,265,225,4379,5.063291139240507,4.332129963898917,4.8979591836734695,5.706287683031869
2026,NEZ,2,4,217,217,4316,16,267,201,3832,7.373271889400922,5.6537102473498235,6.950477845351868,6.513783849719443
2026,PED,2,4,224,224,4743,14,243,210,4276,6.25,5.447470817120623,6.071118820468343,5.377295861916354
2026,SAC,2,4,179,179,3629,7,121,172,3329,3.910614525139665,5.46875,4.1469194312796205,3.5072463768115942
2026,SAG,2,4,146,146,3098,16,217,130,2735,10.95890410958904,6.866952789699571,9.791921664626683,7.350948509485095
2026,TLA,2,4,233,233,4233,9,214,224,3786,3.8626609442060085,4.0358744394618835,3.896103896103896,5.35
2026,TLI,2,4,219,219,4139,11,171,208,3749,5.0228310502283104,6.043956043956044,5.198487712665407,4.362244897959184
2026,UAX,2,4,257,257,4679,8,177,249,4245,3.11284046692607,4.324324324324325,3.2976092333058533,4.002713704206242
2026,UIZ,2,4,230,230,4860,8,186,222,4444,3.4782608695652173,4.123711340206185,3.5906642728904847,4.017278617710583
2026,VIF,2,4,226,226,4299,11,122,215,3951,4.867256637168142,8.270676691729323,5.303760848601736,2.995335133808004
2026,XAL,2,4,167,0,0,0,0,0,0,,,,
2026,ACO,2,4,217,217,3922,17,216,200,3489,7.8341013824884795,7.296137339055794,7.720254314259764,5.82995951417004
2026,MON,2,4,199,199,3907,15,335,184,3373,7.5376884422110555,4.285714285714286,6.544502617801047,9.034519956850055
2026,TAH,2,4,187,187,3974,16,325,171,3462,8.556149732620321,4.69208211143695,7.3461891643709825,8.581991021917085
2026,IZT,2,4,151,151,3116,7,191,144,2774,4.635761589403973,3.5353535353535355,4.364089775561097,6.441821247892074
2026,MPA,2,4,126,126,2306,10,156,116,2024,7.936507936507937,6.024096385542169,7.462686567164179,7.155963302752293
2026,AJM,3,8,222,222,4092,11,93,211,3777,4.954954954954955,10.576923076923077,5.544354838709677,2.4031007751937983
2026,ATI,3,8,220,220,4617,36,388,184,4009,16.363636363636363,8.49056603773585,13.803680981595091,8.824198317034341
2026,BJU,3,8,227,227,4387,30,434,197,3726,13.215859030837004,6.4655172413793105,10.932944606413994,10.432692307692308
2026,CAM,3,8,177,177,3342,15,169,162,2996,8.474576271186441,8.152173913043478,8.408071748878923,5.339652448657188
2026,CCA,3,8,226,226,4727,22,269,204,4232,9.734513274336283,7.560137457044673,9.205020920502092,5.9764496778493665
2026,CUA,3,8,173,173,3391,19,167,154,3051,10.982658959537572,10.21505376344086,10.82004555808656,5.189558732131759
2026,CUT,3,8,219,219,4685,27,286,192,4180,12.32876712328767,8.626198083067093,11.35407905803196,6.403940886699507
2026,FAC,3,8,236,236,4685,20,246,216,4203,8.474576271186441,7.518796992481203,8.264462809917354,5.529332434254889
2026,GAM,3,8,252,252,4805,15,169,237,4384,5.9523809523809526,8.152173913043478,6.291946308724833,3.7118383483417525
2026,HGM,3,8,239,0,0,0,0,0,0,,,,
2026,INN,3,8,239,239,4287,34,283,205,3765,14.225941422594142,10.725552050473187,13.35428122545169,6.991106719367589
2026,LLA,3,8,233,233,4668,31,272,202,4163,13.304721030042918,10.231023102310232,12.550607287449393,6.133032694475761
2026,LPR,3,8,218,218,4572,23,238,195,4116,10.55045871559633,8.812260536398467,10.150044130626656,5.466237942122186
2026,MER,3,8,212,212,4704,25,372,187,4120,11.79245283018868,6.297229219143577,10.040160642570282,8.281389136242208
2026,MGH,3,8,237,237,4881,12,265,225,4379,5.063291139240507,4.332129963898917,4.8979591836734695,5.706287683031869
2026,NEZ,3,8,217,217,4316,22,267,195,3832,10.138248847926267,7.612456747404845,9.507346585998272,6.513783849719443
2026,PED,3,8,224,224,4743,22,243,202,4276,9.821428571428571,8.30188679245283,9.474590869939707,5.377295861916354
2026,SAC,3,8,179,179,3629,15,121,164,3329,8.379888268156424,11.029411764705882,8.80281690140845,3.5072463768115942
2026,SAG,3,8,146,146,3098,19,217,127,2735,13.013698630136986,8.05084745762712,11.585365853658537,7.350948509485095
2026,TLA,3,8,233,233,4233,12,214,221,3786,5.150214592274678,5.3097345132743365,5.181347150259067,5.35
2026,TLI,3,8,219,219,4139,21,171,198,3749,9.58904109589041,10.9375,9.831460674157304,4.362244897959184
2026,UAX,3,8,257,257,4679,12,177,245,4245,4.669260700389105,6.349206349206349,4.930156121610517,4.002713704206242
2026,UIZ,3,8,230,230,4860,9,186,221,4444,3.9130434782608696,4.615384615384615,4.0358744394618835,4.017278617710583
2026,VIF,3,8,226,226,4299,20,122,206,3951,8.849557522123893,14.084507042253522,9.560229445506693,2.995335133808004
2026,XAL,3,8,167,0,0,0,0,0,0,,,,
2026,ACO,3,8,217,217,3922,28,216,189,3489,12.903225806451612,11.475409836065573,12.589928057553957,5.82995951417004
2026,MON,3,8,199,199,3907,27,335,172,3373,13.5678391959799,7.458563535911602,11.658031088082902,9.034519956850055
2026,TAH,3,8,187,187,3974,28,325,159,3462,14.973262032085561,7.932011331444759,12.715712988192552,8.581991021917085
2026,IZT,3,8,151,151,3116,10,191,141,2774,6.622516556291391,4.975124378109452,6.211180124223603,6.441821247892074
2026,MPA,3,8,126,126,2306,11,156,115,2024,8.73015873015873,6.586826347305389,8.19672131147541,7.155963302752293
2026,AJM,4,16,222,222,4092,32,93,190,3777,14.414414414414415,25.6,15.79466929911155,2.4031007751937983
2026,ATI,4,16,220,220,4617,64,388,156,4009,29.09090909090909,14.15929203539823,24.024024024024023,8.824198317034341
2026,BJU,4,16,227,227,4387,50,434,177,3726,22.026431718061673,10.330578512396695,17.95977011494253,10.432692307692308
2026,CAM,4,16,177,177,3342,40,169,137,2996,22.598870056497177,19.138755980861244,21.810250817884405,5.339652448657188
2026,CCA,4,16,226,226,4727,53,269,173,4232,23.451327433628318,16.459627329192546,21.61500815660685,5.9764496778493665
2026,CUA,4,16,173,173,3391,40,167,133,3051,23.121387283236995,19.32367149758454,22.246941045606228,5.189558732131759
2026,CUT,4,16,219,219,4685,45,286,174,4180,20.54794520547945,13.595166163141993,18.64125932062966,6.403940886699507
2026,FAC,4,16,236,236,4685,52,246,184,4203,22.033898305084747,17.449664429530202,20.933977455716587,5.529332434254889
2026,GAM,4,16,252,252,4805,42,169,210,4384,16.666666666666668,19.90521327014218,17.227235438884332,3.7118383483417525
2026,HGM,4,16,239,0,0,0,0,0,0,,,,
2026,INN,4,16,239,239,4287,87,283,152,3765,36.40167364016737,23.513513513513512,32.80542986425339,6.991106719367589
2026,LLA,4,16,233,233,4668,61,272,172,4163,26.180257510729614,18.31831831831832,24.110671936758894,6.133032694475761
2026,LPR,4,16,218,218,4572,47,238,171,4116,21.559633027522935,16.49122807017544,20.311149524632672,5.466237942122186
2026,MER,4,16,212,212,4704,55,372,157,4120,25.943396226415093,12.880562060889929,21.568627450980394,8.281389136242208
2026,MGH,4,16,237,237,4881,41,265,196,4379,17.29957805907173,13.398692810457517,16.34768740031898,5.706287683031869
2026,NEZ,4,16,217,217,4316,50,267,167,3832,23.04147465437788,15.772870662460567,21.09704641350211,6.513783849719443
2026,PED,4,16,224,224,4743,44,243,180,4276,19.642857142857142,15.331010452961673,18.59678782755706,5.377295861916354
2026,SAC,4,16,179,179,3629,33,121,146,3329,18.435754189944134,21.428571428571427,18.96551724137931,3.5072463768115942
2026,SAG,4,16,146,146,3098,31,217,115,2735,21.232876712328768,12.5,18.629807692307693,7.350948509485095
2026,TLA,4,16,233,233,4233,40,214,193,3786,17.167381974248926,15.748031496062993,16.863406408094434,5.35
2026,TLI,4,16,219,219,4139,45,171,174,3749,20.54794520547945,20.833333333333332,20.604395604395606,4.362244897959184
2026,UAX,4,16,257,257,4679,30,177,227,4245,11.673151750972762,14.492753623188406,12.145748987854251,4.002713704206242
2026,UIZ,4,16,230,230,4860,31,186,199,4444,13.478260869565217,14.285714285714286,13.632365875109938,4.017278617710583
2026,VIF,4,16,226,226,4299,56,122,170,3951,24.778761061946902,31.46067415730337,25.87800369685767,2.995335133808004
2026,XAL,4,16,167,0,0,0,0,0,0,,,,
2026,ACO,4,16,217,217,3922,59,216,158,3489,27.1889400921659,21.454545454545453,25.809273840769904,5.82995951417004
2026,MON,4,16,199,199,3907,53,335,146,3373,26.633165829145728,13.65979381443299,22.381756756756758,9.034519956850055
2026,TAH,4,16,187,187,3974,53,325,134,3462,28.342245989304814,14.02116402116402,23.534635879218474,8.581991021917085
2026,IZT,4,16,151,151,3116,29,191,122,2774,19.205298013245034,13.181818181818182,17.597087378640776,6.441821247892074
2026,MPA,4,16,126,126,2306,33,156,93,2024,26.19047619047619,17.46031746031746,23.80952380952381,7.155963302752293
2026,AJM,5,32,222,222,4092,84,93,138,3777,37.83783783783784,47.45762711864407,39.436619718309856,2.4031007751937983
2026,ATI,5,32,220,220,4617,179,388,41,4009,81.36363636363636,31.569664902998237,61.85210780926054,8.824198317034341
2026,BJU,5,32,227,227,4387,194,434,33,3726,85.46255506607929,30.89171974522293,63.151041666666664,10.432692307692308
2026,CAM,5,32,177,177,3342,147,169,30,2996,83.05084745762711,46.51898734177215,71.77734375,5.339652448657188
2026,CCA,5,32,226,226,4727,192,269,34,4232,84.95575221238938,41.64859002169197,70.32967032967034,5.9764496778493665
2026,CUA,5,32,173,173,3391,105,167,68,3051,60.69364161849711,38.60294117647059,54.46058091286307,5.189558732131759
2026,CUT,5,32,219,219,4685,196,286,23,4180,89.49771689497717,40.66390041493776,72.16494845360825,6.403940886699507
2026,FAC,5,32,236,236,4685,181,246,55,4203,76.69491525423729,42.38875878220141,66.01021152443472,5.529332434254889
2026,GAM,5,32,252,252,4805,215,169,37,4384,85.31746031746032,55.989583333333336,77.22701149425288,3.7118383483417525
2026,HGM,5,32,239,0,0,0,0,0,0,,,,
2026,INN,5,32,239,239,4287,213,283,26,3765,89.1213389121339,42.943548387096776,73.34710743801652,6.991106719367589
2026,LLA,5,32,233,233,4668,212,272,21,4163,90.98712446351931,43.80165289256198,74.85875706214689,6.133032694475761
2026,LPR,5,32,218,218,4572,173,238,45,4116,79.35779816513761,42.092457420924575,67.42010911925175,5.466237942122186
2026,MER,5,32,212,212,4704,182,372,30,4120,85.84905660377359,32.851985559566785,64.90727532097004,8.281389136242208
2026,MGH,5,32,237,237,4881,211,265,26,4379,89.0295358649789,44.32773109243698,74.08707865168539,5.706287683031869
2026,NEZ,5,32,217,217,4316,172,267,45,3832,79.26267281105991,39.17995444191344,65.79954093343535,6.513783849719443
2026,PED,5,32,224,224,4743,184,243,40,4276,82.14285714285714,43.09133489461358,69.53892668178382,5.377295861916354
2026,SAC,5,32,179,179,3629,133,121,46,3329,74.30167597765363,52.36220472440945,68.55670103092784,3.5072463768115942
2026,SAG,5,32,146,146,3098,129,217,17,2735,88.35616438356165,37.283236994219656,69.35483870967742,7.350948509485095
2026,TLA,5,32,233,233,4233,200,214,33,3786,85.83690987124463,48.309178743961354,74.29420505200595,5.35
2026,TLI,5,32,219,219,4139,185,171,34,3749,84.47488584474885,51.96629213483146,75.08116883116882,4.362244897959184
2026,UAX,5,32,257,257,4679,201,177,56,4245,78.21011673151752,53.17460317460318,71.47937411095306,4.002713704206242
2026,UIZ,5,32,230,230,4860,192,186,38,4444,83.47826086956522,50.79365079365079,73.95993836671803,4.017278617710583
2026,VIF,5,32,226,226,4299,211,122,15,3951,93.36283185840708,63.36336336336336,85.2869846402587,2.995335133808004
2026,XAL,5,32,167,0,0,0,0,0,0,,,,
2026,ACO,5,32,217,217,3922,195,216,22,3489,89.86175115207374,47.44525547445255,76.23143080531665,5.82995951417004
2026,MON,5,32,199,199,3907,164,335,35,3373,82.41206030150754,32.86573146292585,63.32046332046332,9.034519956850055
2026,TAH,5,32,187,187,3974,159,325,28,3462,85.02673796791444,32.85123966942149,64.52922077922078,8.581991021917085
2026,IZT,5,32,151,151,3116,120,191,31,2774,79.47019867549669,38.58520900321543,65.57377049180327,6.441821247892074
2026,MPA,5,32,126,126,2306,111,156,15,2024,88.0952380952381,41.57303370786517,71.98443579766537,7.155963302752293
2026,AJM,6,64,222,222,4092,213,93,9,3777,95.94594594594595,69.6078431372549,89.19597989949749,2.4031007751937983
2026,ATI,6,64,220,220,4617,220,388,0,4009,100.0,36.18421052631579,73.9247311827957,8.824198317034341
2026,BJU,6,64,227,227,4387,226,434,1,3726,99.55947136563877,34.24242424242424,72.06632653061224,10.432692307692308
2026,CAM,6,64,177,177,3342,176,169,1,2996,99.43502824858757,51.01449275362319,83.5707502374169,5.339652448657188
2026,CCA,6,64,226,226,4727,225,269,1,4232,99.5575221238938,45.54655870445344,80.47210300429184,5.9764496778493665
2026,CUA,6,64,173,173,3391,169,167,4,3051,97.6878612716763,50.29761904761905,82.19844357976653,5.189558732131759
2026,CUT,6,64,219,219,4685,218,286,1,4180,99.54337899543378,43.25396825396825,78.98550724637681,6.403940886699507
2026,FAC,6,64,236,236,4685,236,246,0,4203,100.0,48.96265560165975,82.74894810659187,5.529332434254889
2026,GAM,6,64,252,252,4805,252,169,0,4384,100.0,59.857482185273156,88.17354793561931,3.7118383483417525
2026,HGM,6,64,239,0,0,0,0,0,0,,,,
2026,INN,6,64,239,239,4287,239,283,0,3765,100.0,45.78544061302682,80.85250338294993,6.991106719367589
2026,LLA,6,64,233,233,4668,233,272,0,4163,100.0,46.13861386138614,81.07167710508003,6.133032694475761
2026,LPR,6,64,218,218,4572,218,238,0,4116,100.0,47.80701754385965,82.07831325301204,5.466237942122186
2026,MER,6,64,212,212,4704,209,372,3,4120,98.58490566037736,35.97246127366609,73.12806158152554,8.281389136242208
2026,MGH,6,64,237,237,4881,236,265,1,4379,99.57805907172995,47.10578842315369,81.43547273982057,5.706287683031869
2026,NEZ,6,64,217,217,4316,217,267,0,3832,100.0,44.83471074380165,80.25147928994083,6.513783849719443
2026,PED,6,64,224,224,4743,223,243,1,4276,99.55357142857143,47.85407725321888,81.86490455212922,5.377295861916354
2026,SAC,6,64,179,179,3629,179,121,0,3329,100.0,59.666666666666664,88.09055118110236,3.5072463768115942
2026,SAG,6,64,146,146,3098,146,217,0,2735,100.0,40.22038567493113,77.08553326293558,7.350948509485095
2026,TLA,6,64,233,233,4233,233,214,0,3786,100.0,52.12527964205817,84.48150833937636,5.35
2026,TLI,6,64,219,219,4139,219,171,0,3749,100.0,56.15384615384615,86.49289099526067,4.362244897959184
2026,UAX,6,64,257,257,4679,256,177,1,4245,99.61089494163424,59.122401847575055,87.61122518822724,4.002713704206242
2026,UIZ,6,64,230,230,4860,230,186,0,4444,100.0,55.28846153846154,86.07784431137725,4.017278617710583
2026,VIF,6,64,226,226,4299,226,122,0,3951,100.0,64.94252873563218,90.2555910543131,2.995335133808004
2026,XAL,6,64,167,0,0,0,0,0,0,,,,
2026,ACO,6,64,217,217,3922,216,216,1,3489,99.53917050691244,50.0,83.07692307692308,5.82995951417004
2026,MON,6,64,199,199,3907,199,335,0,3373,100.0,37.265917602996254,74.81203007518798,9.034519956850055
2026,TAH,6,64,187,187,3974,187,325,0,3462,100.0,36.5234375,74.2063492063492,8.581991021917085
2026,IZT,6,64,151,151,3116,151,191,0,2774,100.0,44.15204678362573,79.80972515856237,6.441821247892074
2026,MPA,6,64,126,126,2306,126,156,0,2024,100.0,44.680851063829785,80.1526717557252,7.155963302752293
2026,AJM,7,128,222,222,4092,222,93,0,3777,100.0,70.47619047619048,92.26932668329177,2.4031007751937983
2026,ATI,7,128,220,220,4617,220,388,0,4009,100.0,36.18421052631579,73.9247311827957,8.824198317034341
2026,BJU,7,128,227,227,4387,227,434,0,3726,100.0,34.341906202723145,72.33906947100064,10.432692307692308
2026,CAM,7,128,177,177,3342,177,169,0,2996,100.0,51.15606936416185,83.96584440227704,5.339652448657188
2026,CCA,7,128,226,226,4727,226,269,0,4232,100.0,45.656565656565654,80.77197998570408,5.9764496778493665
2026,CUA,7,128,173,173,3391,173,167,0,3051,100.0,50.88235294117647,83.81782945736434,5.189558732131759
2026,CUT,7,128,219,219,4685,219,286,0,4180,100.0,43.366336633663366,79.29036929761043,6.403940886699507
2026,FAC,7,128,236,236,4685,236,246,0,4203,100.0,48.96265560165975,82.74894810659187,5.529332434254889
2026,GAM,7,128,252,252,4805,252,169,0,4384,100.0,59.857482185273156,88.17354793561931,3.7118383483417525
2026,HGM,7,128,239,0,0,0,0,0,0,,,,
2026,INN,7,128,239,239,4287,239,283,0,3765,100.0,45.78544061302682,80.85250338294993,6.991106719367589
2026,LLA,7,128,233,233,4668,233,272,0,4163,100.0,46.13861386138614,81.07167710508003,6.133032694475761
2026,LPR,7,128,218,218,4572,218,238,0,4116,100.0,47.80701754385965,82.07831325301204,5.466237942122186
2026,MER,7,128,212,212,4704,212,372,0,4120,100.0,36.3013698630137,74.02234636871508,8.281389136242208
2026,MGH,7,128,237,237,4881,237,265,0,4379,100.0,47.211155378486055,81.72413793103448,5.706287683031869
2026,NEZ,7,128,217,217,4316,217,267,0,3832,100.0,44.83471074380165,80.25147928994083,6.513783849719443
2026,PED,7,128,224,224,4743,224,243,0,4276,100.0,47.96573875802998,82.17168011738812,5.377295861916354
2026,SAC,7,128,179,179,3629,179,121,0,3329,100.0,59.666666666666664,88.09055118110236,3.5072463768115942
2026,SAG,7,128,146,146,3098,146,217,0,2735,100.0,40.22038567493113,77.08553326293558,7.350948509485095
2026,TLA,7,128,233,233,4233,233,214,0,3786,100.0,52.12527964205817,84.48150833937636,5.35
2026,TLI,7,128,219,219,4139,219,171,0,3749,100.0,56.15384615384615,86.49289099526067,4.362244897959184
2026,UAX,7,128,257,257,4679,257,177,0,4245,100.0,59.21658986175115,87.89329685362517,4.002713704206242
2026,UIZ,7,128,230,230,4860,230,186,0,4444,100.0,55.28846153846154,86.07784431137725,4.017278617710583
2026,VIF,7,128,226,226,4299,226,122,0,3951,100.0,64.94252873563218,90.2555910543131,2.995335133808004
2026,XAL,7,128,167,0,0,0,0,0,0,,,,
2026,ACO,7,128,217,217,3922,217,216,0,3489,100.0,50.11547344110855,83.39738662567255,5.82995951417004
2026,MON,7,128,199,199,3907,199,335,0,3373,100.0,37.265917602996254,74.81203007518798,9.034519956850055
2026,TAH,7,128,187,187,3974,187,325,0,3462,100.0,36.5234375,74.2063492063492,8.581991021917085
2026,IZT,7,128,151,151,3116,151,191,0,2774,100.0,44.15204678362573,79.80972515856237,6.441821247892074
2026,MPA,7,128,126,126,2306,126,156,0,2024,100.0,44.680851063829785,80.1526717557252,7.155963302752293
