anio,bit,delta_ppb,tipo_dano,escenarios,oportunidades,evaluables,detectadas,no_detectadas,sin_evaluacion,deteccion_pct
2024,0,1,cambio_banda_local,223488,3855,3691,671,3020,164,18.179355188295855
2024,0,1,cambio_banda_red,223488,16,15,7,8,1,46.666666666666664
2024,0,1,falsa_fase1,223488,0,0,0,0,0,
2024,0,1,anulada_fase1,223488,0,0,0,0,0,
2024,1,2,cambio_banda_local,223488,4009,3829,727,3102,180,18.986680595455734
2024,1,2,cambio_banda_red,223488,25,25,8,17,0,32.0
2024,1,2,falsa_fase1,223488,1,0,0,0,1,
2024,1,2,anulada_fase1,223488,0,0,0,0,0,
2024,2,4,cambio_banda_local,223488,11504,11027,2095,8932,477,18.99882107554185
2024,2,4,cambio_banda_red,223488,42,41,20,21,1,48.78048780487805
2024,2,4,falsa_fase1,223488,5,4,3,1,1,75.0
2024,2,4,anulada_fase1,223488,2,1,0,1,1,0.0
2024,3,8,cambio_banda_local,223488,21136,20234,4519,15715,902,22.33369575961253
2024,3,8,cambio_banda_red,223488,240,234,104,130,6,44.44444444444444
2024,3,8,falsa_fase1,223488,17,17,12,5,0,70.58823529411765
2024,3,8,anulada_fase1,223488,2,1,0,1,1,0.0
2024,4,16,cambio_banda_local,223488,24054,23007,8590,14417,1047,37.336462815664795
2024,4,16,cambio_banda_red,223488,615,602,348,254,13,57.80730897009967
2024,4,16,falsa_fase1,223488,40,39,29,10,1,74.35897435897436
2024,4,16,anulada_fase1,223488,2,1,0,1,1,0.0
2024,5,32,cambio_banda_local,223488,50969,48882,36323,12559,2087,74.30751605908105
2024,5,32,cambio_banda_red,223488,3781,3645,3029,616,136,83.10013717421126
2024,5,32,falsa_fase1,223488,350,339,285,54,11,84.070796460177
2024,5,32,anulada_fase1,223488,1,1,0,1,0,0.0
2024,6,64,cambio_banda_local,223488,223478,211228,210274,954,12250,99.54835533167952
2024,6,64,cambio_banda_red,223488,36322,34496,34416,80,1826,99.76808905380334
2024,6,64,falsa_fase1,223488,350,339,337,2,11,99.41002949852508
2024,6,64,anulada_fase1,223488,0,0,0,0,0,
2024,7,128,cambio_banda_local,223488,223488,211238,211238,0,12250,100.0
2024,7,128,cambio_banda_red,223488,179596,170516,170516,0,9080,100.0
2024,7,128,falsa_fase1,223488,99792,95415,95415,0,4377,100.0
2024,7,128,anulada_fase1,223488,3,2,2,0,1,100.0
2025,0,1,cambio_banda_local,218823,3813,3609,616,2993,204,17.068440011083403
2025,0,1,cambio_banda_red,218823,11,11,1,10,0,9.090909090909092
2025,0,1,falsa_fase1,218823,2,2,2,0,0,100.0
2025,0,1,anulada_fase1,218823,0,0,0,0,0,
2025,1,2,cambio_banda_local,218823,3880,3667,645,3022,213,17.58931006272157
2025,1,2,cambio_banda_red,218823,14,14,1,13,0,7.142857142857143
2025,1,2,falsa_fase1,218823,4,4,2,2,0,50.0
2025,1,2,anulada_fase1,218823,0,0,0,0,0,
2025,2,4,cambio_banda_local,218823,11529,10874,1977,8897,655,18.180982159279015
2025,2,4,cambio_banda_red,218823,42,42,10,32,0,23.80952380952381
2025,2,4,falsa_fase1,218823,7,7,5,2,0,71.42857142857143
2025,2,4,anulada_fase1,218823,1,1,1,0,0,100.0
2025,3,8,cambio_banda_local,218823,20601,19397,4450,14947,1204,22.941692014229005
2025,3,8,cambio_banda_red,218823,204,203,69,134,1,33.99014778325123
2025,3,8,falsa_fase1,218823,15,15,13,2,0,86.66666666666667
2025,3,8,anulada_fase1,218823,1,1,1,0,0,100.0
2025,4,16,cambio_banda_local,218823,23011,21737,8108,13629,1274,37.30045544463358
2025,4,16,cambio_banda_red,218823,563,533,222,311,30,41.651031894934334
2025,4,16,falsa_fase1,218823,82,72,58,14,10,80.55555555555556
2025,4,16,anulada_fase1,218823,1,1,0,1,0,0.0
2025,5,32,cambio_banda_local,218823,51806,48822,37376,11446,2984,76.5556511408791
2025,5,32,cambio_banda_red,218823,4163,3947,3068,879,216,77.72992145933621
2025,5,32,falsa_fase1,218823,519,474,459,15,45,96.83544303797468
2025,5,32,anulada_fase1,218823,2,2,0,2,0,0.0
2025,6,64,cambio_banda_local,218823,218823,205347,204220,1127,13476,99.45117289271332
2025,6,64,cambio_banda_red,218823,32584,30868,30759,109,1716,99.64688350395231
2025,6,64,falsa_fase1,218823,519,474,474,0,45,100.0
2025,6,64,anulada_fase1,218823,0,0,0,0,0,
2025,7,128,cambio_banda_local,218823,218823,205347,205347,0,13476,100.0
2025,7,128,cambio_banda_red,218823,176241,166002,166002,0,10239,100.0
2025,7,128,falsa_fase1,218823,100181,94658,94658,0,5523,100.0
2025,7,128,anulada_fase1,218823,3,3,3,0,0,100.0
2026,0,1,cambio_banda_local,124470,2353,2233,251,1982,120,11.240483654276758
2026,0,1,cambio_banda_red,124470,4,4,1,3,0,25.0
2026,0,1,falsa_fase1,124470,0,0,0,0,0,
2026,0,1,anulada_fase1,124470,0,0,0,0,0,
2026,1,2,cambio_banda_local,124470,2380,2261,264,1997,119,11.67624944714728
2026,1,2,cambio_banda_red,124470,3,2,0,2,1,0.0
2026,1,2,falsa_fase1,124470,0,0,0,0,0,
2026,1,2,anulada_fase1,124470,0,0,0,0,0,
2026,2,4,cambio_banda_local,124470,6839,6483,881,5602,356,13.589387629184019
2026,2,4,cambio_banda_red,124470,15,14,2,12,1,14.285714285714286
2026,2,4,falsa_fase1,124470,0,0,0,0,0,
2026,2,4,anulada_fase1,124470,1,1,0,1,0,0.0
2026,3,8,cambio_banda_local,124470,12638,11963,2283,9680,675,19.08384184569088
2026,3,8,cambio_banda_red,124470,118,114,48,66,4,42.10526315789474
2026,3,8,falsa_fase1,124470,8,7,6,1,1,85.71428571428571
2026,3,8,anulada_fase1,124470,2,2,1,1,0,50.0
2026,4,16,cambio_banda_local,124470,13886,13122,4580,8542,764,34.903215973174824
2026,4,16,cambio_banda_red,124470,270,255,123,132,15,48.23529411764706
2026,4,16,falsa_fase1,124470,40,38,30,8,2,78.94736842105263
2026,4,16,anulada_fase1,124470,2,2,1,1,0,50.0
2026,5,32,cambio_banda_local,124470,32581,30734,23932,6802,1847,77.8681590421032
2026,5,32,cambio_banda_red,124470,1510,1423,1185,238,87,83.27477160927617
2026,5,32,falsa_fase1,124470,300,277,262,15,23,94.58483754512635
2026,5,32,anulada_fase1,124470,0,0,0,0,0,
2026,6,64,cambio_banda_local,124470,124470,117064,116614,450,7406,99.61559488826624
2026,6,64,cambio_banda_red,124470,10336,9726,9679,47,610,99.5167592021386
2026,6,64,falsa_fase1,124470,300,277,277,0,23,100.0
2026,6,64,anulada_fase1,124470,0,0,0,0,0,
2026,7,128,cambio_banda_local,124470,124470,117064,117064,0,7406,100.0
2026,7,128,cambio_banda_red,124470,95110,89731,89731,0,5379,100.0
2026,7,128,falsa_fase1,124470,60095,56834,56834,0,3261,100.0
2026,7,128,anulada_fase1,124470,2,2,2,0,0,100.0
