formato,bit,tipo_dano,mensajes,peso,prob_eleccion,daninos
base,5,cambio_banda_red,218823,32,1.0,4163
base,5,falsa_fase1,218823,32,1.0,519
base,5,anulada_fase1,218823,32,1.0,2
A,5,cambio_banda_red,218823,16,0.5,682
A,9,cambio_banda_red,218823,16,0.5,682
A,5,falsa_fase1,218823,16,0.5,128
A,9,falsa_fase1,218823,16,0.5,128
A,5,anulada_fase1,218823,16,0.5,2
A,9,anulada_fase1,218823,16,0.5,2
B,4,cambio_banda_red,218823,8,0.16666666666666666,69
B,8,cambio_banda_red,218823,8,0.16666666666666666,69
B,5,cambio_banda_red,218823,8,0.16666666666666666,179
B,9,cambio_banda_red,218823,8,0.16666666666666666,179
B,10,cambio_banda_red,218823,8,0.16666666666666666,179
B,11,cambio_banda_red,218823,8,0.16666666666666666,179
B,4,falsa_fase1,218823,8,0.16666666666666666,0
B,8,falsa_fase1,218823,8,0.16666666666666666,0
B,5,falsa_fase1,218823,8,0.16666666666666666,22
B,9,falsa_fase1,218823,8,0.16666666666666666,22
B,10,falsa_fase1,218823,8,0.16666666666666666,22
B,11,falsa_fase1,218823,8,0.16666666666666666,22
B,4,anulada_fase1,218823,8,0.16666666666666666,1
B,8,anulada_fase1,218823,8,0.16666666666666666,1
B,5,anulada_fase1,218823,8,0.16666666666666666,0
B,9,anulada_fase1,218823,8,0.16666666666666666,0
B,10,anulada_fase1,218823,8,0.16666666666666666,0
B,11,anulada_fase1,218823,8,0.16666666666666666,0
