loss,mae,val_loss,val_mae
213.342529296875,10.069609642028809,147.84298706054688,8.382360458374023
175.4278106689453,9.29858112335205,126.1423568725586,8.028515815734863
142.0518035888672,8.460319519042969,124.94775390625,8.029630661010742
119.33304595947266,7.791168212890625,115.6607894897461,7.637372970581055
103.0510025024414,7.276382923126221,122.28279113769531,7.842026710510254
89.24568939208984,6.830739498138428,114.98020935058594,7.58561372756958
82.68482208251953,6.608616828918457,117.1128921508789,7.670374393463135
78.0412826538086,6.389718532562256,119.85120391845703,7.690708160400391
71.87257385253906,6.2118144035339355,113.11681365966797,7.474799156188965
69.16067504882812,6.063104152679443,112.34337615966797,7.450214862823486
65.87085723876953,5.944509029388428,122.78064727783203,7.686934471130371
60.67048263549805,5.726263999938965,140.80702209472656,8.162498474121094
58.28871536254883,5.568187236785889,140.541015625,8.139694213867188
55.22637939453125,5.491324424743652,145.6764678955078,8.269576072692871
55.52803039550781,5.513352394104004,143.7034149169922,8.212553024291992
51.072139739990234,5.257136821746826,126.55948638916016,7.781201362609863
50.7026481628418,5.272873401641846,135.95655822753906,7.996316432952881
49.42924499511719,5.173398017883301,129.32313537597656,7.859254360198975
