n_flips,ataques_base,rechazos_base,aceptados_atacados_base,cancelaciones_base,alterados_base,detectados_alterados_base,banda_local_cambiada_base,banda_local_sin_alerta_base,falsa_excedencia_base,falsa_excedencia_sin_alerta_base,ocultamiento_sin_alerta_base,ataques_B,rechazos_B,aceptados_atacados_B,cancelaciones_B,alterados_B,detectados_alterados_B,banda_local_cambiada_B,banda_local_sin_alerta_B,falsa_excedencia_B,falsa_excedencia_sin_alerta_B,ocultamiento_sin_alerta_B
1,493,256,237,0,237,136,83,6,17,0,0,493,131,362,0,362,142,86,8,17,0,0
2,520,407,113,0,113,80,66,5,17,0,0,520,253,267,28,239,152,106,5,27,0,0
3,503,453,50,0,50,43,41,2,11,0,0,503,287,216,0,216,150,114,3,32,0,0
4,507,496,11,0,11,11,11,0,6,0,0,507,375,132,1,131,108,83,2,39,1,0
5,528,522,6,0,6,6,6,0,3,0,0,528,427,101,0,101,93,71,0,33,0,0
6,523,520,3,0,3,3,3,0,3,0,0,523,451,72,0,72,68,58,1,28,0,0
7,494,494,0,0,0,0,0,0,0,0,0,494,466,28,0,28,28,25,0,17,0,0
8,528,528,0,0,0,0,0,0,0,0,0,528,510,18,0,18,16,16,0,11,0,0
9,544,544,0,0,0,0,0,0,0,0,0,544,533,11,0,11,11,11,0,6,0,0
10,549,549,0,0,0,0,0,0,0,0,0,549,545,4,0,4,4,4,0,4,0,0
11,492,492,0,0,0,0,0,0,0,0,0,492,492,0,0,0,0,0,0,0,0,0
12,570,570,0,0,0,0,0,0,0,0,0,570,570,0,0,0,0,0,0,0,0,0
13,537,537,0,0,0,0,0,0,0,0,0,537,537,0,0,0,0,0,0,0,0,0
14,509,509,0,0,0,0,0,0,0,0,0,509,509,0,0,0,0,0,0,0,0,0
15,542,542,0,0,0,0,0,0,0,0,0,542,542,0,0,0,0,0,0,0,0,0
16,538,538,0,0,0,0,0,0,0,0,0,538,538,0,0,0,0,0,0,0,0,0
