anio,bit,delta_ppb,grupo,estaciones,tp,fp,fn,tn,recall_micro_pct,precision_micro_pct,f2_micro_pct,fpr_micro_pct,recall_macro_pct,fpr_macro_pct
2024,0,1,baja_representatividad,3,71,1384,1063,20204,6.261022927689594,4.879725085910653,5.925554999165414,6.410969056883454,6.410594350252247,6.701181892952088
2024,0,1,principal,27,540,10563,8769,168644,5.800837898807606,4.863550391786004,5.585552038726494,5.894301003867036,5.848215419823747,5.983225093015647
2024,1,2,baja_representatividad,3,78,1384,1056,20204,6.878306878306878,5.33515731874145,6.50216738912971,6.410969056883454,7.041271055414101,6.701181892952088
2024,1,2,principal,27,558,10563,8751,168644,5.994199162101192,5.017534394388994,5.7695886841615485,5.894301003867036,6.057274578071731,5.983225093015647
2024,2,4,baja_representatividad,3,95,1384,1039,20204,8.37742504409171,6.423258958755916,7.896924355777224,6.410969056883454,8.537952879680718,6.701181892952088
2024,2,4,principal,27,608,10563,8701,168644,6.531313782361156,5.44266404081998,6.280083459003863,5.894301003867036,6.61585428232919,5.983225093015647
2024,3,8,baja_representatividad,3,114,1384,1020,20204,10.052910052910052,7.610146862483311,9.44647000331455,6.410969056883454,10.24593668968647,6.701181892952088
2024,3,8,principal,27,820,10563,8489,168644,8.808679772263401,7.203724852850742,8.432917172298895,5.894301003867036,9.013935796088333,5.983225093015647
2024,4,16,baja_representatividad,3,299,1384,835,20204,26.3668430335097,17.76589423648247,24.039234603634025,6.410969056883454,27.037905521859955,6.701181892952088
2024,4,16,principal,27,1801,10563,7508,168644,19.346868621763885,14.566483338725332,18.155241935483872,5.894301003867036,19.73249490474134,5.983225093015647
2024,5,32,baja_representatividad,3,843,1384,291,20204,74.33862433862434,37.85361472833408,62.32441224308739,6.410969056883454,74.54198049353353,6.701181892952088
2024,5,32,principal,27,7245,10563,2064,168644,77.8279084756687,40.68396226415094,65.8109875735775,5.894301003867036,78.015207033475,5.983225093015647
2024,6,64,baja_representatividad,3,1129,1384,5,20204,99.55908289241623,44.926382809391164,80.0822811746347,6.410969056883454,99.5577721121842,6.701181892952088
2024,6,64,principal,27,9269,10563,40,168644,99.57030830379203,46.737595804759984,81.21013527721315,5.894301003867036,99.58420930775232,5.983225093015647
2024,7,128,baja_representatividad,3,1134,1384,0,20204,100.0,45.035742652899124,80.37992628296003,6.410969056883454,100.0,6.701181892952088
2024,7,128,principal,27,9309,10563,0,168644,100.0,46.84480676328502,81.50346711494011,5.894301003867036,100.0,5.983225093015647
2025,0,1,baja_representatividad,3,81,1683,1086,20187,6.940874035989717,4.591836734693878,6.2966417910447765,7.695473251028806,6.943533503999653,7.7220210902057245
2025,0,1,principal,28,591,11369,8327,162023,6.62704642296479,4.941471571906354,6.203812562982868,6.556819230414321,6.651308076450014,6.631723931958873
2025,1,2,baja_representatividad,3,74,1683,1093,20187,6.341045415595544,4.21172453044963,5.7587548638132295,7.695473251028806,6.345810061781258,7.7220210902057245
2025,1,2,principal,28,609,11369,8309,162023,6.828885400313972,5.084321255635332,6.390346274921301,6.556819230414321,6.890598708504464,6.631723931958873
2025,2,4,baja_representatividad,3,86,1683,1081,20187,7.369323050556984,4.861503674392312,6.680130495572472,7.695473251028806,7.377055990622547,7.7220210902057245
2025,2,4,principal,28,628,11369,8290,162023,7.0419376541825525,5.234641993831791,6.58709014244058,6.556819230414321,7.025563219297694,6.631723931958873
2025,3,8,baja_representatividad,3,131,1683,1036,20187,11.225364181662382,7.221609702315325,10.104905893242826,7.695473251028806,11.168030509620328,7.7220210902057245
2025,3,8,principal,28,814,11369,8104,162023,9.12760708679076,6.681441352704589,8.504858426496709,6.556819230414321,9.2386290197653,6.631723931958873
2025,4,16,baja_representatividad,3,313,1683,854,20187,26.820908311910884,15.681362725450901,23.484393757503,7.695473251028806,26.685986647991744,7.7220210902057245
2025,4,16,principal,28,1875,11369,7043,162023,21.024893473873064,14.157354273633343,19.165508218169926,6.556819230414321,21.335625397710622,6.631723931958873
2025,5,32,baja_representatividad,3,868,1683,299,20187,74.37874892887746,34.02587220697765,60.119130073417374,7.695473251028806,74.03319772573234,7.7220210902057245
2025,5,32,principal,28,6785,11369,2133,162023,76.082081184122,37.37468326539606,63.02716159476833,6.556819230414321,75.99457809190324,6.631723931958873
2025,6,64,baja_representatividad,3,1152,1683,15,20187,98.7146529562982,40.63492063492063,76.76929228308677,7.695473251028806,98.68358899621637,7.7220210902057245
2025,6,64,principal,28,8849,11369,69,162023,99.22628392016148,43.76792956771194,79.16443013061371,6.556819230414321,99.25332891001426,6.631723931958873
2025,7,128,baja_representatividad,3,1167,1683,0,20187,100.0,40.94736842105263,77.61372705506784,7.695473251028806,100.0,7.7220210902057245
2025,7,128,principal,28,8918,11369,0,162023,100.0,43.959185685414305,79.68333958791258,6.556819230414321,100.0,6.631723931958873
2026,0,1,baja_representatividad,3,40,707,640,11131,5.882352941176471,5.35475234270415,5.768676088837612,5.972292616996114,5.891846451828111,5.957951313830268
2026,0,1,principal,25,303,6000,4919,93324,5.802374569130602,4.8072346501665875,5.571696517229966,6.040836051709556,5.920122312423368,6.052630615194155
2026,1,2,baja_representatividad,3,42,707,638,11131,6.176470588235294,5.607476635514018,6.053617757278754,5.972292616996114,6.19008990075649,5.957951313830268
2026,1,2,principal,25,312,6000,4910,93324,5.974722328609728,4.942965779467681,5.735294117647059,6.040836051709556,6.091912042433848,6.052630615194155
2026,2,4,baja_representatividad,3,44,707,636,11131,6.470588235294118,5.858854860186418,6.338231057332181,5.972292616996114,6.4817669162255624,5.957951313830268
2026,2,4,principal,25,348,6000,4874,93324,6.6641133665262355,5.482041587901701,6.388603319136437,6.040836051709556,6.8090306748519,6.052630615194155
2026,3,8,baja_representatividad,3,72,707,608,11131,10.588235294117647,9.242618741976893,10.288653901114603,5.972292616996114,10.423081418094888,5.957951313830268
2026,3,8,principal,25,490,6000,4732,93324,9.383378016085791,7.550077041602465,8.94879100007305,6.040836051709556,9.48576702917634,6.052630615194155
2026,4,16,baja_representatividad,3,191,707,489,11131,28.08823529411765,21.26948775055679,26.395798783858485,5.972292616996114,27.681863097693896,5.957951313830268
2026,4,16,principal,25,1002,6000,4220,93324,19.18805055534278,14.310197086546701,17.963427751882396,6.040836051709556,19.473010849504444,6.052630615194155
2026,5,32,baja_representatividad,3,499,707,181,11131,73.38235294117646,41.376451077943614,63.55068772287316,5.972292616996114,72.92005423202762,5.957951313830268
2026,5,32,principal,25,3993,6000,1229,93324,76.46495595557258,39.95797057940558,64.65140377578446,6.040836051709556,76.22106966474145,6.052630615194155
2026,6,64,baja_representatividad,3,666,707,14,11131,97.94117647058823,48.50691915513474,81.35841680918642,5.972292616996114,97.89378419515405,5.957951313830268
2026,6,64,principal,25,5191,6000,31,93324,99.40635771734968,46.385488338843714,80.90962935253593,6.040836051709556,99.42071676681203,6.052630615194155
2026,7,128,baja_representatividad,3,680,707,0,11131,100.0,49.02667627974045,82.7854881908936,5.972292616996114,100.0,5.957951313830268
2026,7,128,principal,25,5222,6000,0,93324,100.0,46.53359472464801,81.31423232637808,6.040836051709556,100.0,6.052630615194155
