timestamp,ACO_valor,AJM_valor,AJU_valor,ATI_valor,BJU_valor,CAM_valor,CHO_valor,CUA_valor,CUT_valor,FAC_valor,FAR_valor,GAM_valor,HGM_valor,INN_valor,IZT_valor,LLA_valor,LPR_valor,MER_valor,MGH_valor,MON_valor,MPA_valor,NEZ_valor,PED_valor,SAC_valor,SAG_valor,TAH_valor,TLA_valor,TLI_valor,UAX_valor,UIZ_valor,VIF_valor,XAL_valor,ACO_mascara,AJM_mascara,AJU_mascara,ATI_mascara,BJU_mascara,CAM_mascara,CHO_mascara,CUA_mascara,CUT_mascara,FAC_mascara,FAR_mascara,GAM_mascara,HGM_mascara,INN_mascara,IZT_mascara,LLA_mascara,LPR_mascara,MER_mascara,MGH_mascara,MON_mascara,MPA_mascara,NEZ_mascara,PED_mascara,SAC_mascara,SAG_mascara,TAH_mascara,TLA_mascara,TLI_mascara,UAX_mascara,UIZ_mascara,VIF_mascara,XAL_mascara,hora_sin,hora_cos
2020-01-01 03:00:00,0,0,0,-1.16035,-1.00425,-0.845593,0,-1.21937,-0.915811,-1.10204,-0.748385,-1.06326,0,-0.377729,-1.01741,-0.960874,-1.04163,-0.928182,-1.02511,-0.348648,-0.630102,-0.734888,-1.22677,-0.328432,-0.776775,-0.995406,-1.01604,-0.792199,-0.702047,-0.708499,-1.03303,0,0,0,0,1,1,1,0,1,1,1,1,1,0,1,1,1,1,1,1,1,1,1,1,1,1,1,1,1,1,1,1,0,0.707107,0.707107
2020-01-01 04:00:00,0,0,0,-1.20546,-1.04028,-0.807023,0,-0.82336,-0.954917,-1.10204,-1.01604,-1.06326,0,-0.494053,-0.981726,-0.960874,-1.04163,-0.89152,-1.02511,-0.307271,-0.674551,-0.926108,-1.19014,-0.36828,-0.91637,-0.995406,-1.01604,-0.831505,-0.808644,-0.743697,-0.99165,0,0,0,0,1,1,1,0,1,1,1,1,1,0,1,1,1,1,1,1,1,1,1,1,1,1,1,1,1,1,1,1,0,0.866025,0.5
2020-01-01 05:00:00,0,0,0,-1.20546,-1.0763,-0.845593,0,-0.664957,-0.954917,-1.14411,-1.13075,-1.06326,0,-0.552215,-1.01741,-0.870677,-1.04163,-0.89152,-0.989229,-0.390026,-0.763448,-1.11733,-1.19014,-0.487822,-1.00943,-0.917177,-1.01604,-0.870812,-0.773112,-0.814094,-0.99165,0,0,0,0,1,1,1,0,1,1,1,1,1,0,1,1,1,1,1,1,1,1,1,1,1,1,1,1,1,1,1,1,0,0.965926,0.258819
2020-01-01 06:00:00,0,0,0,-1.20546,-1.04028,-0.845593,0,-0.664957,-0.994024,-1.10204,-1.09251,-1.06326,0,-0.494053,-1.01741,-0.825579,-1.04163,-0.89152,-0.989229,-0.472781,-0.896793,-0.964351,-1.15351,-0.806602,-0.962901,-0.917177,-1.05783,-0.988733,-0.702047,-0.91969,-0.99165,0,0,0,0,1,1,1,0,1,1,1,1,1,0,1,1,1,1,1,1,1,1,1,1,1,1,1,1,1,1,1,1,0,1,6.12323e-17
2020-01-01 07:00:00,0,0,0,-1.16035,-1.04028,-0.845593,0,-0.902562,-0.994024,-1.10204,-0.863094,-1.02667,0,-0.435891,-1.01741,-0.870677,-1.04163,-0.89152,-0.989229,-0.431404,-0.896793,-0.84962,-1.08025,-0.726907,-0.869838,-0.956292,-1.01604,-0.870812,-0.737579,-0.990088,-1.03303,0,0,0,0,1,1,1,0,1,1,1,1,1,0,1,1,1,1,1,1,1,1,1,1,1,1,1,1,1,1,1,1,0,0.965926,-0.258819
2020-01-01 08:00:00,0,0,0,-0.844631,-0.824126,-0.691315,0,-0.704558,-0.954917,-0.849595,-0.633675,-0.733936,0,-0.435891,-0.838998,-0.825579,-0.867438,-0.744872,-0.666285,-0.307271,-0.807896,-0.581913,-0.750566,-0.567517,-0.451055,-0.721607,-0.723453,-0.634971,-0.559918,-0.6733,-0.950265,0,0,0,0,1,1,1,0,1,1,1,1,1,0,1,1,1,1,1,1,1,1,1,1,1,1,1,1,1,1,1,1,0,0.866025,-0.5
2020-01-01 09:00:00,0,0,0,-0.348493,-0.24772,-0.112776,0,-0.546155,0.022742,-0.0922622,-0.251309,-0.111874,0,-0.494053,-0.268089,-0.284396,-0.475496,0.0616909,-0.163927,-0.183138,-0.674551,-0.275963,-0.201098,-0.328432,-0.0322719,-0.252237,-0.0964877,-0.202596,-0.275658,-0.356512,-0.122562,0,0,0,0,1,1,1,0,1,1,1,1,1,0,1,1,1,1,1,1,1,1,1,1,1,1,1,1,1,1,1,1,0,0.707107,-0.707107
2020-01-01 10:00:00,0,0,0,0.192747,-0.0315675,0.350055,0,-0.0709455,1.27415,0.286404,-0.0601267,0.034493,0,-0.494053,-0.232407,0.0312944,-0.25775,0.135015,0.0154862,-0.14176,-0.496757,-0.0847436,0.385001,-0.20889,0.107322,-0.174008,0.279691,0.151166,-0.240126,-0.250916,0.0843633,0,0,0,0,1,1,1,0,1,1,1,1,1,0,1,1,1,1,1,1,1,1,1,1,1,1,1,1,1,1,1,1,0,0.5,-0.866025
2020-01-01 11:00:00,0,0,0,0.373161,-0.0315675,0.157209,0,0.20626,0.570231,0.4547,-0.0218901,0.0710848,0,-0.377729,-0.196725,0.16659,-0.25775,0.0983529,0.0872516,-0.0590046,-0.585654,-0.0464998,0.348369,-0.20889,0.107322,-0.213122,0.154298,0.190473,-0.204594,-0.250916,0.0429781,0,0,0,0,1,1,1,0,1,1,1,1,1,0,1,1,1,1,1,1,1,1,1,1,1,1,1,1,1,1,1,1,0,0.258819,-0.965926
2020-01-01 12:00:00,0,0,0,0.0123338,-0.139644,0.272917,0,-0.387752,0.413806,0.118108,0.0163464,-0.00209886,0,-0.319566,-0.196725,0.16659,-0.25775,0.0983529,0.123134,-0.0590046,-0.541206,-0.0464998,0.311738,-0.169042,0.107322,-0.174008,0.196096,0.22978,-0.0979966,-0.286115,0.0429781,0,0,0,0,1,1,1,0,1,1,1,1,1,0,1,1,1,1,1,1,1,1,1,1,1,1,1,1,1,1,1,1,0,1.22465e-16,-1
2020-01-01 13:00:00,0,0,0,-0.348493,-0.0315675,0.350055,0,-0.744159,0.413806,-0.218484,0.054583,-0.00209886,0,-0.261404,-0.0539979,0.211689,-0.0835536,0.208339,-0.0203965,-0.0176269,-0.541206,0.0299878,0.311738,-0.089347,0.153854,-0.0566658,-0.05469,0.3477,0.0441329,-0.250916,0.00159303,0,0,0,0,1,1,1,0,1,1,1,1,1,0,1,1,1,1,1,1,1,1,1,1,1,1,1,1,1,1,1,1,0,-0.258819,-0.965926
2020-01-01 14:00:00,0,0,0,-0.258287,0.112534,0.427194,0,-0.585756,0.140061,-0.134336,0.131056,0.144269,0,-0.261404,0.0530476,0.346984,-0.170652,0.318325,0.0154862,0.106506,-0.40786,0.144719,-0.0912049,-0.009652,0.246917,0.0606767,-0.180083,-0.00606151,0.257327,-0.110122,0.0429781,0,0,0,0,1,1,1,0,1,1,1,1,1,0,1,1,1,1,1,1,1,1,1,1,1,1,1,1,1,1,1,1,0,-0.5,-0.866025
2020-01-01 15:00:00,0,0,0,-0.213183,0.0765086,0.465763,0,-0.585756,0.140061,-0.134336,0.169293,0.217452,0,-0.261404,0,0.392083,-0.214201,0.354987,-0.0562792,0.147884,-0.585654,0.106475,-0.23773,0.0301955,0.246917,-0.0566658,-0.138285,-0.00606151,0.186262,-0.0397247,0.125748,0,0,0,0,1,1,1,0,1,1,1,1,1,0,1,0,1,1,1,1,1,1,1,1,1,1,1,1,1,1,1,1,0,-0.707107,-0.707107
2020-01-01 16:00:00,0,0,0,-0.213183,0.00445784,0.272917,0,-0.585756,-0.0163643,-0.218484,0.0928195,0.144269,0,-0.377729,0,0.301886,-0.214201,0.208339,-0.19981,0.106506,-0.541206,0.0682316,-0.23773,-0.009652,0.200385,-0.0175516,-0.180083,-0.0453684,0.0796653,-0.145321,0.0429781,0,0,0,0,1,1,1,0,1,1,1,1,1,0,1,0,1,1,1,1,1,1,1,1,1,1,1,1,1,1,1,1,0,-0.866025,-0.5
2020-01-01 17:00:00,0,0,0,-0.348493,-0.139644,0.195778,0,-0.744159,-0.133683,-0.302632,-0.0601267,-0.0386907,0,-0.494053,0,0.121492,-0.25775,0.0983529,-0.415106,-0.0176269,-0.40786,-0.00825599,-0.384254,-0.089347,0.0142595,0.0215626,-0.263678,-0.163289,0.0441329,-0.145321,-0.163947,0,0,0,0,1,1,1,0,1,1,1,1,1,0,1,0,1,1,1,1,1,1,1,1,1,1,1,1,1,1,1,1,0,-0.965926,-0.258819
2020-01-01 18:00:00,0,0,0,-0.57401,-0.283745,0.00293156,0,-0.862961,-0.368322,-0.470929,-0.1366,-0.185058,0,-0.66854,0,-0.104001,-0.344848,-0.048295,-0.522754,-0.14176,-0.363412,-0.0464998,-0.494148,-0.089347,-0.218398,0.0606767,-0.389071,-0.320516,0.00860052,-0.180519,-0.370873,0,0,0,0,1,1,1,0,1,1,1,1,1,0,1,0,1,1,1,1,1,1,1,1,1,1,1,1,1,1,1,1,0,-1,-1.83697e-16
2020-01-01 19:00:00,0,0,0,-0.619114,-0.355796,-0.112776,0,-0.862961,-0.446534,-0.513003,-0.289546,-0.22165,0,-0.726702,0,-0.239297,-0.388398,-0.158281,-0.522754,-0.183138,-0.541206,-0.237719,-0.530779,-0.20889,-0.357992,-0.174008,-0.430869,-0.320516,-0.133529,-0.250916,-0.495028,0,0,0,0,1,1,1,0,1,1,1,1,1,0,1,0,1,1,1,1,1,1,1,1,1,1,1,1,1,1,1,1,0,-0.965926,0.258819
2020-01-01 20:00:00,0,0,0,-0.619114,-0.427847,-0.189915,0,-0.82336,-0.563854,-0.597151,-0.442492,-0.404609,0,-0.726702,0,-0.374593,-0.475496,-0.304929,-0.522754,-0.224515,-0.718999,-0.314207,-0.640673,-0.408127,-0.497587,-0.408693,-0.472667,-0.438437,-0.240126,-0.391711,-0.619184,0,0,0,0,1,1,1,0,1,1,1,1,1,0,1,0,1,1,1,1,1,1,1,1,1,1,1,1,1,1,1,1,0,-0.866025,0.5
2020-01-01 21:00:00,0,0,0,-0.528907,-0.535923,-0.305623,0,-0.862961,-0.563854,-0.513003,-0.557202,-0.550977,0,-0.784864,0,-0.509889,-0.736791,-0.488239,-0.594519,-0.224515,-0.807896,-0.390694,-0.713935,-0.447975,-0.683712,-0.486922,-0.472667,-0.517051,-0.417788,-0.497307,-0.784724,0,0,0,0,1,1,1,0,1,1,1,1,1,0,1,0,1,1,1,1,1,1,1,1,1,1,1,1,1,1,1,1,0,-0.707107,0.707107
2020-01-01 22:00:00,0,0,0,-0.57401,-0.643999,-0.382761,0,-0.942163,-0.681173,-0.597151,-0.671912,-0.550977,0,-0.843027,0,-0.645184,-0.606143,-0.524901,-0.809816,-0.307271,-0.852345,-0.467182,0,-0.487822,-0.683712,-0.643378,-0.556262,-0.556357,-0.559918,-0.532505,-0.867494,0,0,0,0,1,1,1,0,1,1,1,1,1,0,1,0,1,1,1,1,1,1,1,0,1,1,1,1,1,1,1,1,0,-0.5,0.866025
2020-01-01 23:00:00,0,0,0,0,0,0,0,0,0,0,0,0,0,0,0,0,0,0,0,0,0,0,0,0,0,0,0,0,0,0,0,0,0,0,0,0,0,0,0,0,0,0,0,0,0,0,0,0,0,0,0,0,0,0,0,0,0,0,0,0,0,0,0,0,-0.258819,0.965926
2020-01-02 00:00:00,0,0,0,0,0,0,0,0,0,0,0,0,0,0,0,0,0,0,0,0,0,0,0,0,0,0,0,0,0,0,0,0,0,0,0,0,0,0,0,0,0,0,0,0,0,0,0,0,0,0,0,0,0,0,0,0,0,0,0,0,0,0,0,0,0,1
2020-01-02 01:00:00,0,0,0,0,0,0,0,0,0,0,0,0,0,0,0,0,0,0,0,0,0,0,0,0,0,0,0,0,0,0,0,0,0,0,0,0,0,0,0,0,0,0,0,0,0,0,0,0,0,0,0,0,0,0,0,0,0,0,0,0,0,0,0,0,0.258819,0.965926
2020-01-02 02:00:00,0,0,0,0,0,0,0,0,0,0,0,0,0,0,0,0,0,0,0,0,0,0,0,0,0,0,0,0,0,0,0,0,0,0,0,0,0,0,0,0,0,0,0,0,0,0,0,0,0,0,0,0,0,0,0,0,0,0,0,0,0,0,0,0,0.5,0.866025
