fecha_hora,accion,objetivo,resultado,detalle,carpeta,ENTRENAR,SUSTITUIR,VERIFICAR_REPRODUCIBILIDAD,EVALUAR_PRUEBA,OBJETIVOS,clasificacion,epoca_E,epocas_seleccion_ejecutadas,val_loss_minimo,n_ajuste_inicial,n_validacion,n_ajuste_definitivo,n_calibracion,umbral_p95_ppb,segundos,semilla,unidades,batch,max_epocas,paciencia,shuffle,canales_inactivos,tensorflow,keras,sha256_modelo,origen_registro
2026-10-04T23:10:46-06:00,entrenar_knn,ACO,entrenado,k*=8; k=4: val=94.0; k=8: val=90.9; k=16: val=93.0; k=32: val=94.7,/home/kali-lab-jelb/MaestriaPCIC/Tesis/lorawan11-rama-detection/results/vecinas_cercanas_v1/estaciones/ACO,,,,,,principal,13,21,90.86796569824219,6613,6799,13412,6745,19.800754161328065,91.4,42,64,64,60,8,True,XAL,2.22.0-rc0,3.16.0.dev2026092204,86ca2ee61515fffb56519517b52838ac4539e6994861239a72dd5afa221acb56,experiments/vecinas/ejecutar.py
2026-10-04T23:11:27-06:00,entrenar_knn,AJM,entrenado,k*=4; k=4: val=209.8; k=8: val=235.4; k=16: val=215.8; k=32: val=212.4,/home/kali-lab-jelb/MaestriaPCIC/Tesis/lorawan11-rama-detection/results/vecinas_cercanas_v1/estaciones/AJM,,,,,,baja_representatividad,10,18,209.8145294189453,2489,4679,7168,6931,25.673672596613567,41.1,42,64,64,60,8,True,XAL,2.22.0-rc0,3.16.0.dev2026092204,4c1486c969e8cac014f86d346d7fa569e18d3900620f5102c7381809c0a2e9cd,experiments/vecinas/ejecutar.py
2026-10-04T23:12:32-06:00,entrenar_knn,AJU,entrenado,k*=16; k=4: val=143.4; k=8: val=145.9; k=16: val=137.9; k=32: val=144.9,/home/kali-lab-jelb/MaestriaPCIC/Tesis/lorawan11-rama-detection/results/vecinas_cercanas_v1/estaciones/AJU,,,,,,principal,3,11,137.88531494140625,9849,5166,15015,8213,26.74055622855386,64.4,42,64,64,60,8,True,XAL,2.22.0-rc0,3.16.0.dev2026092204,6caeb2395142ddc30f6511568b7ab01b68924f4980ad1f953afdcccf25361528,experiments/vecinas/ejecutar.py
2026-10-04T23:14:36-06:00,entrenar_knn,ATI,entrenado,k*=4; k=4: val=97.4; k=8: val=97.9; k=16: val=114.8; k=32: val=108.2,/home/kali-lab-jelb/MaestriaPCIC/Tesis/lorawan11-rama-detection/results/vecinas_cercanas_v1/estaciones/ATI,,,,,,principal,10,18,97.37006378173828,15880,7512,23392,4992,19.085493426095873,124.8,42,64,64,60,8,True,XAL,2.22.0-rc0,3.16.0.dev2026092204,c471fd5cdf0cb3bcdb6043eee78c75e6faf7942bed22a74912d0d815c06c0057,experiments/vecinas/ejecutar.py
2026-10-04T23:16:25-06:00,entrenar_knn,BJU,entrenado,k*=4; k=4: val=115.7; k=8: val=148.2; k=16: val=150.2; k=32: val=161.1,/home/kali-lab-jelb/MaestriaPCIC/Tesis/lorawan11-rama-detection/results/vecinas_cercanas_v1/estaciones/BJU,,,,,,principal,7,15,115.68872833251953,16234,7583,23817,8030,19.157955006190683,108.3,42,64,64,60,8,True,XAL,2.22.0-rc0,3.16.0.dev2026092204,f5992ac277a0cb17892042448fbffd19913ec72d9d297145e9cb1e9f90406436,experiments/vecinas/ejecutar.py
2026-10-04T23:18:50-06:00,entrenar_knn,CAM,entrenado,k*=8; k=4: val=107.6; k=8: val=98.9; k=16: val=108.8; k=32: val=113.2,/home/kali-lab-jelb/MaestriaPCIC/Tesis/lorawan11-rama-detection/results/vecinas_cercanas_v1/estaciones/CAM,,,,,,principal,12,20,98.93095397949219,16586,6586,23172,6356,21.48061846769773,144.9,42,64,64,60,8,True,XAL,2.22.0-rc0,3.16.0.dev2026092204,4f2d13a71cb20cd84fdc100dac4dd9081f85b2a3f63fac4539554d941c182abd,experiments/vecinas/ejecutar.py
2026-10-04T23:21:00-06:00,entrenar_knn,CCA,entrenado,k*=4; k=4: val=131.6; k=8: val=156.9; k=16: val=152.4; k=32: val=154.0,/home/kali-lab-jelb/MaestriaPCIC/Tesis/lorawan11-rama-detection/results/vecinas_cercanas_v1/estaciones/CCA,,,,,,principal,11,19,131.61575317382812,16184,8342,24526,8156,22.206081492560248,130.0,42,64,64,60,8,True,XAL,2.22.0-rc0,3.16.0.dev2026092204,5fb93ef2dad583cd52ed6fd567b6ce3f3d40d68d99d5d535a621308f68fd97e2,experiments/vecinas/ejecutar.py
2026-10-04T23:21:51-06:00,entrenar_knn,CHO,entrenado,k*=8; k=4: val=122.1; k=8: val=119.0; k=16: val=123.3; k=32: val=129.7,/home/kali-lab-jelb/MaestriaPCIC/Tesis/lorawan11-rama-detection/results/vecinas_cercanas_v1/estaciones/CHO,,,,,,principal,4,12,119.02752685546875,6310,6779,13089,7314,19.12245877413521,51.4,42,64,64,60,8,True,XAL,2.22.0-rc0,3.16.0.dev2026092204,748c31577c6bdcca633f480f6e4fdf2c4ea0148670465c286efea22fb4a0d96e,experiments/vecinas/ejecutar.py
2026-10-04T23:23:07-06:00,entrenar_knn,CUA,entrenado,k*=4; k=4: val=121.6; k=8: val=144.2; k=16: val=138.8; k=32: val=159.6,/home/kali-lab-jelb/MaestriaPCIC/Tesis/lorawan11-rama-detection/results/vecinas_cercanas_v1/estaciones/CUA,,,,,,principal,6,14,121.60260009765625,10079,8149,18228,8235,24.829466623264345,76.1,42,64,64,60,8,True,XAL,2.22.0-rc0,3.16.0.dev2026092204,cb8120790eb7071d8e17eeea8fce7fbdc68e4731be79bd2094af8670607cec27,experiments/vecinas/ejecutar.py
2026-10-04T23:24:59-06:00,entrenar_knn,CUT,entrenado,k*=4; k=4: val=92.1; k=8: val=105.0; k=16: val=114.8; k=32: val=117.5,/home/kali-lab-jelb/MaestriaPCIC/Tesis/lorawan11-rama-detection/results/vecinas_cercanas_v1/estaciones/CUT,,,,,,principal,10,18,92.10867309570312,14590,7731,22321,7358,20.610180101158843,111.5,42,64,64,60,8,True,XAL,2.22.0-rc0,3.16.0.dev2026092204,ca8098e289972fcac143fe78a8b30dd1fa97b530b988f22b121e977dbc37f242,experiments/vecinas/ejecutar.py
2026-10-04T23:36:59-06:00,entrenar_knn,FAC,entrenado,k*=4; k=4: val=82.3; k=8: val=84.3; k=16: val=97.5; k=32: val=103.8,/home/kali-lab-jelb/MaestriaPCIC/Tesis/lorawan11-rama-detection/results/vecinas_cercanas_v1/estaciones/FAC,,,,,,principal,10,18,82.30135345458984,16225,7848,24073,8179,23.338935585860362,148.6,42,64,64,60,8,True,XAL,2.22.0-rc0,3.16.0.dev2026092204,e4d409b49dc9af1257cba1626fd2c0cf62ade1edd6311bade9bb1ddcb848c550,experiments/vecinas/ejecutar.py
2026-10-04T23:38:33-06:00,entrenar_knn,FAR,entrenado,k*=4; k=4: val=78.6; k=8: val=87.7; k=16: val=102.5; k=32: val=110.6,/home/kali-lab-jelb/MaestriaPCIC/Tesis/lorawan11-rama-detection/results/vecinas_cercanas_v1/estaciones/FAR,,,,,,principal,6,14,78.5634536743164,14527,8149,22676,7742,18.77713752746582,93.9,42,64,64,60,8,True,XAL,2.22.0-rc0,3.16.0.dev2026092204,ead2a40f0643ac1f2bf714eb2947c3c85abbe0b62c786626086a1acd1bdf7a25,experiments/vecinas/ejecutar.py
2026-10-04T23:40:26-06:00,entrenar_knn,GAM,entrenado,k*=4; k=4: val=78.3; k=8: val=94.9; k=16: val=119.0; k=32: val=115.0,/home/kali-lab-jelb/MaestriaPCIC/Tesis/lorawan11-rama-detection/results/vecinas_cercanas_v1/estaciones/GAM,,,,,,principal,9,17,78.29057312011719,14950,8197,23147,5668,23.590040262043463,112.4,42,64,64,60,8,True,XAL,2.22.0-rc0,3.16.0.dev2026092204,4f3cee1b69bee16ed64e6bdbe6bc52abb6a01d208038036ecf80a84540be4c63,experiments/vecinas/ejecutar.py
2026-10-04T23:41:52-06:00,entrenar_knn,INN,entrenado,k*=4; k=4: val=86.8; k=8: val=94.4; k=16: val=96.2; k=32: val=101.9,/home/kali-lab-jelb/MaestriaPCIC/Tesis/lorawan11-rama-detection/results/vecinas_cercanas_v1/estaciones/INN,,,,,,baja_representatividad,4,12,86.80291748046875,16195,7672,23867,2950,17.427661944712906,86.3,42,64,64,60,8,True,XAL,2.22.0-rc0,3.16.0.dev2026092204,fcc0504831ced8a4f15f610884e9d1210c734ef7945ab15fad5ef10ba4696957,experiments/vecinas/ejecutar.py
2026-10-04T23:43:02-06:00,entrenar_knn,IZT,entrenado,k*=4; k=4: val=120.6; k=8: val=136.6; k=16: val=143.1; k=32: val=159.3,/home/kali-lab-jelb/MaestriaPCIC/Tesis/lorawan11-rama-detection/results/vecinas_cercanas_v1/estaciones/IZT,,,,,,principal,6,14,120.60932922363281,9916,6326,16242,7570,21.092692282547553,70.3,42,64,64,60,8,True,XAL,2.22.0-rc0,3.16.0.dev2026092204,e08ef08d7511f1c86ee22b5b63e259a30d21b5caa2788f2b71064c7ce69d9365,experiments/vecinas/ejecutar.py
2026-10-04T23:44:33-06:00,entrenar_knn,LLA,entrenado,k*=4; k=4: val=78.6; k=8: val=98.2; k=16: val=104.2; k=32: val=93.6,/home/kali-lab-jelb/MaestriaPCIC/Tesis/lorawan11-rama-detection/results/vecinas_cercanas_v1/estaciones/LLA,,,,,,principal,11,19,78.56708526611328,9407,7601,17008,7148,20.371063906805855,90.7,42,64,64,60,8,True,XAL,2.22.0-rc0,3.16.0.dev2026092204,02632252321f8d399a827c5b4881426cd4723c2d79c7209b11a62911010141e7,experiments/vecinas/ejecutar.py
2026-10-04T23:46:48-06:00,entrenar_knn,LPR,entrenado,k*=4; k=4: val=91.3; k=8: val=97.6; k=16: val=99.4; k=32: val=111.0,/home/kali-lab-jelb/MaestriaPCIC/Tesis/lorawan11-rama-detection/results/vecinas_cercanas_v1/estaciones/LPR,,,,,,principal,13,21,91.32417297363281,13482,7958,21440,8402,21.037089545757343,134.8,42,64,64,60,8,True,XAL,2.22.0-rc0,3.16.0.dev2026092204,56a0733d05a3d292a3ed018d0c3d8e4b4661c4d0ac8919a34632432748e23362,experiments/vecinas/ejecutar.py
2026-10-04T23:48:19-06:00,entrenar_knn,MER,entrenado,k*=8; k=4: val=113.4; k=8: val=106.0; k=16: val=106.5; k=32: val=127.4,/home/kali-lab-jelb/MaestriaPCIC/Tesis/lorawan11-rama-detection/results/vecinas_cercanas_v1/estaciones/MER,,,,,,principal,2,10,106.02619171142578,16652,7885,24537,7537,20.49000571114676,90.7,42,64,64,60,8,True,XAL,2.22.0-rc0,3.16.0.dev2026092204,f0d7544315355af24381c5a646a9f6680ab9813e8cec203b38793a3719a337d1,experiments/vecinas/ejecutar.py
2026-10-04T23:50:18-06:00,entrenar_knn,MGH,entrenado,k*=8; k=4: val=121.0; k=8: val=108.8; k=16: val=115.5; k=32: val=138.3,/home/kali-lab-jelb/MaestriaPCIC/Tesis/lorawan11-rama-detection/results/vecinas_cercanas_v1/estaciones/MGH,,,,,,principal,7,15,108.7986831665039,16189,8298,24487,7835,21.701624949947817,119.5,42,64,64,60,8,True,XAL,2.22.0-rc0,3.16.0.dev2026092204,7cfb4c15daedc903e22ad7e6f430c6cca02cbcfa7ac2115216a99730e9dbe792,experiments/vecinas/ejecutar.py
2026-10-04T23:51:46-06:00,entrenar_knn,MON,entrenado,k*=4; k=4: val=116.7; k=8: val=120.2; k=16: val=128.0; k=32: val=136.6,/home/kali-lab-jelb/MaestriaPCIC/Tesis/lorawan11-rama-detection/results/vecinas_cercanas_v1/estaciones/MON,,,,,,principal,6,14,116.73371124267578,13608,6822,20430,7371,22.160053968429565,88.1,42,64,64,60,8,True,XAL,2.22.0-rc0,3.16.0.dev2026092204,75901068a3501da00d85dfe57972dbae113ec497fd6aa73bb62718b6a555f5c6,experiments/vecinas/ejecutar.py
2026-10-04T23:53:24-06:00,entrenar_knn,MPA,entrenado,k*=4; k=4: val=133.5; k=8: val=138.8; k=16: val=148.3; k=32: val=153.6,/home/kali-lab-jelb/MaestriaPCIC/Tesis/lorawan11-rama-detection/results/vecinas_cercanas_v1/estaciones/MPA,,,,,,principal,10,18,133.5126953125,11404,6245,17649,7490,22.258848479815885,97.3,42,64,64,60,8,True,XAL,2.22.0-rc0,3.16.0.dev2026092204,a3823154cbf23a197889e80f273b1519fbd03b33b23c0cc4b2fa61e81b56af4c,experiments/vecinas/ejecutar.py
2026-10-04T23:55:06-06:00,entrenar_knn,NEZ,entrenado,k*=16; k=4: val=100.5; k=8: val=102.9; k=16: val=96.1; k=32: val=115.7,/home/kali-lab-jelb/MaestriaPCIC/Tesis/lorawan11-rama-detection/results/vecinas_cercanas_v1/estaciones/NEZ,,,,,,principal,5,13,96.08184051513672,15378,7839,23217,7509,22.9625653675624,102.2,42,64,64,60,8,True,XAL,2.22.0-rc0,3.16.0.dev2026092204,d95c8c6130dd10f0bbce300a6be8a3d31c43fb3b2cfba53e92985640debbba7a,experiments/vecinas/ejecutar.py
2026-10-04T23:57:52-06:00,entrenar_knn,PED,entrenado,k*=4; k=4: val=114.9; k=8: val=156.4; k=16: val=135.4; k=32: val=152.3,/home/kali-lab-jelb/MaestriaPCIC/Tesis/lorawan11-rama-detection/results/vecinas_cercanas_v1/estaciones/PED,,,,,,principal,16,24,114.93474578857422,16215,6492,22707,6738,22.86218863496412,166.2,42,64,64,60,8,True,XAL,2.22.0-rc0,3.16.0.dev2026092204,07c11ee3f8bb4291a39bfc191ee40132974ddb0d8f5db1df10ff0175f742a1be,experiments/vecinas/ejecutar.py
2026-10-05T00:00:13-06:00,entrenar_knn,SAC,entrenado,k*=4; k=4: val=119.4; k=8: val=122.4; k=16: val=124.0; k=32: val=129.5,/home/kali-lab-jelb/MaestriaPCIC/Tesis/lorawan11-rama-detection/results/vecinas_cercanas_v1/estaciones/SAC,,,,,,principal,11,19,119.43402862548828,15714,7345,23059,6360,24.62487771098427,140.8,42,64,64,60,8,True,XAL,2.22.0-rc0,3.16.0.dev2026092204,48d47e218cbb8c3603d727c565b4b9e9036c9324e8182fd95713d59e699ad157,experiments/vecinas/ejecutar.py
2026-10-05T00:02:35-06:00,entrenar_knn,SAG,entrenado,k*=4; k=4: val=70.6; k=8: val=74.4; k=16: val=96.9; k=32: val=86.9,/home/kali-lab-jelb/MaestriaPCIC/Tesis/lorawan11-rama-detection/results/vecinas_cercanas_v1/estaciones/SAG,,,,,,principal,13,21,70.63737487792969,14524,8341,22865,6683,20.98105657153896,142.0,42,64,64,60,8,True,XAL,2.22.0-rc0,3.16.0.dev2026092204,1d60b3b08f1f78b388d90bfc8ff4a2c7249a8bbb3f87a1ea05b7f2e64caaaa01,experiments/vecinas/ejecutar.py
2026-10-05T00:04:17-06:00,entrenar_knn,TAH,entrenado,k*=4; k=4: val=99.9; k=8: val=102.4; k=16: val=107.2; k=32: val=126.0,/home/kali-lab-jelb/MaestriaPCIC/Tesis/lorawan11-rama-detection/results/vecinas_cercanas_v1/estaciones/TAH,,,,,,principal,7,15,99.92616271972656,14790,7577,22367,5168,20.29439635276794,102.2,42,64,64,60,8,True,XAL,2.22.0-rc0,3.16.0.dev2026092204,f30652682fa721733a707c038d9c61c70bb08a3e6c8e7e0cfb01aab0543a1120,experiments/vecinas/ejecutar.py
2026-10-05T00:07:15-06:00,entrenar_knn,TLA,entrenado,k*=8; k=4: val=83.2; k=8: val=82.3; k=16: val=96.6; k=32: val=98.8,/home/kali-lab-jelb/MaestriaPCIC/Tesis/lorawan11-rama-detection/results/vecinas_cercanas_v1/estaciones/TLA,,,,,,principal,11,19,82.28968811035156,16583,7638,24221,6953,21.2324064867837,178.1,42,64,64,60,8,True,XAL,2.22.0-rc0,3.16.0.dev2026092204,d9b4eee963ab0882d530359cc20201b528fa9354de272ca9242bdd6dd798920c,experiments/vecinas/ejecutar.py
2026-10-05T00:08:28-06:00,entrenar_knn,TLI,entrenado,k*=4; k=4: val=102.4; k=8: val=141.1; k=16: val=142.3; k=32: val=144.3,/home/kali-lab-jelb/MaestriaPCIC/Tesis/lorawan11-rama-detection/results/vecinas_cercanas_v1/estaciones/TLI,,,,,,baja_representatividad,14,22,102.39832305908203,7220,4598,11818,1509,19.913987421989436,73.1,42,64,64,60,8,True,XAL,2.22.0-rc0,3.16.0.dev2026092204,9756e818a29541ce56d7f1e32bdf72aa1c99aedea1bbec75b29a5dd4373df6ce,experiments/vecinas/ejecutar.py
2026-10-05T00:10:14-06:00,entrenar_knn,UAX,entrenado,k*=4; k=4: val=116.6; k=8: val=120.2; k=16: val=136.1; k=32: val=148.7,/home/kali-lab-jelb/MaestriaPCIC/Tesis/lorawan11-rama-detection/results/vecinas_cercanas_v1/estaciones/UAX,,,,,,principal,5,13,116.6402359008789,16346,7523,23869,7189,23.053832279107496,106.2,42,64,64,60,8,True,XAL,2.22.0-rc0,3.16.0.dev2026092204,824dc6e171b98820c4941a132596899031d41e7c0de0713eb38d7dbf63ab5d78,experiments/vecinas/ejecutar.py
2026-10-05T00:11:35-06:00,entrenar_knn,UIZ,entrenado,k*=16; k=4: val=117.5; k=8: val=133.2; k=16: val=116.2; k=32: val=140.7,/home/kali-lab-jelb/MaestriaPCIC/Tesis/lorawan11-rama-detection/results/vecinas_cercanas_v1/estaciones/UIZ,,,,,,principal,2,10,116.1961898803711,15050,7682,22732,6720,24.58620623520441,80.4,42,64,64,60,8,True,XAL,2.22.0-rc0,3.16.0.dev2026092204,27b857179fcad3290fb5fd62d86e6f760c0461ca8e5ca64cb148565b5b690c6a,experiments/vecinas/ejecutar.py
2026-10-05T00:12:40-06:00,entrenar_knn,VIF,entrenado,k*=8; k=4: val=95.7; k=8: val=95.7; k=16: val=96.8; k=32: val=101.1,/home/kali-lab-jelb/MaestriaPCIC/Tesis/lorawan11-rama-detection/results/vecinas_cercanas_v1/estaciones/VIF,,,,,,principal,1,9,95.69219970703125,14169,8020,22189,7607,20.325497654506137,65.6,42,64,64,60,8,True,XAL,2.22.0-rc0,3.16.0.dev2026092204,9ce18368070ee2733c4b6c57831803d94ee0bed9d9ebc1d4cba7862b55db1bc0,experiments/vecinas/ejecutar.py
2026-10-05T00:13:39-06:00,verificar_knn,CCA,reproducible,epoca_E=True; pesos idénticos=True; umbral p95 idéntico=True; calibracion_2023.csv.gz=True; predicciones_2024.csv.gz=True; predicciones_2025.csv.gz=True; predicciones_2026.csv.gz=True,,,,,,,,,,,,,,,,,,,,,,,,,,,experiments/vecinas/ejecutar.py
2026-10-05T00:15:18-06:00,evaluar_knn,todos,calculado,"un mensaje: limpio, pareada 5 %, barrido",,,,,True,,,,,,,,,,,98.6,,,,,,,,,,,experiments/vecinas/ejecutar.py
2026-10-05T00:17:44-06:00,evaluar_simultaneo_knn,knn,calculado,"mismo plan que contemporaneo_v1: semilla [42, 777, año]",,,,,True,,,,,,,,,,,,,,,,,,,,,,experiments/vecinas/ejecutar.py
