formato,bit,peso,tipo_dano,n_mensajes,n_dias,rechazos,daninos,dias_vulnerables
base,0,1,cambio_banda_red,218823,365,0,11,11
base,0,1,falsa_fase1,218823,365,0,2,2
base,0,1,anulada_fase1,218823,365,0,0,0
base,1,2,cambio_banda_red,218823,365,0,14,13
base,1,2,falsa_fase1,218823,365,0,4,4
base,1,2,anulada_fase1,218823,365,0,0,0
base,2,4,cambio_banda_red,218823,365,0,42,32
base,2,4,falsa_fase1,218823,365,0,7,7
base,2,4,anulada_fase1,218823,365,0,1,1
base,3,8,cambio_banda_red,218823,365,0,204,93
base,3,8,falsa_fase1,218823,365,0,15,9
base,3,8,anulada_fase1,218823,365,0,1,1
base,4,16,cambio_banda_red,218823,365,0,563,115
base,4,16,falsa_fase1,218823,365,0,82,30
base,4,16,anulada_fase1,218823,365,0,1,1
base,5,32,cambio_banda_red,218823,365,0,4163,145
base,5,32,falsa_fase1,218823,365,0,519,63
base,5,32,anulada_fase1,218823,365,0,2,2
base,6,64,cambio_banda_red,218823,365,0,32584,187
base,6,64,falsa_fase1,218823,365,0,519,63
base,6,64,anulada_fase1,218823,365,0,0,0
base,7,128,cambio_banda_red,218823,365,0,176241,365
base,7,128,falsa_fase1,218823,365,0,100181,358
base,7,128,anulada_fase1,218823,365,0,3,3
base,8,0,cambio_banda_red,218823,365,218823,0,0
base,8,0,falsa_fase1,218823,365,218823,0,0
base,8,0,anulada_fase1,218823,365,218823,0,0
base,9,0,cambio_banda_red,218823,365,218823,0,0
base,9,0,falsa_fase1,218823,365,218823,0,0
base,9,0,anulada_fase1,218823,365,218823,0,0
base,10,0,cambio_banda_red,218823,365,218823,0,0
base,10,0,falsa_fase1,218823,365,218823,0,0
base,10,0,anulada_fase1,218823,365,218823,0,0
base,11,0,cambio_banda_red,218823,365,218823,0,0
base,11,0,falsa_fase1,218823,365,218823,0,0
base,11,0,anulada_fase1,218823,365,218823,0,0
base,12,0,cambio_banda_red,218823,365,218823,0,0
base,12,0,falsa_fase1,218823,365,218823,0,0
base,12,0,anulada_fase1,218823,365,218823,0,0
base,13,0,cambio_banda_red,218823,365,218823,0,0
base,13,0,falsa_fase1,218823,365,218823,0,0
base,13,0,anulada_fase1,218823,365,218823,0,0
base,14,0,cambio_banda_red,218823,365,218823,0,0
base,14,0,falsa_fase1,218823,365,218823,0,0
base,14,0,anulada_fase1,218823,365,218823,0,0
base,15,0,cambio_banda_red,218823,365,218823,0,0
base,15,0,falsa_fase1,218823,365,218823,0,0
base,15,0,anulada_fase1,218823,365,218823,0,0
A,0,1,cambio_banda_red,218823,365,0,11,11
A,0,1,falsa_fase1,218823,365,0,2,2
A,0,1,anulada_fase1,218823,365,0,0,0
A,1,2,cambio_banda_red,218823,365,0,14,13
A,1,2,falsa_fase1,218823,365,0,4,4
A,1,2,anulada_fase1,218823,365,0,0,0
A,2,4,cambio_banda_red,218823,365,0,42,32
A,2,4,falsa_fase1,218823,365,0,7,7
A,2,4,anulada_fase1,218823,365,0,1,1
A,3,8,cambio_banda_red,218823,365,0,204,93
A,3,8,falsa_fase1,218823,365,0,15,9
A,3,8,anulada_fase1,218823,365,0,1,1
A,4,8,cambio_banda_red,218823,365,0,69,41
A,4,8,falsa_fase1,218823,365,0,0,0
A,4,8,anulada_fase1,218823,365,0,1,1
A,5,16,cambio_banda_red,218823,365,0,682,82
A,5,16,falsa_fase1,218823,365,0,128,33
A,5,16,anulada_fase1,218823,365,0,2,2
A,6,64,cambio_banda_red,218823,365,0,32584,187
A,6,64,falsa_fase1,218823,365,0,519,63
A,6,64,anulada_fase1,218823,365,0,0,0
A,7,128,cambio_banda_red,218823,365,0,176241,365
A,7,128,falsa_fase1,218823,365,0,100181,358
A,7,128,anulada_fase1,218823,365,0,3,3
A,8,8,cambio_banda_red,218823,365,0,69,41
A,8,8,falsa_fase1,218823,365,0,0,0
A,8,8,anulada_fase1,218823,365,0,1,1
A,9,16,cambio_banda_red,218823,365,0,682,82
A,9,16,falsa_fase1,218823,365,0,128,33
A,9,16,anulada_fase1,218823,365,0,2,2
A,10,0,cambio_banda_red,218823,365,218823,0,0
A,10,0,falsa_fase1,218823,365,218823,0,0
A,10,0,anulada_fase1,218823,365,218823,0,0
A,11,0,cambio_banda_red,218823,365,218823,0,0
A,11,0,falsa_fase1,218823,365,218823,0,0
A,11,0,anulada_fase1,218823,365,218823,0,0
A,12,0,cambio_banda_red,218823,365,218823,0,0
A,12,0,falsa_fase1,218823,365,218823,0,0
A,12,0,anulada_fase1,218823,365,218823,0,0
A,13,0,cambio_banda_red,218823,365,218823,0,0
A,13,0,falsa_fase1,218823,365,218823,0,0
A,13,0,anulada_fase1,218823,365,218823,0,0
A,14,0,cambio_banda_red,218823,365,218823,0,0
A,14,0,falsa_fase1,218823,365,218823,0,0
A,14,0,anulada_fase1,218823,365,218823,0,0
A,15,0,cambio_banda_red,218823,365,218823,0,0
A,15,0,falsa_fase1,218823,365,218823,0,0
A,15,0,anulada_fase1,218823,365,218823,0,0
B,0,1,cambio_banda_red,218823,365,0,11,11
B,0,1,falsa_fase1,218823,365,0,2,2
B,0,1,anulada_fase1,218823,365,0,0,0
B,1,2,cambio_banda_red,218823,365,0,14,13
B,1,2,falsa_fase1,218823,365,0,4,4
B,1,2,anulada_fase1,218823,365,0,0,0
B,2,4,cambio_banda_red,218823,365,0,42,32
B,2,4,falsa_fase1,218823,365,0,7,7
B,2,4,anulada_fase1,218823,365,0,1,1
B,3,8,cambio_banda_red,218823,365,0,204,93
B,3,8,falsa_fase1,218823,365,0,15,9
B,3,8,anulada_fase1,218823,365,0,1,1
B,4,8,cambio_banda_red,218823,365,0,69,41
B,4,8,falsa_fase1,218823,365,0,0,0
B,4,8,anulada_fase1,218823,365,0,1,1
B,5,8,cambio_banda_red,218823,365,0,179,63
B,5,8,falsa_fase1,218823,365,0,22,11
B,5,8,anulada_fase1,218823,365,0,0,0
B,6,64,cambio_banda_red,218823,365,0,32584,187
B,6,64,falsa_fase1,218823,365,0,519,63
B,6,64,anulada_fase1,218823,365,0,0,0
B,7,128,cambio_banda_red,218823,365,0,176241,365
B,7,128,falsa_fase1,218823,365,0,100181,358
B,7,128,anulada_fase1,218823,365,0,3,3
B,8,8,cambio_banda_red,218823,365,0,69,41
B,8,8,falsa_fase1,218823,365,0,0,0
B,8,8,anulada_fase1,218823,365,0,1,1
B,9,8,cambio_banda_red,218823,365,0,179,63
B,9,8,falsa_fase1,218823,365,0,22,11
B,9,8,anulada_fase1,218823,365,0,0,0
B,10,8,cambio_banda_red,218823,365,0,179,63
B,10,8,falsa_fase1,218823,365,0,22,11
B,10,8,anulada_fase1,218823,365,0,0,0
B,11,8,cambio_banda_red,218823,365,0,179,63
B,11,8,falsa_fase1,218823,365,0,22,11
B,11,8,anulada_fase1,218823,365,0,0,0
B,12,0,cambio_banda_red,218823,365,218823,0,0
B,12,0,falsa_fase1,218823,365,218823,0,0
B,12,0,anulada_fase1,218823,365,218823,0,0
B,13,0,cambio_banda_red,218823,365,218823,0,0
B,13,0,falsa_fase1,218823,365,218823,0,0
B,13,0,anulada_fase1,218823,365,218823,0,0
B,14,0,cambio_banda_red,218823,365,218823,0,0
B,14,0,falsa_fase1,218823,365,218823,0,0
B,14,0,anulada_fase1,218823,365,218823,0,0
B,15,0,cambio_banda_red,218823,365,218823,0,0
B,15,0,falsa_fase1,218823,365,218823,0,0
B,15,0,anulada_fase1,218823,365,218823,0,0
