alcance,formato,n_flips,n_mensajes,n_mascaras,mascaras_aceptadas,n_escenarios,aceptados,rechazos,pct_rechazos,cambio_banda_red,falsa_fase1,anulada_fase1,cancelaciones,compensaciones_parciales,delta_abs_medio_aceptados,delta_abs_max,pct_cancelacion_sobre_todos,pct_cancelacion_aceptados,cambio_banda_red_esperados,cambio_banda_red_pct_todos,falsa_fase1_esperados,falsa_fase1_pct_todos,anulada_fase1_esperados,anulada_fase1_pct_todos
grupo_7x8,B,1,218823,7,7,1531761,1531761,0,0.0,1058,103,3,0,0,8.0,8.0,0.0,0.0,151.14285714285714,0.06907082762911447,14.714285714285714,0.006724286621737987,0.42857142857142855,0.00019585300840013552
grupo_7x8,B,2,218823,21,21,4595283,4595283,0,0.0,9331,1662,15,1401436,0,11.120436325684404,16.0,30.497272964472483,30.497272964472483,444.3333333333333,0.20305604682018497,79.14285714285714,0.03616752221789169,0.7142857142857143,0.00032642168066689256
grupo_7x8,B,3,218823,35,35,7658805,7658805,0,0.0,51898,9984,21,0,3503590,16.680654488526603,24.0,0.0,0.0,1482.8,0.6776252953300156,285.25714285714287,0.1303597623911302,0.6,0.00027419421176018974
grupo_7x8,B,4,218823,35,35,7658805,7658805,0,0.0,81585,16421,30,1370152,2844584,20.332617425303294,32.0,17.889892744364168,17.889892744364168,2331.0,1.0652445126883372,469.1714285714286,0.2144068167292417,0.8571428571428571,0.00039170601680027105
grupo_7x8,B,5,218823,21,21,4595283,4595283,0,0.0,56254,10617,12,0,2818514,25.415771781629118,40.0,0.0,0.0,2678.7619047619046,1.2241683482823582,505.57142857142856,0.23104126557602656,0.5714285714285714,0.000261137344533514
grupo_7x8,B,6,218823,7,7,1531761,1531761,0,0.0,23299,3605,6,190876,818602,29.302649695350645,48.0,12.461212943794756,12.461212943794756,3328.4285714285716,1.521059747571586,515.0,0.23535003176082953,0.8571428571428571,0.00039170601680027105
grupo_7x8,B,7,218823,1,1,218823,218823,0,0.0,6159,519,0,0,151773,34.18642464457575,56.0,0.0,0.0,6159.0,2.814603583718348,519.0,0.23717799317256413,0.0,0.0
campo_16,base,1,218823,16,8,3501168,1750584,1750584,50.0,213822,101329,8,0,0,31.875,128.0,0.0,0.0,13363.875,6.107161952811176,6333.0625,2.894148467025861,0.5,0.0002284951764668248
campo_16,base,2,218823,120,28,26258760,6127044,20131716,76.66666666666667,1537658,874986,40,0,2837585,57.612954795167134,192.0,0.0,0.0,12813.816666666668,5.855790600927081,7291.55,3.3321680079333524,0.3333333333333333,0.00015233011764454986
campo_16,base,3,218823,560,56,122540880,12254088,110286792,90.0,4673622,3059393,90,0,8512755,80.84231539711483,224.0,0.0,0.0,8345.753571428571,3.813928870104409,5463.2017857142855,2.496630512201316,0.16071428571428573,7.344487815005083e-05
campo_16,base,4,218823,1820,70,398257860,15317610,382940250,96.15384615384616,7813757,5734541,126,0,12588643,102.89668277231239,240.0,0.0,0.0,4293.273076923077,1.9619843786636126,3150.8467032967033,1.4399065469793866,0.06923076923076923,3.1637793664637275e-05
campo_16,base,5,218823,4368,56,955818864,12254088,943564776,98.71794871794872,7776722,6265455,114,0,10989361,124.49584081655036,248.0,0.0,0.0,1780.3850732600733,0.8136188029869225,1434.3990384615386,0.6555065228342261,0.0260989010989011,1.1926946024367227e-05
campo_16,base,6,218823,8008,28,1752334584,6127044,1746207540,99.65034965034965,4619973,4031157,63,0,5780059,146.06787106474184,252.0,0.0,0.0,576.9197052947053,0.2636467397370045,503.39123376623377,0.23004493758253647,0.007867132867132868,3.5952038255269635e-06
campo_16,base,7,218823,11440,8,2503335120,1750584,2501584536,99.93006993006993,1516630,1414169,21,0,1704171,167.87980182613344,254.0,0.0,0.0,132.57255244755245,0.06058437753232176,123.61617132867133,0.056491397763796004,0.0018356643356643356,8.388808926229582e-07
campo_16,base,8,218823,12870,1,2816252010,218823,2816033187,99.99222999223,212507,210134,3,0,217430,190.1055693414312,255.0,0.0,0.0,16.511810411810412,0.0075457380676667496,16.327428127428128,0.007461477142452177,0.0002331002331002331,1.065245577933915e-07
campo_16,base,9,218823,11440,0,2503335120,0,2503335120,100.0,0,0,0,0,0,,,0.0,,0.0,0.0,0.0,0.0,0.0,0.0
campo_16,base,10,218823,8008,0,1752334584,0,1752334584,100.0,0,0,0,0,0,,,0.0,,0.0,0.0,0.0,0.0,0.0,0.0
campo_16,base,11,218823,4368,0,955818864,0,955818864,100.0,0,0,0,0,0,,,0.0,,0.0,0.0,0.0,0.0,0.0,0.0
campo_16,base,12,218823,1820,0,398257860,0,398257860,100.0,0,0,0,0,0,,,0.0,,0.0,0.0,0.0,0.0,0.0,0.0
campo_16,base,13,218823,560,0,122540880,0,122540880,100.0,0,0,0,0,0,,,0.0,,0.0,0.0,0.0,0.0,0.0,0.0
campo_16,base,14,218823,120,0,26258760,0,26258760,100.0,0,0,0,0,0,,,0.0,,0.0,0.0,0.0,0.0,0.0,0.0
campo_16,base,15,218823,16,0,3501168,0,3501168,100.0,0,0,0,0,0,,,0.0,,0.0,0.0,0.0,0.0,0.0,0.0
campo_16,base,16,218823,1,0,218823,0,218823,100.0,0,0,0,0,0,,,0.0,,0.0,0.0,0.0,0.0,0.0,0.0
campo_16,A,1,218823,16,10,3501168,2188230,1312938,37.5,210598,100984,11,0,0,25.5,128.0,0.0,0.0,13162.375,6.015078396695046,6311.5,2.8842946125407294,0.6875,0.00031418086764188407
campo_16,A,2,218823,120,45,26258760,9847035,16411725,62.5,2007407,1046426,55,208108,4119121,46.21984170869708,192.0,0.7925279030692995,2.1134077415181323,16728.391666666666,7.644713611762322,8720.216666666667,3.985054892157893,0.4583333333333333,0.00020945391176125606
campo_16,A,3,218823,560,120,122540880,26258760,96282120,78.57142857142857,8225387,4927738,163,388556,16920360,65.53888241485889,208.0,0.31708275638301275,1.4797195297873929,14688.191071428571,6.712361621689023,8799.532142857142,4.0213012996152795,0.2910714285714286,0.0001330168348717587
campo_16,A,4,218823,1820,210,398257860,45952830,352305030,88.46153846153847,19325383,13240766,333,0,35956060,84.15051543071449,224.0,0.0,0.0,10618.342307692308,4.852479998762611,7275.1461538461535,3.324671608490037,0.18296703296703296,8.361416897082709e-05
campo_16,A,5,218823,4368,252,955818864,55143396,900675468,94.23076923076923,28865558,21886177,440,0,47286974,102.23515512174839,232.0,0.0,0.0,6608.415293040293,3.0199820370986106,5010.571657509157,2.2897829101644516,0.10073260073260074,4.603382676071562e-05
campo_16,A,6,218823,8008,210,1752334584,45952830,1706381754,97.37762237762237,28569894,23358718,411,0,41642547,119.93160952219918,240.0,0.0,0.0,3567.669080919081,1.63039035243968,2916.922827172827,1.333005592269929,0.05132367632367632,2.3454424957009238e-05
campo_16,A,7,218823,11440,120,2503335120,26258760,2477076360,98.95104895104895,18763803,16211380,264,0,24667206,137.39474057419315,248.0,0.0,0.0,1640.19256993007,0.7495521814114924,1417.0786713286714,0.6475912821452368,0.023076923076923078,1.054593122154576e-05
campo_16,A,8,218823,12870,45,2816252010,9847035,2806404975,99.65034965034965,7904429,7160824,108,0,9482580,154.8018397416075,252.0,0.0,0.0,614.1747474747475,0.2806719346114199,556.3965811965812,0.25426787001210166,0.008391608391608392,3.834884080562095e-06
campo_16,A,9,218823,11440,10,2503335120,2188230,2501146890,99.91258741258741,1941707,1842969,27,0,2145320,172.324955329193,254.0,0.0,0.0,169.72963286713286,0.07756480482724981,161.09868881118882,0.07362054665697336,0.00236013986013986,1.078561147658089e-06
campo_16,A,10,218823,8008,1,1752334584,218823,1752115761,99.98751248751249,212507,210134,3,0,217430,190.1055693414312,255.0,0.0,0.0,26.536838161838162,0.012127079037321561,26.240509490509492,0.011991659693226714,0.0003746253746253746,1.7120018216795064e-07
campo_16,A,11,218823,4368,0,955818864,0,955818864,100.0,0,0,0,0,0,,,0.0,,0.0,0.0,0.0,0.0,0.0,0.0
campo_16,A,12,218823,1820,0,398257860,0,398257860,100.0,0,0,0,0,0,,,0.0,,0.0,0.0,0.0,0.0,0.0,0.0
campo_16,A,13,218823,560,0,122540880,0,122540880,100.0,0,0,0,0,0,,,0.0,,0.0,0.0,0.0,0.0,0.0,0.0
campo_16,A,14,218823,120,0,26258760,0,26258760,100.0,0,0,0,0,0,,,0.0,,0.0,0.0,0.0,0.0,0.0,0.0
campo_16,A,15,218823,16,0,3501168,0,3501168,100.0,0,0,0,0,0,,,0.0,,0.0,0.0,0.0,0.0,0.0,0.0
campo_16,A,16,218823,1,0,218823,0,218823,100.0,0,0,0,0,0,,,0.0,,0.0,0.0,0.0,0.0,0.0,0.0
campo_16,B,1,218823,16,12,3501168,2625876,875292,25.0,209950,100816,7,0,0,21.25,128.0,0.0,0.0,13121.875,5.996570287401233,6301.0,2.879496213834926,0.4375,0.00019993327940847169
campo_16,B,2,218823,120,66,26258760,14442318,11816442,45.0,2468718,1257139,67,1401436,4468611,38.37085743438138,192.0,5.337022768782684,9.703677761423062,20572.65,9.401502584280445,10476.158333333333,4.787503294138794,0.5583333333333333,0.000255152947054621
campo_16,B,3,218823,560,220,122540880,48141060,74399820,60.714285714285715,12612848,7073614,268,0,29350235,55.17613648307702,200.0,0.0,0.0,22522.942857142858,10.292767605390136,12631.453571428572,5.772452425672151,0.4785714285714286,0.000218702526046818
campo_16,B,4,218823,1820,495,398257860,108317385,289940475,72.8021978021978,38106357,24102226,696,1370152,77633099,71.23302187363552,208.0,0.34403639893008015,1.2649419112176683,20937.55879120879,9.568262381563542,13242.981318681319,6.051914706717904,0.3824175824175824,0.000174761145957044
campo_16,B,5,218823,4368,792,955818864,173307816,782511048,81.86813186813187,76338498,54333509,1260,0,139911594,86.79414215225007,216.0,0.0,0.0,17476.762362637364,7.9867118002391715,12438.990155677655,5.6844985013813245,0.28846153846153844,0.00013182414026932199
campo_16,B,6,218823,8008,924,1752334584,202192452,1550142132,88.46153846153847,106295379,82578717,1599,190876,173962254,101.96572921525281,224.0,0.010892668657163249,0.09440312836208149,13273.648726273726,6.065929416137118,10312.027597402597,4.712497131198547,0.19967532467532467,9.12496970955177e-05
campo_16,B,7,218823,11440,792,2503335120,173307816,2330027304,93.07692307692308,105251637,87290436,1522,0,156039798,116.84224257952683,232.0,0.0,0.0,9200.317919580419,4.204456533170837,7630.282867132867,3.4869656604346284,0.13304195804195804,6.0798891360578206e-05
campo_16,B,8,218823,12870,495,2816252010,108317385,2707934625,96.15384615384616,74160444,64261232,1030,0,100674381,131.51520098089517,240.0,0.0,0.0,5762.272261072261,2.6333028342871914,4993.102719502719,2.2817997740195133,0.08003108003108003,3.657343150906442e-05
campo_16,B,9,218823,11440,220,2503335120,48141060,2455194060,98.07692307692308,36562509,32827812,505,0,45812155,146.08776613975678,248.0,0.0,0.0,3196.0235139860138,1.4605519136407115,2869.563986013986,1.3113630587342218,0.04414335664335664,2.017308813212352e-05
campo_16,B,10,218823,8008,66,1752334584,14442318,1737892266,99.17582417582418,12015657,11154484,165,0,13993153,160.6467797620853,252.0,0.0,0.0,1500.4566683316684,0.6856942224225371,1392.9175824175825,0.6365498975964969,0.020604395604395604,9.416010019237285e-06
campo_16,B,11,218823,4368,12,955818864,2625876,953192988,99.72527472527473,2367093,2271085,33,0,2580180,175.28839099789937,254.0,0.0,0.0,541.9168956043956,0.24765079338296048,519.9370421245421,0.23760621238377233,0.007554945054945055,3.452537007053671e-06
campo_16,B,12,218823,1820,1,398257860,218823,398039037,99.94505494505495,212507,210134,3,0,217430,190.1055693414312,255.0,0.0,0.0,116.7620879120879,0.053359147764214875,115.45824175824175,0.05276330265019754,0.0016483516483516484,7.532808015389828e-07
campo_16,B,13,218823,560,0,122540880,0,122540880,100.0,0,0,0,0,0,,,0.0,,0.0,0.0,0.0,0.0,0.0,0.0
campo_16,B,14,218823,120,0,26258760,0,26258760,100.0,0,0,0,0,0,,,0.0,,0.0,0.0,0.0,0.0,0.0,0.0
campo_16,B,15,218823,16,0,3501168,0,3501168,100.0,0,0,0,0,0,,,0.0,,0.0,0.0,0.0,0.0,0.0,0.0
campo_16,B,16,218823,1,0,218823,0,218823,100.0,0,0,0,0,0,,,0.0,,0.0,0.0,0.0,0.0,0.0,0.0
