estacion,bit,delta_ppb,umbral_p95_ppb,n_ataques,n_dano_banda,n_detectados,n_dano_detectado,n_dano_no_detectado,pct_dano,pct_dano_detectado,pct_dano_no_detectado,dias_disponibles,dias_vulnerables,dias_no_detectados,pct_dias_vulnerables,pct_dias_dano_no_detectado,falsas_fase1,anuladas_fase1,cruces_fase2_arriba,cruces_fase2_abajo
ACO,3,8,13.899093627929688,59,0,18,0,0,0.0,0.0,0.0,4,0,0,0.0,0.0,0,0,0,0
ACO,4,16,13.899093627929688,59,2,22,0,2,3.389830508474576,0.0,100.0,4,2,2,50.0,50.0,0,0,0,0
ACO,5,32,13.899093627929688,59,7,58,6,1,11.864406779661017,85.71428571428571,14.285714285714286,4,2,1,50.0,25.0,0,0,0,0
ACO,6,64,13.899093627929688,59,59,59,59,0,100.0,100.0,0.0,4,3,0,75.0,0.0,0,0,0,0
ACO,7,128,13.899093627929688,59,59,59,59,0,100.0,100.0,0.0,4,3,0,75.0,0.0,17,0,0,0
AJM,3,8,32.16828536987305,1671,189,135,32,157,11.310592459605028,16.93121693121693,83.06878306878306,73,64,61,87.67123287671232,83.56164383561644,0,0,0,0
AJM,4,16,32.16828536987305,1671,233,211,50,183,13.943746259724715,21.459227467811157,78.54077253218884,73,65,61,89.04109589041096,83.56164383561644,2,0,0,0
AJM,5,32,32.16828536987305,1671,513,577,257,256,30.700179533213646,50.097465886939574,49.902534113060426,73,71,63,97.26027397260275,86.3013698630137,7,0,0,0
AJM,6,64,32.16828536987305,1671,1671,1590,1590,81,100.0,95.15260323159785,4.847396768402154,73,72,26,98.63013698630137,35.61643835616438,7,0,3,0
AJM,7,128,32.16828536987305,1671,1671,1671,1671,0,100.0,100.0,0.0,73,72,0,98.63013698630137,0.0,1134,0,254,0
ATI,3,8,23.84806251525879,1681,141,236,40,101,8.387864366448543,28.368794326241133,71.63120567375887,72,61,53,84.72222222222223,73.61111111111111,0,0,0,0
ATI,4,16,23.84806251525879,1681,145,470,56,89,8.625817965496728,38.62068965517241,61.37931034482759,72,61,53,84.72222222222223,73.61111111111111,0,0,0,0
ATI,5,32,23.84806251525879,1681,371,1384,297,74,22.070196311719215,80.05390835579514,19.946091644204852,72,71,38,98.61111111111111,52.77777777777778,0,0,0,0
ATI,6,64,23.84806251525879,1681,1681,1661,1661,20,100.0,98.81023200475907,1.189767995240928,72,71,11,98.61111111111111,15.277777777777779,0,0,0,0
ATI,7,128,23.84806251525879,1681,1681,1681,1681,0,100.0,100.0,0.0,72,71,0,98.61111111111111,0.0,696,0,126,0
BJU,3,8,22.23162269592285,478,29,58,10,19,6.066945606694561,34.48275862068966,65.51724137931035,21,15,12,71.42857142857143,57.142857142857146,0,0,0,0
BJU,4,16,22.23162269592285,478,41,108,14,27,8.577405857740585,34.146341463414636,65.85365853658537,21,19,17,90.47619047619048,80.95238095238095,0,0,0,0
BJU,5,32,22.23162269592285,478,102,426,86,16,21.338912133891213,84.31372549019608,15.686274509803921,21,21,9,100.0,42.857142857142854,0,0,0,0
BJU,6,64,22.23162269592285,478,478,474,474,4,100.0,99.16317991631799,0.8368200836820083,21,21,2,100.0,9.523809523809524,0,0,0,0
BJU,7,128,22.23162269592285,478,478,478,478,0,100.0,100.0,0.0,21,21,0,100.0,0.0,180,0,53,0
CAM,3,8,21.275402069091797,1656,129,201,40,89,7.7898550724637685,31.007751937984494,68.9922480620155,73,55,46,75.34246575342466,63.013698630136986,0,0,0,0
CAM,4,16,21.275402069091797,1656,139,386,53,86,8.393719806763285,38.1294964028777,61.8705035971223,73,56,46,76.71232876712328,63.013698630136986,0,0,0,0
CAM,5,32,21.275402069091797,1656,319,1453,234,85,19.26328502415459,73.35423197492163,26.645768025078368,73,68,42,93.15068493150685,57.534246575342465,2,0,0,0
CAM,6,64,21.275402069091797,1656,1656,1639,1639,17,100.0,98.97342995169082,1.0265700483091786,73,72,9,98.63013698630137,12.32876712328767,2,0,1,0
CAM,7,128,21.275402069091797,1656,1656,1656,1656,0,100.0,100.0,0.0,73,72,0,98.63013698630137,0.0,537,0,159,0
CCA,3,8,17.501649856567383,1684,160,335,49,111,9.501187648456057,30.625,69.375,73,64,55,87.67123287671232,75.34246575342466,0,0,0,0
CCA,4,16,17.501649856567383,1684,171,616,77,94,10.15439429928741,45.02923976608187,54.97076023391813,73,63,50,86.3013698630137,68.4931506849315,2,0,0,0
CCA,5,32,17.501649856567383,1684,426,1508,341,85,25.29691211401425,80.0469483568075,19.953051643192488,73,72,44,98.63013698630137,60.273972602739725,7,0,0,0
CCA,6,64,17.501649856567383,1684,1684,1672,1672,12,100.0,99.2874109263658,0.7125890736342043,73,72,4,98.63013698630137,5.47945205479452,7,0,3,0
CCA,7,128,17.501649856567383,1684,1684,1684,1684,0,100.0,100.0,0.0,73,72,0,98.63013698630137,0.0,718,0,275,0
CUA,3,8,34.0005989074707,1553,150,66,15,135,9.658725048293626,10.0,90.0,67,59,59,88.05970149253731,88.05970149253731,0,0,0,0
CUA,4,16,34.0005989074707,1553,185,143,33,152,11.912427559562138,17.83783783783784,82.16216216216216,67,62,59,92.53731343283582,88.05970149253731,0,0,0,0
CUA,5,32,34.0005989074707,1553,426,530,214,212,27.430779137153895,50.23474178403756,49.76525821596244,67,66,61,98.50746268656717,91.04477611940298,5,0,0,0
CUA,6,64,34.0005989074707,1553,1553,1494,1494,59,100.0,96.20090148100451,3.7990985189954927,67,67,24,100.0,35.82089552238806,5,0,1,0
CUA,7,128,34.0005989074707,1553,1553,1553,1553,0,100.0,100.0,0.0,67,67,0,100.0,0.0,869,0,199,0
CUT,3,8,19.391748428344727,1604,117,159,22,95,7.29426433915212,18.803418803418804,81.19658119658119,70,52,49,74.28571428571429,70.0,0,0,0,0
CUT,4,16,19.391748428344727,1604,129,436,45,84,8.042394014962593,34.883720930232556,65.11627906976744,70,56,48,80.0,68.57142857142857,0,0,0,0
CUT,5,32,19.391748428344727,1604,258,1479,228,30,16.084788029925186,88.37209302325581,11.627906976744185,70,63,22,90.0,31.428571428571427,0,0,0,0
CUT,6,64,19.391748428344727,1604,1604,1604,1604,0,100.0,100.0,0.0,70,69,0,98.57142857142857,0.0,0,0,0,0
CUT,7,128,19.391748428344727,1604,1604,1604,1604,0,100.0,100.0,0.0,70,69,0,98.57142857142857,0.0,505,0,84,0
FAC,3,8,21.2264404296875,1004,79,125,24,55,7.868525896414343,30.379746835443036,69.62025316455696,45,37,31,82.22222222222223,68.88888888888889,0,0,0,0
FAC,4,16,21.2264404296875,1004,78,211,30,48,7.768924302788845,38.46153846153846,61.53846153846154,45,36,29,80.0,64.44444444444444,0,0,0,0
FAC,5,32,21.2264404296875,1004,188,844,143,45,18.725099601593627,76.06382978723404,23.93617021276596,45,42,24,93.33333333333333,53.333333333333336,0,0,0,0
FAC,6,64,21.2264404296875,1004,1004,1002,1002,2,100.0,99.800796812749,0.199203187250996,45,44,1,97.77777777777777,2.2222222222222223,0,0,0,0
FAC,7,128,21.2264404296875,1004,1004,1004,1004,0,100.0,100.0,0.0,45,44,0,97.77777777777777,0.0,381,0,60,0
GAM,3,8,23.011878967285156,561,40,77,12,28,7.1301247771836005,30.0,70.0,26,19,17,73.07692307692308,65.38461538461539,0,0,0,0
GAM,4,16,23.011878967285156,561,41,133,17,24,7.308377896613191,41.46341463414634,58.53658536585366,26,19,16,73.07692307692308,61.53846153846154,0,0,0,0
GAM,5,32,23.011878967285156,561,91,498,73,18,16.221033868092693,80.21978021978022,19.78021978021978,26,22,12,84.61538461538461,46.15384615384615,0,0,0,0
GAM,6,64,23.011878967285156,561,561,556,556,5,100.0,99.10873440285205,0.8912655971479501,26,25,3,96.15384615384616,11.538461538461538,0,0,0,0
GAM,7,128,23.011878967285156,561,561,561,561,0,100.0,100.0,0.0,26,25,0,96.15384615384616,0.0,186,0,34,0
HGM,3,8,18.55071258544922,1671,153,231,46,107,9.156193895870736,30.065359477124183,69.93464052287581,73,61,54,83.56164383561644,73.97260273972603,0,0,0,0
HGM,4,16,18.55071258544922,1671,140,513,65,75,8.378216636744465,46.42857142857143,53.57142857142857,73,62,47,84.93150684931507,64.38356164383562,2,0,0,0
HGM,5,32,18.55071258544922,1671,344,1503,265,79,20.586475164572114,77.03488372093024,22.96511627906977,73,68,39,93.15068493150685,53.42465753424658,3,0,0,0
HGM,6,64,18.55071258544922,1671,1671,1669,1669,2,100.0,99.88031119090365,0.11968880909634949,73,72,1,98.63013698630137,1.36986301369863,3,0,2,0
HGM,7,128,18.55071258544922,1671,1671,1671,1671,0,100.0,100.0,0.0,73,72,0,98.63013698630137,0.0,626,0,205,0
INN,3,8,20.082935333251953,1562,75,197,22,53,4.801536491677337,29.333333333333332,70.66666666666667,70,28,23,40.0,32.857142857142854,0,0,0,0
INN,4,16,20.082935333251953,1562,104,454,38,66,6.658130601792574,36.53846153846154,63.46153846153846,70,41,31,58.57142857142857,44.285714285714285,0,0,0,0
INN,5,32,20.082935333251953,1562,262,1355,230,32,16.77336747759283,87.78625954198473,12.213740458015268,70,64,20,91.42857142857143,28.571428571428573,0,0,0,0
INN,6,64,20.082935333251953,1562,1562,1558,1558,4,100.0,99.74391805377721,0.2560819462227913,70,69,1,98.57142857142857,1.4285714285714286,0,0,0,0
INN,7,128,20.082935333251953,1562,1562,1562,1562,0,100.0,100.0,0.0,70,69,0,98.57142857142857,0.0,641,0,33,0
LLA,3,8,13.367424011230469,1563,105,436,59,46,6.717850287907869,56.19047619047619,43.80952380952381,69,49,32,71.01449275362319,46.3768115942029,0,0,0,0
LLA,4,16,13.367424011230469,1563,131,786,83,48,8.381317978246962,63.3587786259542,36.6412213740458,69,54,34,78.26086956521739,49.27536231884058,0,0,0,0
LLA,5,32,13.367424011230469,1563,223,1448,205,18,14.267434420985285,91.92825112107623,8.071748878923767,69,60,14,86.95652173913044,20.28985507246377,0,0,0,0
LLA,6,64,13.367424011230469,1563,1563,1562,1562,1,100.0,99.9360204734485,0.06397952655150352,69,68,1,98.55072463768116,1.4492753623188406,0,0,0,0
LLA,7,128,13.367424011230469,1563,1563,1563,1563,0,100.0,100.0,0.0,69,68,0,98.55072463768116,0.0,515,0,72,0
LPR,3,8,19.26908302307129,1661,102,274,50,52,6.1408789885611075,49.01960784313726,50.98039215686274,73,49,33,67.12328767123287,45.205479452054796,0,0,0,0
LPR,4,16,19.26908302307129,1661,119,563,60,59,7.164358819987959,50.42016806722689,49.57983193277311,73,54,36,73.97260273972603,49.31506849315068,0,0,0,0
LPR,5,32,19.26908302307129,1661,231,1481,201,30,13.907284768211921,87.01298701298701,12.987012987012987,73,65,22,89.04109589041096,30.136986301369863,1,0,0,0
LPR,6,64,19.26908302307129,1661,1661,1649,1649,12,100.0,99.27754364840457,0.7224563515954244,73,72,8,98.63013698630137,10.95890410958904,1,0,0,0
LPR,7,128,19.26908302307129,1661,1661,1661,1661,0,100.0,100.0,0.0,73,72,0,98.63013698630137,0.0,585,0,61,0
MER,3,8,29.858192443847656,1601,126,91,15,111,7.8700811992504685,11.904761904761905,88.0952380952381,70,56,52,80.0,74.28571428571429,0,0,0,0
MER,4,16,29.858192443847656,1601,122,131,25,97,7.6202373516552155,20.491803278688526,79.50819672131148,70,52,49,74.28571428571429,70.0,0,0,0,0
MER,5,32,29.858192443847656,1601,257,1206,186,71,16.052467207995004,72.37354085603113,27.626459143968873,70,62,45,88.57142857142857,64.28571428571429,0,0,0,0
MER,6,64,29.858192443847656,1601,1601,1565,1565,36,100.0,97.75140537164272,2.2485946283572766,70,69,13,98.57142857142857,18.571428571428573,0,0,0,0
MER,7,128,29.858192443847656,1601,1601,1601,1601,0,100.0,100.0,0.0,70,69,0,98.57142857142857,0.0,494,0,121,0
MGH,3,8,14.794473648071289,1385,119,432,59,60,8.592057761732852,49.57983193277311,50.42016806722689,61,49,35,80.32786885245902,57.377049180327866,0,0,0,0
MGH,4,16,14.794473648071289,1385,112,827,71,41,8.086642599277978,63.392857142857146,36.607142857142854,61,50,30,81.9672131147541,49.18032786885246,0,0,0,0
MGH,5,32,14.794473648071289,1385,285,1256,221,64,20.577617328519857,77.54385964912281,22.45614035087719,61,59,32,96.72131147540983,52.459016393442624,3,0,0,0
MGH,6,64,14.794473648071289,1385,1385,1370,1370,15,100.0,98.91696750902527,1.0830324909747293,61,61,10,100.0,16.39344262295082,3,0,0,0
MGH,7,128,14.794473648071289,1385,1385,1385,1385,0,100.0,100.0,0.0,61,61,0,100.0,0.0,506,0,146,0
MPA,3,8,19.469261169433594,762,104,201,38,66,13.648293963254593,36.53846153846154,63.46153846153846,34,30,30,88.23529411764706,88.23529411764706,0,0,0,0
MPA,4,16,19.469261169433594,762,124,358,60,64,16.27296587926509,48.38709677419355,51.61290322580645,34,31,25,91.17647058823529,73.52941176470588,0,0,0,0
MPA,5,32,19.469261169433594,762,251,596,201,50,32.93963254593176,80.0796812749004,19.9203187250996,34,33,18,97.05882352941177,52.94117647058823,2,0,0,0
MPA,6,64,19.469261169433594,762,762,752,752,10,100.0,98.68766404199475,1.3123359580052494,34,34,5,100.0,14.705882352941176,2,0,1,0
MPA,7,128,19.469261169433594,762,762,762,762,0,100.0,100.0,0.0,34,34,0,100.0,0.0,581,0,86,0
NEZ,3,8,15.32272720336914,1160,96,370,49,47,8.275862068965518,51.041666666666664,48.958333333333336,51,39,27,76.47058823529412,52.94117647058823,0,0,0,0
NEZ,4,16,15.32272720336914,1160,103,664,65,38,8.879310344827585,63.10679611650485,36.89320388349515,51,43,26,84.31372549019608,50.98039215686274,0,0,0,0
NEZ,5,32,15.32272720336914,1160,269,1065,238,31,23.189655172413794,88.47583643122677,11.524163568773234,51,49,18,96.07843137254902,35.294117647058826,1,0,0,0
NEZ,6,64,15.32272720336914,1160,1160,1148,1148,12,100.0,98.96551724137932,1.0344827586206897,51,51,6,100.0,11.764705882352942,1,0,0,0
NEZ,7,128,15.32272720336914,1160,1160,1160,1160,0,100.0,100.0,0.0,51,51,0,100.0,0.0,472,0,133,0
PED,3,8,20.090120315551758,1682,146,337,49,97,8.680142687277051,33.56164383561644,66.43835616438356,73,59,51,80.82191780821918,69.86301369863014,0,0,0,0
PED,4,16,20.090120315551758,1682,175,589,79,96,10.404280618311534,45.142857142857146,54.857142857142854,73,64,54,87.67123287671232,73.97260273972603,0,0,0,0
PED,5,32,20.090120315551758,1682,431,1413,321,110,25.62425683709869,74.47795823665894,25.52204176334107,73,71,48,97.26027397260275,65.75342465753425,5,0,0,0
PED,6,64,20.090120315551758,1682,1682,1674,1674,8,100.0,99.5243757431629,0.4756242568370987,73,72,5,98.63013698630137,6.8493150684931505,5,0,0,0
PED,7,128,20.090120315551758,1682,1682,1682,1682,0,100.0,100.0,0.0,73,72,0,98.63013698630137,0.0,743,0,210,0
SAC,3,8,19.09607696533203,1430,161,338,80,81,11.258741258741258,49.68944099378882,50.31055900621118,62,54,42,87.09677419354838,67.74193548387096,0,0,0,0
SAC,4,16,19.09607696533203,1430,149,436,74,75,10.41958041958042,49.66442953020134,50.33557046979866,62,55,43,88.70967741935483,69.35483870967742,0,0,0,0
SAC,5,32,19.09607696533203,1430,331,1212,273,58,23.146853146853147,82.4773413897281,17.522658610271904,62,61,31,98.38709677419355,50.0,3,0,0,0
SAC,6,64,19.09607696533203,1430,1430,1418,1418,12,100.0,99.16083916083916,0.8391608391608392,62,62,7,100.0,11.290322580645162,3,0,3,0
SAC,7,128,19.09607696533203,1430,1430,1430,1430,0,100.0,100.0,0.0,62,62,0,100.0,0.0,623,0,175,0
SAG,3,8,14.493707656860352,1511,101,314,36,65,6.684315023163468,35.64356435643565,64.35643564356435,68,50,39,73.52941176470588,57.35294117647059,0,0,0,0
SAG,4,16,14.493707656860352,1511,118,585,61,57,7.809397749834547,51.69491525423729,48.30508474576271,68,55,37,80.88235294117646,54.411764705882355,0,0,0,0
SAG,5,32,14.493707656860352,1511,269,1445,247,22,17.802779616148246,91.82156133828997,8.178438661710038,68,62,15,91.17647058823529,22.058823529411764,0,0,0,0
SAG,6,64,14.493707656860352,1511,1511,1511,1511,0,100.0,100.0,0.0,68,67,0,98.52941176470588,0.0,0,0,0,0
SAG,7,128,14.493707656860352,1511,1511,1511,1511,0,100.0,100.0,0.0,68,67,0,98.52941176470588,0.0,524,0,96,0
TLA,3,8,20.43739128112793,1675,131,245,38,93,7.82089552238806,29.00763358778626,70.99236641221374,73,59,53,80.82191780821918,72.6027397260274,0,0,0,0
TLA,4,16,20.43739128112793,1675,131,503,56,75,7.82089552238806,42.74809160305343,57.25190839694657,73,61,45,83.56164383561644,61.64383561643836,0,0,0,0
TLA,5,32,20.43739128112793,1675,301,1482,243,58,17.970149253731343,80.73089700996678,19.269102990033222,73,68,33,93.15068493150685,45.205479452054796,0,0,0,0
TLA,6,64,20.43739128112793,1675,1675,1669,1669,6,100.0,99.64179104477611,0.3582089552238806,73,72,3,98.63013698630137,4.109589041095891,0,0,0,0
TLA,7,128,20.43739128112793,1675,1675,1675,1675,0,100.0,100.0,0.0,73,72,0,98.63013698630137,0.0,565,0,123,0
TLI,3,8,16.532493591308594,1664,128,295,44,84,7.6923076923076925,34.375,65.625,73,56,47,76.71232876712328,64.38356164383562,0,0,0,0
TLI,4,16,16.532493591308594,1664,130,697,70,60,7.8125,53.84615384615385,46.15384615384615,73,57,36,78.08219178082192,49.31506849315068,0,0,0,0
TLI,5,32,16.532493591308594,1664,297,1563,249,48,17.848557692307693,83.83838383838383,16.161616161616163,73,67,26,91.78082191780823,35.61643835616438,0,0,0,0
TLI,6,64,16.532493591308594,1664,1664,1664,1664,0,100.0,100.0,0.0,73,72,0,98.63013698630137,0.0,0,0,0,0
TLI,7,128,16.532493591308594,1664,1664,1664,1664,0,100.0,100.0,0.0,73,72,0,98.63013698630137,0.0,556,0,128,0
UAX,3,8,28.50927734375,1153,107,90,22,85,9.280138768430183,20.560747663551403,79.4392523364486,51,42,40,82.3529411764706,78.43137254901961,0,0,0,0
UAX,4,16,28.50927734375,1153,104,154,33,71,9.019947961838682,31.73076923076923,68.26923076923077,51,43,39,84.31372549019608,76.47058823529412,0,0,0,0
UAX,5,32,28.50927734375,1153,256,725,179,77,22.20294882914137,69.921875,30.078125,51,48,37,94.11764705882354,72.54901960784314,7,0,0,0
UAX,6,64,28.50927734375,1153,1153,1119,1119,34,100.0,97.05117085862966,2.9488291413703385,51,50,14,98.03921568627452,27.45098039215686,7,0,1,0
UAX,7,128,28.50927734375,1153,1153,1153,1153,0,100.0,100.0,0.0,51,50,0,98.03921568627452,0.0,453,0,142,0
UIZ,3,8,17.005664825439453,1334,104,248,39,65,7.796101949025488,37.5,62.5,60,48,40,80.0,66.66666666666667,0,0,0,0
UIZ,4,16,17.005664825439453,1334,117,530,61,56,8.770614692653673,52.136752136752136,47.863247863247864,60,48,35,80.0,58.333333333333336,0,0,0,0
UIZ,5,32,17.005664825439453,1334,263,1200,216,47,19.715142428785608,82.12927756653993,17.870722433460077,60,55,29,91.66666666666667,48.333333333333336,0,0,0,0
UIZ,6,64,17.005664825439453,1334,1334,1334,1334,0,100.0,100.0,0.0,60,59,0,98.33333333333333,0.0,0,0,0,0
UIZ,7,128,17.005664825439453,1334,1334,1334,1334,0,100.0,100.0,0.0,60,59,0,98.33333333333333,0.0,476,0,124,0
VIF,3,8,14.660818099975586,1568,127,337,46,81,8.099489795918368,36.22047244094488,63.77952755905512,69,54,41,78.26086956521739,59.42028985507246,0,0,0,0
VIF,4,16,14.660818099975586,1568,135,816,72,63,8.60969387755102,53.333333333333336,46.666666666666664,69,57,41,82.6086956521739,59.42028985507246,0,0,0,0
VIF,5,32,14.660818099975586,1568,255,1518,242,13,16.262755102040817,94.90196078431373,5.098039215686274,69,60,10,86.95652173913044,14.492753623188406,0,0,0,0
VIF,6,64,14.660818099975586,1568,1568,1568,1568,0,100.0,100.0,0.0,69,68,0,98.55072463768116,0.0,0,0,0,0
VIF,7,128,14.660818099975586,1568,1568,1568,1568,0,100.0,100.0,0.0,69,68,0,98.55072463768116,0.0,558,0,101,0
XAL,3,8,14.027103424072266,371,23,107,15,8,6.199460916442049,65.21739130434783,34.78260869565217,16,11,7,68.75,43.75,0,0,0,0
XAL,4,16,14.027103424072266,371,29,242,20,9,7.816711590296496,68.96551724137932,31.03448275862069,16,14,7,87.5,43.75,0,0,0,0
XAL,5,32,14.027103424072266,371,46,343,41,5,12.398921832884097,89.1304347826087,10.869565217391305,16,16,4,100.0,25.0,0,0,0,0
XAL,6,64,14.027103424072266,371,371,370,370,1,100.0,99.73045822102426,0.2695417789757412,16,16,1,100.0,6.25,0,0,0,0
XAL,7,128,14.027103424072266,371,371,371,371,0,100.0,100.0,0.0,16,16,0,100.0,0.0,114,0,10,0
