familia,anio,bit,delta_ppb,estacion,mensajes,atacados,tp,fp,fn,tn,recall_pct,precision_pct,f2_pct,fpr_pct
knn,2024,3,8,AJM,8051,405,44,535,361,7111,10.864197530864198,7.599309153713299,10.004547521600728,6.997122678524719
knn,2024,3,8,AJU,8204,407,33,632,374,7165,8.108108108108109,4.962406015037594,7.1958133449629305,8.105681672438116
knn,2024,3,8,ATI,6858,349,53,709,296,5800,15.18624641833811,6.955380577427822,12.279888785912883,10.892610231986481
knn,2024,3,8,BJU,6361,326,57,539,269,5496,17.484662576687118,9.563758389261745,15.0,8.931234465617234
knn,2024,3,8,CAM,6406,317,26,366,291,5723,8.201892744479496,6.63265306122449,7.831325301204819,6.010839218262441
knn,2024,3,8,CCA,8166,410,45,523,365,7233,10.975609756097562,7.922535211267606,10.190217391304348,6.743166580711707
knn,2024,3,8,CHO,5201,264,45,544,219,4393,17.045454545454547,7.6400679117147705,13.677811550151976,11.018837350617783
knn,2024,3,8,CUA,7673,380,29,482,351,6811,7.631578947368421,5.675146771037182,7.139340226489414,6.609077197312492
knn,2024,3,8,CUT,7223,366,39,492,327,6365,10.655737704918034,7.344632768361582,9.774436090225564,7.175149482280881
knn,2024,3,8,FAC,7560,373,15,267,358,6920,4.021447721179625,5.319148936170213,4.227733934611049,3.715041046333658
knn,2024,3,8,FAR,6324,336,49,572,287,5416,14.583333333333334,7.890499194847021,12.468193384223918,9.55243820975284
knn,2024,3,8,GAM,5250,260,22,324,238,4666,8.461538461538462,6.358381502890174,7.936507936507937,6.492985971943888
knn,2024,3,8,INN,6725,350,61,635,289,5740,17.428571428571427,8.764367816091953,14.551526717557252,9.96078431372549
knn,2024,3,8,IZT,8235,414,45,607,369,7214,10.869565217391305,6.901840490797546,9.748700173310226,7.761155862421686
knn,2024,3,8,LLA,7061,353,35,448,318,6260,9.91501416430595,7.246376811594203,9.234828496042216,6.678592725104353
knn,2024,3,8,LPR,7437,381,40,447,341,6609,10.498687664041995,8.213552361396303,9.945300845350571,6.335034013605442
knn,2024,3,8,MER,7790,388,39,495,349,6907,10.051546391752577,7.303370786516854,9.348034515819752,6.687381788705755
knn,2024,3,8,MGH,8220,409,37,499,372,7312,9.04645476772616,6.902985074626866,8.517495395948435,6.388426577902957
knn,2024,3,8,MON,6935,349,27,362,322,6224,7.736389684813753,6.940874035989717,7.563025210084033,5.496507743698755
knn,2024,3,8,MPA,5562,274,39,513,235,4775,14.233576642335766,7.065217391304348,11.83252427184466,9.701210287443267
knn,2024,3,8,NEZ,7120,368,22,296,346,6456,5.978260869565218,6.918238993710692,6.145251396648045,4.38388625592417
knn,2024,3,8,PED,7722,398,42,533,356,6791,10.552763819095478,7.304347826086956,9.690816797415783,7.277444019661387
knn,2024,3,8,SAC,6935,365,34,335,331,6235,9.315068493150685,9.214092140921409,9.294696555494806,5.098934550989346
knn,2024,3,8,SAG,6801,335,22,371,313,6095,6.567164179104478,5.597964376590331,6.3473744950952105,5.737704918032787
knn,2024,3,8,TAH,5692,295,34,286,261,5111,11.525423728813559,10.625,11.333333333333334,5.299240318695571
knn,2024,3,8,TLA,7055,360,21,355,339,6340,5.833333333333333,5.585106382978723,5.78193832599119,5.3024645257654965
knn,2024,3,8,TLI,7946,400,44,670,356,6876,11.0,6.162464985994398,9.507346585998272,8.878876225815
knn,2024,3,8,UAX,6171,309,22,442,287,5420,7.119741100323624,4.741379310344827,6.470588235294118,7.540088706925964
knn,2024,3,8,UIZ,7636,390,32,329,358,6917,8.205128205128204,8.86426592797784,8.328995314940135,4.540436102677339
knn,2024,3,8,VIF,6918,354,36,389,318,6175,10.169491525423728,8.470588235294118,9.77729494839761,5.926264472882389
