anio,zip,archivo,contaminante,bytes,fecha_en_zip,sha256
2020,20RAMA.zip,2020CO.xls,CO,2151424,2021-08-02 22:12:10,e136553f98db5dc0deb15e5a8dcf7fc84653924146a22dfa6ff1baf57d92bca6
2020,20RAMA.zip,2020NO.xls,NO,2223616,2021-08-02 17:46:06,55571f6b47577e6f3e8d378e155be336f63a3439d1b44c43ce42b490dfec0537
2020,20RAMA.zip,2020NO2.xls,NO2,2276864,2021-08-02 17:45:56,8591b818fe31e71adf8f4857e56f332ba780e7ca649705ef3e631d89633225d6
2020,20RAMA.zip,2020NOX.xls,NOX,2223616,2021-08-02 17:45:46,c98481960e45fec3e175acea27a8d7eb55c6943bc8ecfb0c95c761b127646e0b
2020,20RAMA.zip,2020O3.xls,O3,2330112,2021-08-02 17:45:36,5b0175714c61a83bc679cc366da34a0dbe824369f778448dc1840b70eb378722
2020,20RAMA.zip,2020PM10.xls,PM10,1852416,2021-08-02 17:45:26,1be5dfd5fb824656607baa7754e1f06c1761e4973294c4cb838ed6c22ae240b9
2020,20RAMA.zip,2020PM25.xls,PM25,1692672,2021-08-02 17:45:18,ea3a57edb8c3c4f67b9da4828cc52ba1f97a6b9fc5f47dac3350a93517ebb2a3
2020,20RAMA.zip,2020PMCO.xls,PMCO,1320960,2021-08-02 17:45:06,23e7a170b46ea197311cbd764dc1123eeddb7cd551fd5a737c29723e9fc0f785
2020,20RAMA.zip,2020SO2.xls,SO2,2170880,2021-08-02 17:44:36,9d285afe1388394c31142a867064a4413d91f4daa8ceec4a5930c66ce676c00f
2021,21RAMA.zip,2021CO.xls,CO,2545664,2022-06-02 15:21:12,25ce123d424b94703d75b05d7d597cd283ab222585e10593f4b807ca665de3f3
2021,21RAMA.zip,2021NO.xls,NO,2270720,2022-06-02 15:21:02,5e4cf06b91a7e2bb00d212cbd116f71d2d439d628fcdce305f842e5d007f4ce7
2021,21RAMA.zip,2021NO2.xls,NO2,2323968,2022-06-02 15:20:52,59c63908de2b4ff703c25cd918380bf85a63a59438d4b27b8bae4ebd0e9c6238
2021,21RAMA.zip,2021NOX.xls,NOX,2270720,2022-06-02 15:20:36,f7435563a23ed1368f34c100181425f4d2ed155ddd721ec3f6711073f9ec18dc
2021,21RAMA.zip,2021O3.xls,O3,2323968,2022-06-02 15:20:26,63fecdd1f74d7a3bfc4e2cc17a168e26b504ba60c0f649fb9bf3a64b6ba87f0c
2021,21RAMA.zip,2021PM10.xls,PM10,1900032,2022-06-02 15:20:12,8960bc71b90f120884c7381d20e1c8a26844c94ff4de0e557cda0a6cc920cc8d
2021,21RAMA.zip,2021PM25.xls,PM25,1688064,2022-06-02 15:20:02,57fa43080980ee7c94a37154914b5a9da835d5b48bb95a3dc30453ed523d7480
2021,21RAMA.zip,2021PMCO.xls,PMCO,1317376,2022-06-02 15:19:52,f3aecb46ccec921b2755f6fa756efed692428dc898636a7317b5270afb9cbfd7
2021,21RAMA.zip,2021SO2.xls,SO2,2165248,2022-06-02 15:19:30,edb163eab836c563bc214a5d8f572c91e67dd5a28147458982d0d10f17ebf749
2022,22RAMA.zip,2022CO.xls,CO,2618880,2023-04-13 19:15:42,c3193fc8942e68f8fc1929743fcd2a9c0104437297da914886150bd4e59f1303
2022,22RAMA.zip,2022NO.xls,NO,2270720,2023-04-13 19:15:32,ea891556528110be347be148c86fd7a06c8b0456ec4f910f14a040b08a19b3b7
2022,22RAMA.zip,2022NO2.xls,NO2,2323968,2023-04-13 19:15:20,8de2e845a338a6e96894d5aac49bb386fd5e45552d12204fbfc4af3bb133d17b
2022,22RAMA.zip,2022NOX.xls,NOX,2270720,2023-04-13 19:15:06,b6c3cf1f91355f7db9c5f5594c2c3ae43f724145e2b307180f331d95364a8aaa
2022,22RAMA.zip,2022O3.xls,O3,2323968,2023-04-13 19:14:52,994657201f8ffb46ba49e5d77a3a283f01d5441ad0022754fde36c24c0eb273a
2022,22RAMA.zip,2022PM10.xls,PM10,1900032,2023-04-13 19:14:42,563cb150bb58745b2b2f1d87873834587f8523a5471674d10fe20d394ca06849
2022,22RAMA.zip,2022PM25.xls,PM25,1688064,2023-04-13 19:14:30,28c4a61640d65d6431be0984e4ac805d19832b4c9a1b6346e5f97b19f92056d6
2022,22RAMA.zip,2022PMCO.xls,PMCO,1317376,2023-04-13 19:15:54,cf7c50365854b14618de62371edbc7d83aa739066560b70c85dcceabc712982c
2022,22RAMA.zip,2022SO2.xls,SO2,2165248,2023-04-13 19:16:32,0fc701ff98b839aba55c25f0d63c25a4f3ee5bfaf88328f5e201d99955f052ad
2023,23RAMA.zip,2023CO.xls,CO,2557440,2024-04-29 11:24:58,2cd4c803144d3599205923aee6cbf5de95251274844244daf4298f35aaec4344
2023,23RAMA.zip,2023NO.xls,NO,2059264,2024-04-29 11:24:50,179b5254de1f01856b194c5f7e628e0fb6ba56224a85f8fd33a3b9c2268b28e1
2023,23RAMA.zip,2023NO2.xls,NO2,2217984,2024-04-29 11:24:44,a60b5070a3eadb80168f42f697e818a0e60fca4f5e18e3ad48df580ce6d31731
2023,23RAMA.zip,2023NOX.xls,NOX,2059264,2024-04-29 11:24:36,428910ea4f7372fde563489f0315b4598117e6c55ea8f2c60385ae551ea3b3bd
2023,23RAMA.zip,2023O3.xls,O3,2217984,2024-04-29 11:24:26,eb6b8568dff9d89069f98b94c359eec9a61b64910696cf48bf57124b286d6a08
2023,23RAMA.zip,2023PM10.xls,PM10,1794048,2024-11-27 14:53:24,1e1e78c4879f502279ec5ee5f614fad86065ff87a4b4fa18fc550f2bee133089
2023,23RAMA.zip,2023PM25.xls,PM25,1582080,2024-04-29 11:24:06,d510015b15bee7b04419ebca051e064894dbd6d75abe30e1873b7c4af88bd1ca
2023,23RAMA.zip,2023PMCO.xls,PMCO,1211392,2024-04-29 11:24:00,40a7cd9479eee4b26cae4fab4494f0078e1b2bd8ece999b097cfc03d398326e8
2023,23RAMA.zip,2023SO2.xls,SO2,2112000,2024-04-29 11:23:44,afffe55dd3bf969c176efbe76167e30481fe38a84715317818d20c5504a5b352
2024,24RAMA.zip,2024CO.xls,CO,2575872,2026-03-20 12:09:58,40db04cca530c3da054a7c4a35f2479729427d4476f492ca446f7e50602675f6
2024,24RAMA.zip,2024NO.xls,NO,2305536,2026-03-20 12:19:38,d808db62d3db96254c6e0ed93eebc0a1a108b57c2764d8a1a1151db4f660a71e
2024,24RAMA.zip,2024NO2.xls,NO2,2352640,2026-03-20 12:18:56,14b518fe6e44fcc346dc7aee2218e75b65cf40c60e5a1538a60ed3c61e10342a
2024,24RAMA.zip,2024NOX.xls,NOX,2288640,2026-03-20 12:18:10,5053297c3d8f6d983b245baed3af2052528da298b6ad01f4c8f66794b6703f59
2024,24RAMA.zip,2024O3.xls,O3,2328064,2026-03-20 12:14:02,57e6011cc1d3909d220c3c6f1ecd716f0ef463fff718126a7ccd81e8744dcfc0
2024,24RAMA.zip,2024PM10.xls,PM10,1903104,2026-03-20 12:38:56,b0f8850b49484de988d3eec22cd4217881614bcf279a922104d863547b1cc172
2024,24RAMA.zip,2024PM25.xls,PM25,1690112,2026-03-20 12:13:04,77bcf94d77aca93375b5bd3824247bca41bec8fb8d115a545faf1bc3bd58220c
2024,24RAMA.zip,2024PMCO.xls,PMCO,1318400,2026-03-20 12:12:06,135d0868d96a7ea4005d3b568c9ce13b431dc4d0a30d2183d2a252a37154c1ba
2024,24RAMA.zip,2024SO2.xls,SO2,2191872,2026-04-09 15:17:44,19136410cd31676a8ee5f7f30ff0521fb410bdd42309dd24314fc555f968896e
2025,25RAMA.zip,2025CO.xls,CO,2586112,2026-01-27 12:51:06,28925295cd05ebfa40c5371ae66a0cf613dfdd3d813c8d88f19d5dc4bb30c615
2025,25RAMA.zip,2025NO.xls,NO,2057216,2026-05-13 11:15:10,d213b38df093d05ba480cb854d8f46ec707d63bf52f9e6bf899037e27ed36a82
2025,25RAMA.zip,2025NO2.xls,NO2,2321920,2026-01-27 12:50:46,5fe11d38b70cb86279420c352d39d0bf218b5c58483ce418539055d1a1978174
2025,25RAMA.zip,2025NOX.xls,NOX,2268672,2026-05-13 11:18:14,e7ca8069ea6e38c38fa80881bb02036fdec1eb548b1db19ae5da12bdb13fc1b5
2025,25RAMA.zip,2025O3.xls,O3,2321920,2026-01-27 12:50:26,91c11b286ba44f8254ca74e0948e22f2a3ff46b12728ef9175141f1fb026a37f
2025,25RAMA.zip,2025PM10.xls,PM10,1792000,2026-01-27 12:49:26,1605aeaaa87757fbced34ba0abfea341e6b22b26bc1d3f08782da0134602887b
2025,25RAMA.zip,2025PM25.xls,PM25,1580032,2026-05-13 11:20:18,f8510d9cf39a1aca0112b8073177fdc00b34caf95a2024aa9a8bab9b0c9e11c6
2025,25RAMA.zip,2025PMCO.xls,PMCO,1209344,2026-01-27 12:49:10,560ea1eef1d65fccf56e3b1bfeb76d65a98e2e2420ccfb69c352bc826ff88dd3
2025,25RAMA.zip,2025SO2.xls,SO2,2162688,2026-01-27 12:48:52,df9778f16ed4bb1071eb74c8daef04a2851b76eb587fa03d047a3acf4f062315
2026,26RAMA.zip,2026CO.xls,CO,1509376,2026-08-25 14:43:28,e92c791d9ee9ef4de3f6210091d8ce79f83894fe3d921a3aa7d89971f23ae216
2026,26RAMA.zip,2026NO.xls,NO,1204736,2026-08-25 14:43:22,dd5288b5798383a62234090940ccf22630f6cdf37b12fa7cdb63bd134c6a91f0
2026,26RAMA.zip,2026NO2.xls,NO2,1358336,2026-08-25 14:43:14,e3c061aaa189fe3a5e098da46eafa3553f4e2640688b6e312690a1b65ba20978
2026,26RAMA.zip,2026NOX.xls,NOX,1327616,2026-08-25 14:43:06,d836efc170bf3ee1b9316119c49b515da3d9dd286fb94d8f6d7e2eb4c688d99d
2026,26RAMA.zip,2026O3.xls,O3,1358336,2026-08-25 14:42:58,5adc51ae739fd33491e9b8616c2cd37c7d68455d8c89783cc2092e301b8e92ab
2026,26RAMA.zip,2026PM10.xls,PM10,1050624,2026-08-25 14:42:50,13f0a3fe205395ba10ac631aca9c093edd16595fa50251061cd92630e68b20c2
2026,26RAMA.zip,2026PM25.xls,PM25,927232,2026-08-25 14:42:26,23bd0a4b28be5ad90fdf771ee308abc416e1ccc916af68177ab4d3b936438048
2026,26RAMA.zip,2026PMCO.xls,PMCO,711680,2026-08-25 14:42:18,9a4925bd2c0f7f0a51205d620cb933eb08572486482d18c737b0fdb011bfd1f2
2026,26RAMA.zip,2026SO2.xls,SO2,1266176,2026-08-25 14:42:02,d9763530e2f7f2081b6574fb7c91b7b0d7f2525ff00e0267820e2b1d00694725
