station,2020,2021,2022,2023,2024,2025,2026
ACO,0.0,75.5,77.61,77.0,0.0,65.18,77.08
AJM,28.35,0.0,53.41,79.12,91.66,88.64,80.42
AJU,52.5,59.79,58.97,93.76,93.4,27.65,0.0
ATI,92.78,88.5,85.75,56.99,78.07,86.59,90.74
BJU,93.4,91.93,86.56,91.67,72.42,54.84,86.22
CAM,94.73,94.61,75.18,72.56,72.93,90.45,65.68
CCA,95.26,89.49,95.23,93.11,92.96,96.93,92.9
CHO,0.0,72.04,77.39,83.49,59.21,34.34,0.0
COY,0.0,0.0,0.0,,0.0,0.0,0.0
CUA,50.07,65.11,93.03,94.01,87.35,49.78,66.65
CUT,82.47,84.12,88.25,84.0,82.23,92.4,92.08
FAC,95.03,90.19,89.59,93.37,86.07,86.38,92.08
FAR,92.78,73.06,93.03,88.38,71.99,70.89,0.0
GAM,81.33,89.37,93.57,64.7,59.77,73.29,94.44
HGM,55.82,0.0,0.0,45.72,75.99,93.2,86.54
INN,95.07,89.81,87.58,33.68,76.56,86.83,84.26
IZT,57.1,56.11,72.21,86.42,93.75,53.22,61.24
LLA,63.42,44.05,86.77,81.6,80.38,89.03,91.75
LPR,59.74,94.26,90.84,95.91,84.67,88.63,89.86
MER,93.53,96.56,90.01,86.04,88.68,84.17,92.45
MGH,88.33,96.5,94.73,89.44,93.58,90.39,95.93
MON,79.43,75.96,77.88,84.14,78.95,60.51,76.79
MPA,63.43,66.84,71.29,85.5,63.32,65.39,45.32
NEZ,95.33,80.22,89.49,85.72,81.06,73.64,84.83
PED,94.97,90.13,74.11,76.92,87.91,93.12,93.22
SAC,90.6,88.8,83.85,72.6,78.95,55.55,71.32
SAG,86.93,78.89,95.22,76.29,77.42,89.78,60.89
SFE,89.52,80.05,71.35,0.0,0.0,0.0,0.0
SJA,0.0,0.0,0.0,,0.0,0.0,0.0
TAH,94.57,74.27,86.5,59.0,64.8,63.74,78.11
TLA,94.54,94.77,87.19,79.37,80.32,92.25,83.2
TLI,21.08,61.54,52.49,17.23,90.46,87.51,81.35
UAX,95.55,91.05,85.88,82.07,70.25,77.58,91.96
UIZ,94.3,77.51,87.69,76.71,86.93,88.09,95.52
VIF,92.47,69.28,91.55,86.84,78.76,87.36,84.49
XAL,0.0,0.0,0.0,65.8,63.47,60.64,59.02
