anio,contaminante,encabezado_ok,n_estaciones,filas,horas_esperadas,filas_faltantes,duplicados,hora_min,hora_max,desde,hasta,pct_centinela,nan_reales,con_decimales,otros_negativos,valores_otros_neg,maximo
2020,CO,True,32,8784,8784,0,0,1,24,2020-01-01,2020-12-31,31.25,0,True,0,[],4.6
2020,NO,True,34,8784,8784,0,0,1,24,2020-01-01,2020-12-31,44.16,0,False,0,[],456.0
2020,NO2,True,35,8784,8784,0,0,1,24,2020-01-01,2020-12-31,36.15,0,False,0,[],118.0
2020,NOX,True,34,8784,8784,0,0,1,24,2020-01-01,2020-12-31,44.16,0,False,0,[],509.0
2020,O3,True,36,8784,8784,0,0,1,24,2020-01-01,2020-12-31,31.54,0,False,0,[],159.0
2020,PM10,True,27,8784,8784,0,0,1,24,2020-01-01,2020-12-31,49.66,0,False,0,[],615.0
2020,PM25,True,24,8784,8784,0,0,1,24,2020-01-01,2020-12-31,44.21,0,False,0,[],189.0
2020,PMCO,True,17,8784,8784,0,0,1,24,2020-01-01,2020-12-31,51.64,0,False,0,[],369.0
2020,SO2,True,33,8784,8784,0,0,1,24,2020-01-01,2020-12-31,31.36,0,False,0,[],170.0
2021,CO,True,32,8760,8760,0,0,1,24,2021-01-01,2021-12-31,31.34,0,True,3,[np.float64(-0.01)],4.51
2021,NO,True,35,8760,8760,0,0,1,24,2021-01-01,2021-12-31,46.33,0,False,0,[],431.0
2021,NO2,True,36,8760,8760,0,0,1,24,2021-01-01,2021-12-31,38.53,0,False,0,[],132.0
2021,NOX,True,35,8760,8760,0,0,1,24,2021-01-01,2021-12-31,46.33,0,False,0,[],498.0
2021,O3,True,36,8760,8760,0,0,1,24,2021-01-01,2021-12-31,31.1,0,False,0,[],160.0
2021,PM10,True,28,8760,8760,0,0,1,24,2021-01-01,2021-12-31,45.64,0,False,0,[],982.0
2021,PM25,True,24,8760,8760,0,0,1,24,2021-01-01,2021-12-31,44.67,0,False,0,[],256.0
2021,PMCO,True,17,8760,8760,0,0,1,24,2021-01-01,2021-12-31,52.87,0,False,0,[],763.0
2021,SO2,True,33,8760,8760,0,0,1,24,2021-01-01,2021-12-31,34.56,0,False,0,[],257.0
2022,CO,True,33,8760,8760,0,0,1,24,2022-01-01,2022-12-31,31.96,0,True,0,[],4.49
2022,NO,True,35,8760,8760,0,0,1,24,2022-01-01,2022-12-31,44.75,0,False,0,[],396.0
2022,NO2,True,36,8760,8760,0,0,1,24,2022-01-01,2022-12-31,36.56,0,False,0,[],131.0
2022,NOX,True,35,8760,8760,0,0,1,24,2022-01-01,2022-12-31,44.75,0,False,0,[],435.0
2022,O3,True,36,8760,8760,0,0,1,24,2022-01-01,2022-12-31,26.55,0,False,0,[],172.0
2022,PM10,True,28,8760,8760,0,0,1,24,2022-01-01,2022-12-31,41.73,0,False,0,[],773.0
2022,PM25,True,24,8760,8760,0,0,1,24,2022-01-01,2022-12-31,43.98,0,False,0,[],210.0
2022,PMCO,True,17,8760,8760,0,0,1,24,2022-01-01,2022-12-31,53.0,0,False,0,[],520.0
2022,SO2,True,33,8760,8760,0,0,1,24,2022-01-01,2022-12-31,31.6,0,False,0,[],150.0
2023,CO,True,32,8760,8760,0,0,1,24,2023-01-01,2023-12-31,28.67,0,True,13,"[np.float64(-0.04), np.float64(-0.03), np.float64(-0.02), np.float64(-0.01)]",4.95
2023,NO,True,31,8760,8760,0,0,1,24,2023-01-01,2023-12-31,39.57,0,False,0,[],439.0
2023,NO2,True,34,8760,8760,0,0,1,24,2023-01-01,2023-12-31,35.08,0,False,0,[],118.0
2023,NOX,True,31,8760,8760,0,0,1,24,2023-01-01,2023-12-31,39.57,0,False,0,[],491.0
2023,O3,True,34,8760,8760,0,0,1,24,2023-01-01,2023-12-31,25.32,0,False,0,[],171.0
2023,PM10,True,26,8760,8760,0,0,1,24,2023-01-01,2023-12-31,43.79,0,False,0,[],629.0
2023,PM25,True,22,8760,8760,0,0,1,24,2023-01-01,2023-12-31,41.59,0,False,0,[],269.0
2023,PMCO,True,15,8760,8760,0,0,1,24,2023-01-01,2023-12-31,50.73,0,False,0,[],238.0
2023,SO2,True,32,8760,8760,0,0,1,24,2023-01-01,2023-12-31,33.47,0,False,0,[],119.0
2024,CO,True,33,8782,8784,2,0,1,24,2024-01-01,2024-12-31,36.54,0,True,0,[],5.44
2024,NO,True,35,8782,8784,2,0,1,24,2024-01-01,2024-12-31,47.76,0,False,0,[],498.0
2024,NO2,True,36,8782,8784,2,0,1,24,2024-01-01,2024-12-31,42.11,0,False,0,[],140.0
2024,NOX,True,35,8782,8784,2,0,1,24,2024-01-01,2024-12-31,47.76,0,False,0,[],569.0
2024,O3,True,36,8782,8784,2,0,1,24,2024-01-01,2024-12-31,29.31,0,False,0,[],187.0
2024,PM10,True,28,8782,8784,2,0,1,24,2024-01-01,2024-12-31,49.17,0,False,0,[],582.0
2024,PM25,True,24,8782,8784,2,0,1,24,2024-01-01,2024-12-31,49.77,0,False,0,[],312.0
2024,PMCO,True,17,8782,8784,2,0,1,24,2024-01-01,2024-12-31,52.29,0,False,0,[],304.0
2024,SO2,True,33,8782,8784,2,0,1,24,2024-01-01,2024-12-31,36.86,0,False,0,[],185.0
2025,CO,True,33,8760,8760,0,0,1,24,2025-01-01,2025-12-31,32.29,0,True,0,[],6.09
2025,NO,True,31,8760,8760,0,0,1,24,2025-01-01,2025-12-31,39.42,0,False,0,[],525.0
2025,NO2,True,36,8760,8760,0,0,1,24,2025-01-01,2025-12-31,40.09,0,False,0,[],120.0
2025,NOX,True,35,8760,8760,0,0,1,24,2025-01-01,2025-12-31,46.35,0,False,0,[],575.0
2025,O3,True,36,8760,8760,0,0,1,24,2025-01-01,2025-12-31,30.61,0,False,0,[],168.0
2025,PM10,True,26,8760,8760,0,0,1,24,2025-01-01,2025-12-31,43.84,0,False,0,[],442.0
2025,PM25,True,22,8760,8760,0,0,1,24,2025-01-01,2025-12-31,47.6,0,False,0,[],268.0
2025,PMCO,True,15,8760,8760,0,0,1,24,2025-01-01,2025-12-31,50.77,0,False,0,[],267.0
2025,SO2,True,33,8760,8760,0,0,1,24,2025-01-01,2025-12-31,33.93,0,False,0,[],247.0
2026,CO,True,33,5088,5088,0,0,1,24,2026-01-01,2026-07-31,33.83,0,True,0,[],5.16
2026,NO,True,31,5088,5088,0,0,1,24,2026-01-01,2026-07-31,37.13,0,False,2,[np.float64(-1.0)],423.0
2026,NO2,True,36,5088,5088,0,0,1,24,2026-01-01,2026-07-31,39.88,0,False,0,[],126.0
2026,NOX,True,35,5088,5088,0,0,1,24,2026-01-01,2026-07-31,44.31,0,False,0,[],474.0
2026,O3,True,36,5088,5088,0,0,1,24,2026-01-01,2026-07-31,32.05,0,False,0,[],168.0
2026,PM10,True,26,5088,5088,0,0,1,24,2026-01-01,2026-07-31,42.4,0,False,0,[],652.0
2026,PM25,True,22,5088,5088,0,0,1,24,2026-01-01,2026-07-31,47.53,0,False,0,[],349.0
2026,PMCO,True,15,5088,5088,0,0,1,24,2026-01-01,2026-07-31,52.61,0,False,0,[],174.0
2026,SO2,True,33,5088,5088,0,0,1,24,2026-01-01,2026-07-31,38.63,0,False,1,[np.float64(-1.0)],212.0
