estacion,bit,n_ataques,detectados,recall_pct
ACO,1,59,4,6.779661016949152
AJM,1,1671,241,14.422501496110113
ATI,1,1681,65,3.8667459845330163
BJU,1,478,82,17.154811715481173
CAM,1,1656,218,13.16425120772947
CCA,1,1684,377,22.387173396674584
CUA,1,1553,72,4.63618802318094
CUT,1,1604,236,14.713216957605985
FAC,1,1004,181,18.02788844621514
GAM,1,561,133,23.707664884135475
HGM,1,1671,316,18.91083183722322
INN,1,1562,194,12.419974391805377
LLA,1,1563,278,17.786308381317976
LPR,1,1661,228,13.726670680313063
MER,1,1601,186,11.617738913179263
MGH,1,1385,286,20.649819494584836
MPA,1,762,202,26.509186351706038
NEZ,1,1160,232,20.0
PED,1,1682,448,26.634958382877528
SAC,1,1430,376,26.293706293706293
SAG,1,1511,313,20.71475843812045
TLA,1,1675,330,19.701492537313435
TLI,1,1664,256,15.384615384615385
UAX,1,1153,117,10.147441457068517
UIZ,1,1334,66,4.94752623688156
VIF,1,1568,293,18.68622448979592
XAL,1,371,39,10.512129380053908
ACO,2,59,6,10.16949152542373
AJM,2,1671,258,15.439856373429084
ATI,2,1681,67,3.9857227840571086
BJU,2,478,92,19.246861924686193
CAM,2,1656,233,14.070048309178743
CCA,2,1684,413,24.524940617577197
CUA,2,1553,82,5.280103026400515
CUT,2,1604,253,15.773067331670823
FAC,2,1004,196,19.52191235059761
GAM,2,561,133,23.707664884135475
HGM,2,1671,356,21.30460801915021
INN,2,1562,213,13.636363636363635
LLA,2,1563,274,17.530390275111966
LPR,2,1661,244,14.68994581577363
MER,2,1601,187,11.680199875078076
MGH,2,1385,303,21.87725631768953
MPA,2,762,217,28.47769028871391
NEZ,2,1160,247,21.293103448275865
PED,2,1682,492,29.25089179548157
SAC,2,1430,385,26.923076923076923
SAG,2,1511,334,22.104566512243547
TLA,2,1675,364,21.73134328358209
TLI,2,1664,271,16.286057692307693
UAX,2,1153,127,11.014744145706851
UIZ,2,1334,66,4.94752623688156
VIF,2,1568,318,20.28061224489796
XAL,2,371,45,12.129380053908356
ACO,3,59,11,18.64406779661017
AJM,3,1671,343,20.526630760023938
ATI,3,1681,98,5.829863176680547
BJU,3,478,128,26.778242677824267
CAM,3,1656,282,17.02898550724638
CCA,3,1684,511,30.344418052256533
CUA,3,1553,110,7.083065035415325
CUT,3,1604,354,22.069825436408976
FAC,3,1004,243,24.203187250996017
GAM,3,561,138,24.598930481283425
HGM,3,1671,446,26.690604428485937
INN,3,1562,276,17.6696542893726
LLA,3,1563,338,21.62507997440819
LPR,3,1661,326,19.62673088500903
MER,3,1601,239,14.928169893816365
MGH,3,1385,366,26.425992779783392
MPA,3,762,257,33.727034120734906
NEZ,3,1160,299,25.775862068965516
PED,3,1682,575,34.18549346016647
SAC,3,1430,419,29.3006993006993
SAG,3,1511,374,24.75181998676373
TLA,3,1675,425,25.37313432835821
TLI,3,1664,325,19.53125
UAX,3,1153,144,12.489158716392021
UIZ,3,1334,85,6.371814092953524
VIF,3,1568,391,24.93622448979592
XAL,3,371,55,14.824797843665769
ACO,4,59,37,62.71186440677966
AJM,4,1671,578,34.590065828845
ATI,4,1681,232,13.801308744794765
BJU,4,478,190,39.74895397489539
CAM,4,1656,652,39.371980676328505
CCA,4,1684,766,45.48693586698337
CUA,4,1553,247,15.904700579523503
CUT,4,1604,849,52.930174563591024
FAC,4,1004,410,40.83665338645419
GAM,4,561,295,52.584670231729056
HGM,4,1671,875,52.36385397965291
INN,4,1562,626,40.07682458386684
LLA,4,1563,498,31.861804222648754
LPR,4,1661,606,36.484045755568935
MER,4,1601,584,36.477201748906936
MGH,4,1385,766,55.30685920577617
MPA,4,762,409,53.674540682414694
NEZ,4,1160,623,53.706896551724135
PED,4,1682,831,49.40546967895363
SAC,4,1430,538,37.62237762237762
SAG,4,1511,632,41.82660489741893
TLA,4,1675,1002,59.820895522388064
TLI,4,1664,818,49.15865384615385
UAX,4,1153,241,20.901994796183867
UIZ,4,1334,164,12.293853073463268
VIF,4,1568,856,54.59183673469388
XAL,4,371,168,45.28301886792453
ACO,5,59,59,100.0
AJM,5,1671,1106,66.18791143028126
ATI,5,1681,1232,73.28970850684117
BJU,5,478,422,88.28451882845188
CAM,5,1656,1514,91.42512077294685
CCA,5,1684,1533,91.0332541567696
CUA,5,1553,798,51.38441725692209
CUT,5,1604,1525,95.07481296758104
FAC,5,1004,900,89.64143426294821
GAM,5,561,504,89.83957219251337
HGM,5,1671,1577,94.37462597247158
INN,5,1562,1369,87.64404609475032
LLA,5,1563,1416,90.59500959692899
LPR,5,1661,1555,93.61830222757375
MER,5,1601,1479,92.3797626483448
MGH,5,1385,1283,92.63537906137184
MPA,5,762,604,79.26509186351706
NEZ,5,1160,1065,91.8103448275862
PED,5,1682,1485,88.28775267538644
SAC,5,1430,1225,85.66433566433567
SAG,5,1511,1413,93.51422898742554
TLA,5,1675,1505,89.8507462686567
TLI,5,1664,1512,90.86538461538461
UAX,5,1153,864,74.93495229835212
UIZ,5,1334,934,70.01499250374813
VIF,5,1568,1484,94.64285714285714
XAL,5,371,325,87.6010781671159
ACO,6,59,59,100.0
AJM,6,1671,1643,98.3243566726511
ATI,6,1681,1661,98.81023200475907
BJU,6,478,470,98.32635983263597
CAM,6,1656,1646,99.39613526570048
CCA,6,1684,1677,99.58432304038006
CUA,6,1553,1517,97.68190598840954
CUT,6,1604,1604,100.0
FAC,6,1004,1002,99.800796812749
GAM,6,561,557,99.28698752228165
HGM,6,1671,1671,100.0
INN,6,1562,1556,99.61587708066581
LLA,6,1563,1560,99.80806142034548
LPR,6,1661,1658,99.81938591210114
MER,6,1601,1598,99.81261711430356
MGH,6,1385,1377,99.42238267148015
MPA,6,762,744,97.63779527559055
NEZ,6,1160,1160,100.0
PED,6,1682,1668,99.16765755053508
SAC,6,1430,1414,98.88111888111888
SAG,6,1511,1510,99.933818663137
TLA,6,1675,1671,99.76119402985074
TLI,6,1664,1664,100.0
UAX,6,1153,1129,97.918473547268
UIZ,6,1334,1310,98.20089955022489
VIF,6,1568,1568,100.0
XAL,6,371,369,99.46091644204851
ACO,7,59,59,100.0
AJM,7,1671,1671,100.0
ATI,7,1681,1681,100.0
BJU,7,478,478,100.0
CAM,7,1656,1656,100.0
CCA,7,1684,1684,100.0
CUA,7,1553,1553,100.0
CUT,7,1604,1604,100.0
FAC,7,1004,1004,100.0
GAM,7,561,561,100.0
HGM,7,1671,1671,100.0
INN,7,1562,1562,100.0
LLA,7,1563,1563,100.0
LPR,7,1661,1661,100.0
MER,7,1601,1601,100.0
MGH,7,1385,1385,100.0
MPA,7,762,762,100.0
NEZ,7,1160,1160,100.0
PED,7,1682,1682,100.0
SAC,7,1430,1430,100.0
SAG,7,1511,1511,100.0
TLA,7,1675,1675,100.0
TLI,7,1664,1664,100.0
UAX,7,1153,1153,100.0
UIZ,7,1334,1334,100.0
VIF,7,1568,1568,100.0
XAL,7,371,371,100.0
