estacion,umbral_ppb,n_train,n_test,n_features,epocas,mae_ppb,sesgo_ppb,fp_limpio,fpr_limpio_pct,segundos
ACO,13.772561073303223,5630,59,66,22,4.846146583557129,-2.219935417175293,4,6.779661016949152,12.019567598000322
AJM,22.157569885253906,6049,1671,66,14,12.059967994689941,-1.9742015600204468,242,14.482345900658288,10.48065849500017
ATI,26.957855224609375,5856,1681,66,9,8.829327583312988,2.2427406311035156,61,3.6287923854848305,6.540935967000223
BJU,20.659671783447266,4326,478,66,18,12.280871391296387,9.656621932983398,80,16.736401673640167,8.567069499999889
CAM,17.370346069335938,6222,1656,66,18,7.932360649108887,-0.5069270730018616,213,12.862318840579709,11.523400175999996
CCA,14.7483549118042,6764,1684,66,30,10.253996849060059,-1.9580918550491333,360,21.377672209026127,18.69884900299985
CUA,29.444459915161133,2784,1553,66,11,11.1268310546875,1.8310158252716064,73,4.700579523502898,4.697460309999769
CUT,15.628312110900879,6445,1604,66,22,8.14630126953125,3.2596018314361572,227,14.15211970074813,13.685694864999277
FAC,16.845876693725586,6518,1004,66,17,9.70643138885498,1.6962769031524658,177,17.62948207171315,11.369279800000186
GAM,19.225990295410156,5838,561,66,14,12.31396198272705,10.089550018310547,126,22.459893048128343,8.825723539999672
HGM,14.035392761230469,6448,1671,66,28,8.531940460205078,0.042206376791000366,307,18.372232196289648,17.355488797000362
INN,18.037071228027344,6001,1562,66,11,8.936744689941406,-1.9199098348617554,179,11.45966709346991,7.096752077000019
LLA,15.829898834228516,6202,1563,66,21,8.764698028564453,-4.9613423347473145,269,17.210492642354446,14.424108517000604
LPR,15.626949310302734,6058,1661,66,15,8.355957984924316,-0.2903916835784912,221,13.305237808549068,9.712899894000657
MER,18.30265235900879,5727,1601,66,13,7.899258613586426,0.47960197925567627,178,11.118051217988757,8.426659785999618
MGH,15.193194389343262,6509,1385,66,29,9.192317008972168,0.547562301158905,272,19.63898916967509,18.021972898999593
MPA,18.112411499023438,4966,762,66,16,13.894329071044922,-7.174583435058594,203,26.64041994750656,8.70796331100064
NEZ,16.05935287475586,5267,1160,66,18,9.488716125488281,3.5774779319763184,225,19.396551724137932,10.007744114999696
PED,16.02446746826172,6436,1682,66,35,12.068475723266602,0.7360761165618896,443,26.337693222354343,24.62928331100011
SAC,17.8196964263916,3412,1430,66,25,12.523508071899414,7.587423324584961,381,26.64335664335664,9.513055354999779
SAG,14.162506103515625,6333,1511,66,25,9.480399131774902,-2.407815456390381,314,20.78093977498345,15.701238083000135
TLA,16.62640380859375,6362,1675,66,15,9.897651672363281,5.576018333435059,323,19.28358208955224,10.404752542000097
TLI,17.458091735839844,5957,1664,66,14,8.907256126403809,2.6286916732788086,247,14.84375,9.029345517000365
UAX,23.46874237060547,5605,1153,66,12,10.668457984924316,0.1888771802186966,122,10.581092801387685,7.764210762999937
UIZ,27.24694061279297,6338,1334,66,10,8.574707984924316,-0.7198612689971924,58,4.3478260869565215,7.501582998000231
VIF,14.58456802368164,6040,1568,66,19,8.52082633972168,0.818774938583374,294,18.75,11.859561249000762
XAL,19.97602081298828,4941,371,66,12,9.173177719116211,6.776901721954346,43,11.590296495956872,6.980341507999583
